"","date","actn","actp","chlorophyll","DO","rainfall","salinity","temperature","meanstage","acflow","acmaxstage","acminstage"
"1",2016-01-02,234.29,2.38,13.249,NA,0.02,NA,NA,-0.398,66.9,-0.27,-0.54
"2",2016-01-05,275.71,2.63,18.949,NA,0,NA,NA,-0.9,93.7,-0.78,-1.12
"3",2016-01-08,240.71,1.79,12.537,NA,0,NA,NA,0.067,-83.5,0.09,-0.21
"4",2016-01-11,297.14,1.35,13.926,NA,0.09,NA,NA,-0.391,94.8,-0.22,-0.72
"5",2016-01-14,275,2.59,17.587,NA,0.06,NA,NA,-0.36,13.7,-0.1,-0.72
"6",2016-01-17,295.71,3.32,16.767,NA,0.11,NA,NA,0.425,-71.3,0.85,-0.13
"7",2016-01-20,255,2.5,21.158,NA,0,NA,NA,-1.49,110,-1.13,-1.18
"8",2016-01-23,258.57,2.87,28.811,NA,0.02,NA,NA,-0.1,0.99,0.3,-0.63
"9",2016-01-25,257.14,3.26,22.701,NA,0,NA,NA,-0.672,94,-0.65,-0.81
"10",2016-01-27,219.29,1.92,12.314,NA,1.15,NA,NA,0.082,-54.7,0.32,-0.3
"11",2016-01-30,170,2.53,16.577,7.58,0,23.086,18.216,-0.544,108,-0.39,-0.71
"12",2016-02-02,210.71,2.43,8.004,5.22,0,28.076,24.001,-0.168,51.6,0,-0.4
"13",2016-02-05,190,2.91,25.914,6.61,0.17,22.714,20.427,-0.83,95.9,0.19,-1.1
"14",2016-02-08,217.14,2.89,15.507,7.397,0,17.897,15.412,-0.387,29.7,-0.25,-0.96
"15",2016-02-10,268.57,3.29,11.138,6.98,0,23.578,17.511,-0.166,30,0.07,-0.62
"16",2016-02-13,257.86,5.04,16.283,7.814,0,19.488,19.493,-0.59,63.9,-0.45,-0.86
"17",2016-02-16,241.43,3.49,9.756,6.809,0.07,26.347,22.11,-0.147,-21.5,0.03,-0.45
"18",2016-02-19,241.43,3.25,18.95,6.437,0,20.008,20.218,-1.021,83,-0.94,-1.2
"19",2016-02-22,258.57,2.84,7.136,4.988,0,30.505,23.07,-0.461,-14.1,-0.3,-0.88
"20",2016-02-25,275.71,3.09,10.541,5.529,0,29.407,22.385,-0.631,101,-0.15,-0.95
"21",2016-02-28,282.86,3.65,16.423,7.947,0,20.901,17.547,-1.031,73.1,-0.89,-1.21
"22",2016-03-02,277.14,3.25,18.349,5.932,0,25.898,25.475,-0.754,31.2,-0.68,-0.96
"23",2016-03-05,290,3.2,22.443,5.67,0,22.586,23.261,-0.789,39.9,-0.73,-1
"24",2016-03-08,265.71,2.75,9.388,5.603,0,32.431,21.971,-0.623,3.75,-0.57,-0.93
"25",2016-03-11,285,1.97,12.307,5.317,0,33.885,24.205,-0.298,-13.4,-0.32,-0.6
"26",2016-03-14,257.14,2.5,27.831,5.342,0,32.057,27.293,-0.328,-11.9,-0.28,-0.6
"27",2016-03-17,274.29,3.49,34.761,5.141,0,32.397,28.252,-0.55,7.88,-0.58,-0.91
"28",2016-03-20,322.86,3.58,20.887,3.921,0.11,34.664,27.123,-0.017,-62.6,0.03,-0.46
"29",2016-03-22,326.43,4.07,36.747,6.618,0,32.721,18.857,-1.163,80,-1.1,-1.32
"30",2016-03-25,292.14,3.34,20.898,4.554,1.01,34.729,26.517,-0.299,-35.3,-0.28,-0.68
"31",2016-03-28,289.29,3.21,38.923,4.37,0,35.828,28.869,-0.485,15.8,-0.51,-0.72
"32",2016-03-31,300.71,3.76,31.263,5.825,0,36.405,27.111,-0.458,-43,-0.36,-0.91
"33",2016-04-03,330,3.23,26.188,NA,0.09,37.533,27.482,-0.67,39.3,-0.31,-1.1
"34",2016-04-06,317.86,3.22,22.823,NA,0.1,35.904,23.995,-0.619,10.5,-0.7,-0.91
"35",2016-04-09,294.29,2.23,36.14,6.486,0,36.057,25.218,-0.451,14,-0.45,-0.72
"36",2016-04-12,306.43,2.73,10.381,4.886,0,37.429,25.199,-0.73,-5.91,-0.68,-1.03
"37",2016-04-15,298.57,2.49,20.485,5.621,0.01,38.43,27.775,-0.378,-48.9,-0.44,-0.67
"38",2016-04-18,307.14,3.67,13.496,5.029,0,36.811,22.804,-1.05,49.9,-1.09,-1.32
"39",2016-04-20,269.29,2.17,11.916,5.936,0.01,36.734,23.99,-0.504,-22,-0.48,-0.84
"40",2016-04-24,237.86,2.33,11.752,3.864,0.28,37.461,26.615,-0.349,3.06,-0.2,-0.76
"41",2016-04-27,272.14,3.56,7.058,3.268,0,36.929,26.887,-0.089,-35.2,-0.04,-0.46
"42",2016-04-30,285,3.61,7.595,3.122,0,37.569,27.548,-0.056,-24,-0.18,-0.36
"43",2016-05-03,272.86,3.22,12.268,3.446,0,36.605,28.728,0.164,-48.5,0.13,-0.27
"44",2016-05-06,227.86,3.13,7.068,4.724,0.33,35.708,25.123,0.053,7.54,0.1,-0.44
"45",2016-05-09,233.57,4.12,9.35,6.788,0,37.983,25.253,-0.152,-2.69,-0.19,-0.44
"46",2016-05-12,218.57,2.66,10.419,5.959,0.01,38.858,26.973,-0.401,2.06,-0.46,-0.7
"47",2016-05-15,212.14,3.11,14.022,6.363,0,40.641,29.345,-0.483,-1.21,-0.51,-0.86
"48",2016-05-18,293.57,3.87,12.984,4.54,0.05,41.983,29.599,-0.232,-14.2,-0.26,-0.67
"49",2016-05-21,349.29,5.08,NA,5.244,0,41.763,31.034,-0.397,0.8,-0.37,-0.7
"50",2016-05-24,367.14,5.87,NA,7.589,0,42.493,29.055,-0.492,7.7,-0.46,-0.83
"51",2016-05-26,375.71,4.9,NA,6.532,0,42.626,27.068,-0.909,25.5,-0.98,-1.18
"52",2016-05-29,235,2.2,NA,4.282,0,42.368,29.392,-0.504,1.59,-0.53,-0.76
"53",2016-06-01,238.57,2.7,NA,6.796,0.05,42.399,28.304,-0.549,5.49,-0.59,-0.86
"54",2016-06-04,240,2.63,9.906,6.371,0,43.728,30.038,-0.331,-2.41,-0.33,-0.68
"55",2016-06-07,260,3.32,6.154,5.491,0.01,42.303,28.043,0.442,-89.3,0.64,0.14
"56",2016-06-10,200,3.46,5.738,4.392,0,41.804,29.209,-0.362,22.5,-0.33,-0.69
"57",2016-06-13,267.86,3.68,10.383,6.361,0.35,41.196,30.693,-0.536,13.9,-0.48,-0.78
"58",2016-06-16,265.71,3.71,3.604,5.826,0.25,40.592,29.848,-0.267,-6.52,-0.15,-0.51
"59",2016-06-19,300.71,4.34,13.469,5.514,0.86,41.899,30.553,-0.592,26.1,-0.46,-0.85
"60",2016-06-22,306.43,3.73,16.109,7.178,0,40.156,28.409,-0.755,9.83,-0.55,-1.05
"61",2016-06-26,274.29,5.89,8.153,5.16,0.15,40.788,30.747,-0.417,7.34,-0.35,-0.69
"62",2016-06-29,321.43,4.72,14.583,6.429,0.24,39.84,31.183,-0.38,8.09,-0.35,-0.62
"63",2016-07-02,324.29,4.54,16.436,5.319,0,35.632,31.805,-0.42,8.09,-0.38,-0.62
"64",2016-07-05,290,3.57,18.848,6.786,0,34.343,31.896,-0.515,11.9,-0.46,-0.7
"65",2016-07-08,300.71,6.81,16.97,6.146,0,33.075,33.027,-0.632,16.6,-0.49,-0.83
"66",2016-07-11,304.29,3.13,16.311,6.147,0,33.27,32.107,-0.598,5.95,-0.61,-0.75
"67",2016-07-14,269.29,3.22,19.49,6.889,0.67,24.893,30.37,-0.741,28.2,-0.64,-0.97
"68",2016-07-17,252.14,3.23,21.16,6.473,0.18,28.699,31.108,-0.753,14.6,-0.76,-0.91
"69",2016-07-20,271.43,3.3,15.172,6.138,0.01,39.141,30.77,-0.707,7.43,-0.69,-0.88
"70",2016-08-28,252.86,3.62,8.751,5.307,0.54,34.106,29.73,-0.256,5.64,-0.19,-0.59
"71",2016-08-31,165,3.39,7.052,6.509,0.36,32.641,27.819,0.494,-40.8,0.57,0.15
"72",2016-09-03,218.57,2.08,7.978,7.46,0,34.343,31.849,0.067,76.6,0.14,-0.25
"73",2016-09-06,220,7.1,14.365,5.262,0.31,28.366,30.656,-0.275,85.6,-0.26,-0.5
"74",2016-09-09,173.57,4.22,15.505,4.353,0.03,29.187,31.163,-0.444,82.5,-0.36,-0.68
"75",2016-09-12,228.57,4.04,17.518,3.757,0.01,28.066,31.552,-0.364,62.9,-0.28,-0.58
"76",2016-09-15,221.43,3,14.987,5.322,0,29.597,33.353,-0.237,50.1,-0.15,-0.5
"77",2016-09-18,239.29,2.47,15.531,6.508,0,29.196,33.842,-0.101,6.3,-0.08,-0.37
"78",2016-09-21,257.14,2.42,15.958,6.456,0.34,27.479,32.201,-0.273,65.6,-0.22,-0.49
"79",2016-09-22,463.57,10.35,16.056,3.614,0.18,28.857,32.527,-0.304,58.7,-0.19,-0.55
"80",2016-09-25,196.43,2.24,16.941,3.833,0.93,28.504,31.798,-0.319,72.2,-0.19,-0.59
"81",2016-09-28,192.14,1.86,18.749,5.804,0,27.784,29.719,-0.035,30.5,0.05,-0.28
"82",2016-10-01,195,1.69,20.354,5.323,0.01,27.365,30.774,-0.431,92.4,-0.29,-0.66
"83",2016-10-04,236.43,1.88,18.535,5.993,0.14,34.177,29.867,-0.229,22.2,-0.24,-0.57
"84",2016-10-07,174.29,1.49,18.512,5.919,0.01,28.958,28.082,0.219,-80.6,0.38,-0.38
"85",2016-10-23,216.43,2.07,22.599,7.646,0,29.424,23.773,-0.402,99.7,-0.24,-0.63
"86",2016-10-26,287.86,2.95,22.549,5.604,0.29,33.493,24.578,-0.352,43.8,-0.42,-0.63
"87",2016-10-29,195.71,1.95,21.782,5.986,0.16,32.067,24.503,-0.258,66.2,-0.23,-0.61
"88",2016-11-01,198.57,1.86,20.705,6.187,0,29.742,25.253,0.003,18.3,0.11,-0.36
"89",2016-11-04,181.43,1.95,21.1,6.649,0,28.672,24.655,-0.073,17.7,-0.08,-0.36
"90",2016-11-07,200,2.21,20.928,5.397,0.03,27.436,23.087,-0.463,79.8,-0.45,-0.75
"91",2016-11-09,197.86,2.1,16.179,8.214,0,30.816,23.361,0.027,-53.6,0.03,-0.36
"92",2016-11-13,170.71,1.79,14.123,8.547,0,30.595,24.543,0.338,-46.7,0.34,-0.02
"93",2016-11-16,146.43,1.99,14.241,7.81,0.04,30.44,22.535,0.143,36.1,0.4,-0.37
"94",2016-11-19,247.86,3.79,15.761,6.724,0,29.253,21.756,-0.158,51.2,-0.13,-0.44
"95",2016-11-25,230.71,3.07,15.156,6.519,0,31.055,24.015,-0.466,49,-0.46,-0.69
"96",2016-11-28,215.71,2.83,13.756,6.285,0,28.689,23.798,-0.4,-0.29,-0.42,-0.79
"97",2016-12-01,213.57,3.03,11.424,6.95,0,30.71,26.76,-0.155,15,-0.05,-0.52
"98",2016-12-04,218.57,3.31,10.844,5.106,0,29.033,25.427,-0.741,58.8,-0.68,-1.01
"99",2016-12-07,201.43,2.78,9.143,6.231,0.25,28.343,27.297,-0.406,66.3,-0.26,-0.68
"100",2016-12-11,145,1.86,9.739,8.292,0.31,18.195,23.325,-1.14,50.5,-0.82,-1.28
"101",2016-12-14,108.57,1.29,4.626,8.593,0,25.911,26.863,-0.195,-3.6,-0.05,-0.5
"102",2016-12-17,120,1.72,5.606,7.055,0,27.892,24.856,-0.191,-19.6,-0.05,-0.6
"103",2016-12-20,123.57,1.92,5.333,6.332,0,26.56,25.814,-0.729,75.5,-0.69,-0.92
"104",2016-12-23,170.71,5.81,5.716,7.402,0,21.002,23.643,-0.897,40.3,-1,-1.15
"105",2016-12-26,135,1.82,3.014,6.124,0,29.495,24.463,-0.82,44,-0.77,-1.13
"106",2016-12-29,122.86,1.3,2.188,6.978,0,29.196,24.966,-0.547,2.32,-0.55,-0.77
"107",2017-01-01,133.57,1.62,2.043,7.801,0.04,29.122,21.355,-0.477,-43,-0.5,-0.85
"108",2017-01-04,102.86,0.98,2.258,6.883,0,29.186,26.057,-0.292,-28.4,-0.24,-0.52
"109",2017-01-07,114.29,1.23,1.548,4.694,0.32,29.125,24.22,-0.294,-27.6,-0.1,-1.09
"110",2017-01-10,141.43,2.57,2.648,8.113,0,NA,16.306,-1.283,39,-1.05,-1.41
"111",2017-01-13,132.86,1.95,1.847,7.725,0,31.925,22.002,-0.462,-9.8,-0.37,-0.81
"112",2017-01-16,120.71,1.56,0.813,6.506,0,30.926,22.316,-0.513,-5.68,-0.48,-0.78
"113",2017-01-19,111.43,1.41,0.813,5.462,0,31.153,24.093,-0.67,10.1,-0.38,-1.02
"114",2017-01-22,122.86,1.74,3.092,5.563,0,31.855,24.096,0.467,-148,1.05,-0.16
"115",2017-01-25,141.43,3.98,3.387,7.419,0,31.797,21.725,-0.368,91.2,-0.28,-0.6
"116",2017-02-26,181.43,3.81,3.785,7.539,0,35.669,25.246,-0.536,36.6,-0.51,-0.87
"117",2017-03-01,189.29,3.33,4.806,6.949,0,36.646,26.816,-0.596,-5.1,-0.58,-0.92
"118",2017-03-04,237.14,8.63,NA,8.197,0,31.913,20.581,-1.635,65,-1.33,-1.41
"119",2017-03-07,271.43,10.19,6.367,8.281,0,29.74,22.1,-1.741,34.8,-1.49,-1.55
"120",2017-03-10,235,7.39,NA,5.858,0.01,39.345,25.824,-0.863,-24.8,-0.89,-1.23
"121",2017-03-13,200.71,5.86,2.269,6.839,0,39.78,26.573,-0.368,-62,-0.1,-0.9
"122",2017-03-15,306.43,5.14,2.986,8.32,0,40.789,21.604,-0.949,55.4,-0.83,-1.2
"123",2017-03-19,376.43,6.92,NA,6.638,0,36.619,21.835,-1.278,7.94,-1.29,-1.49
"124",2017-03-22,363.57,8.18,NA,6.725,0,42.954,23.22,-0.889,-30,-0.86,-1.26
"125",2017-03-25,278.57,10.02,1.599,6.15,0,42.807,23.986,-1.014,-4.25,-1.08,-1.4
"126",2017-03-28,172.14,1.98,3.187,6.581,0,42.226,26.223,-0.367,-60.8,-0.21,-0.82
"127",2017-03-31,157.86,1.31,1.34,6.503,0,44.147,26.876,0.031,-90.1,0.12,-0.29
"128",2017-04-03,167.14,1.41,1.448,6.17,0,44.712,27.708,-0.285,-52.2,-0.18,-0.61
"129",2017-04-06,172.14,1.73,1.527,6.372,0,44.949,27.772,-0.253,-43,-0.13,-0.8
"130",2017-04-09,317.14,5.61,1.021,7.373,0,47.697,22.208,-0.78,-21.6,-0.8,-1.14
"131",2017-04-12,270.71,5.07,1.461,6.315,0.01,46.699,23.074,-0.797,-15.3,-0.71,-1.14
"132",2017-04-15,347.86,6.85,1.528,6.638,0,45.319,24.16,-0.899,3.15,-0.99,-1.2
"133",2017-04-17,357.14,7.33,1.46,6.413,0,46.113,24.537,-0.606,-47.1,-0.65,-0.89
"134",2017-04-20,154.29,1.29,1.821,6.563,0,43.589,24.506,-0.708,-18,-0.8,-0.97
"135",2017-04-23,210,2.73,1.111,6.883,0.4,40.563,25.692,-0.083,-74.9,-0.03,-0.42
"136",2017-04-26,232.86,3.88,0.536,6.416,0,41.181,27.107,-0.002,-58.7,0.12,-0.32
"137",2017-04-29,215.71,4.09,0.76,6.617,0,44.222,28.364,-0.36,17,-0.38,-0.64
"138",2017-05-02,287.14,5.35,1.462,7.24,0.22,43.649,28.767,-0.275,-45.3,-0.19,-0.57
"139",2017-05-05,285.71,4.51,NA,6.488,0.03,42.729,27.834,-0.038,-78.9,0.06,-0.58
"140",2017-05-08,301.43,4.85,0.2,7.822,0,43.942,27.164,-0.729,-6.97,-0.64,-0.99
"141",2017-05-11,243.57,2.4,0.598,6.972,0,44.299,29.515,-0.573,-29.1,-0.48,-0.83
"142",2017-05-14,236.43,2.8,0.475,7.284,0,46.026,28.341,-0.132,-64.7,-0.15,-0.49
"143",2017-05-17,195.71,1.97,1.009,6.655,0,47.062,28.803,-0.785,20.7,-0.74,-1.12
"144",2017-05-20,272.14,3.75,NA,6.967,0,46.662,29.03,-0.731,-29.6,-0.86,-0.95
"145",2017-05-23,230,2.36,1.659,7.097,0.12,45.131,29.38,-0.259,-76.6,-0.14,-0.7
"146",2017-05-27,188.57,2.57,1.951,6.43,0,47.765,32.914,-0.322,-8.59,-0.2,-0.63
"147",2017-05-30,170,2.56,2.102,8.228,0,50.462,32.49,-0.394,-24,-0.39,-0.63
"148",2017-06-02,192.86,3.55,0.913,5.07,0.38,53.033,29.189,-0.505,-12.4,-0.47,-0.81
"149",2017-06-05,292.14,6.65,2.077,6.07,0.1,53.108,28.456,-0.182,-73,-0.07,-0.62
"150",2017-06-08,369.29,6.68,1.745,6.141,0.03,46.712,27.32,0.356,-85.9,0.56,-0.05
"151",2017-06-11,169.29,5.36,6.186,7.06,0,45.286,30.564,-0.424,68.6,-0.4,-0.64
"152",2017-07-22,247.14,3.2,9.655,7.647,0,43.103,31.127,-0.27,20.2,-0.17,-0.56
"153",2017-07-25,222.86,2.65,10.043,7.009,0,42.699,31.716,-0.173,8.63,-0.16,-0.46
"154",2017-07-28,227.86,2.75,9.383,6.909,0.15,43.819,33.266,-0.096,-19.5,-0.14,-0.41
"155",2017-07-31,166.43,2.44,9.68,3.836,0.44,45.85,28.732,0.306,-73.6,0.3,-0.02
"156",2017-08-03,232.14,3.78,10.387,7.595,0,46.089,32.341,-0.079,20.3,-0.03,-0.41
"157",2017-08-09,207.86,2.14,10.405,6.08,0.02,48.002,31.712,-0.141,4.85,-0.16,-0.46
"158",2017-08-12,245.71,2.53,10.701,7.468,0,48.774,32.017,-0.333,27.8,-0.39,-0.65
"159",2017-08-18,327.14,4.25,NA,6.244,0,50.42,31.871,-0.457,17.4,-0.4,-0.8
"160",2017-08-21,337.86,4.58,NA,7.894,0,47.439,30.261,-0.486,29.4,-0.64,-0.79
"161",2017-08-24,269.29,2.53,6.83,5.774,0.3,47.533,30.004,-0.044,-46.4,0.05,-0.45
"162",2017-08-27,220.71,2.32,5.809,7.094,0.01,43.282,30.093,-0.154,31.7,-0.19,-0.43
"163",2017-08-30,272.14,3.55,6.337,7.283,0,43.137,34.192,-0.371,47.5,-0.36,-0.67
"164",2017-09-30,169.29,3.31,NA,0.097,0.07,23.649,30.294,0.284,NA,0.41,-0.07
"165",2017-10-03,162.86,3.25,NA,3.915,0.1,27.325,28.581,-0.107,NA,-0.09,-0.54
"166",2017-10-06,194.29,2.98,NA,5.109,0.08,23.338,27.379,0.797,NA,NA,NA
"167",2017-10-09,211.43,3.73,NA,4.827,0.05,23.57,30.468,0.538,NA,NA,NA
"168",2017-10-12,165,3.38,NA,3.301,0.03,21.573,27.252,-0.191,NA,NA,NA
"169",2017-10-15,165,3.14,NA,3.439,0,23.336,29.873,0.195,46.3,0.39,-0.22
"170",2017-10-18,205.71,2.98,51.291,2.652,0,22.017,28.448,0.256,52.7,0.35,-0.15
"171",2017-10-21,168.57,2.84,51.361,5.834,0.03,21.767,28.016,-0.173,96.8,-0.09,-0.5
"172",2017-10-23,180,2.47,55.485,6.737,0,21.917,28.502,0.228,22.4,0.32,-0.15
"173",2017-10-27,170,2.54,61.283,7.726,0,16.129,22.652,-0.476,109,-0.48,-0.72
"174",2017-10-30,151.43,2.13,60.487,6.825,0,14.861,20.259,-0.52,113,-0.41,-0.81
"175",2017-11-02,152.86,2.05,53.399,6.947,0,23.984,23.707,-0.324,65.2,-0.32,-0.71
"176",2017-11-05,151.43,1.95,52.986,5.52,0.03,26.873,27.02,-0.052,17,0.08,-0.55
"177",2017-11-08,178.57,2.49,47.139,5.96,0,28.531,27.352,-0.146,54.3,0.01,-0.55
"178",2017-11-11,159.29,2.17,43.988,5.582,0,29.128,25.647,-0.662,86.2,-0.64,-1.02
"179",2017-11-14,167.14,3.32,42.625,6.11,0,28.51,25.628,-0.48,58.9,-0.5,-0.97
"180",2017-11-17,189.29,3.51,42.701,6.692,0,27.231,23.715,-0.192,22.1,-0.14,-0.73
"181",2017-11-20,195.71,2.7,41.898,6.745,0,27.891,24.156,-0.033,37.4,0.29,-0.58
"182",2017-11-23,228.57,3.81,41.114,6.367,0.03,29.057,26.424,0.209,-22.1,0.24,-0.23
"183",2017-11-26,227.86,4.25,42.82,6.515,0,27.67,24.599,-0.415,85.6,-0.3,-0.79
"184",2017-11-28,217.14,5.88,39.142,5.848,0.29,28.785,23.629,-0.512,68,-0.51,-0.8
"185",2017-12-02,128.57,1.44,35.357,6.442,0,28.429,23.617,-0.113,-4.48,0.01,-0.58
"186",2017-12-05,231.43,2.62,37.534,6.513,0,28.274,24.474,0.03,-6.64,0.23,-0.4
"187",2017-12-08,205.71,1.86,40.647,5.305,0,28.46,26.812,0.214,-59.1,0.37,-0.24
"188",2017-12-11,172.86,2.28,37.749,8.747,0,20.702,14.652,-1.078,94.4,-0.84,-1.14
"189",2017-12-14,190,4.43,35.856,8.731,0,27.091,17.874,-0.23,7.65,-0.12,-0.62
"190",2017-12-17,179.29,2.42,39.835,8.585,0,26.226,22.012,-0.571,57.1,-0.5,-0.83
"191",2017-12-19,154.29,2.36,33.12,7.867,0,27.767,24.448,-0.602,39.5,-0.5,-0.92
"192",2017-12-23,265.71,3.15,34.961,6.5,0,26.527,25.553,-0.464,23.6,-0.4,-0.79
"193",2017-12-26,414.29,3.98,33.823,5.896,0,23.032,23.798,-0.873,53.6,-0.89,-1.13
"194",2017-12-29,248.57,4.47,31.267,7.61,0,22.934,23.862,-0.972,49.5,-0.96,-1.22
"195",2018-01-01,214.29,3.43,28.918,5.519,0,25.835,22.745,-0.544,-10.4,-0.49,-1.03
"196",2018-01-04,232.86,3.48,28.759,8.175,0,23.076,14.672,-0.781,35.4,-0.68,-1.16
"197",2018-01-07,200,3.54,24.891,9.396,0,20.716,14.545,-1.323,48.2,-1.09,-1.32
"198",2018-01-10,231.43,2.78,33.294,8.31,0.01,28.274,21.632,-0.541,14.9,-0.42,-0.89
"199",2018-01-13,240,6.39,28.76,5.429,0.03,27.125,23.162,-0.788,54,-0.49,-1.23
"200",2018-01-16,198.57,3.47,29.965,8.04,0,20.081,18.911,-1.555,46.9,-1.37,-1.39
"201",2018-01-19,170.71,3.6,31.716,8.772,0,21.809,14.447,-1.357,34.6,-1.32,-1.44
"202",2018-01-22,141.43,4.02,34.722,7.415,0,30.431,21.909,-0.576,-19.9,-0.59,-0.92
"203",2018-01-25,238.57,3.37,36.368,6.568,0,25.499,21.593,-1.436,66.2,-0.87,-1.38
"204",2018-01-28,245,2.98,42.434,6.207,0,30.215,22.38,-0.867,-31.3,-0.67,-1.48
"205",2018-01-31,225.71,3.51,41.83,9.282,0,26.226,15.89,-1.553,58.1,-1.38,-1.44
"206",2018-02-03,238.57,3.08,45.174,6.252,0,31.06,22.228,-0.845,43.9,-0.9,-1.19
"207",2018-02-06,232.86,3.39,48.038,5.627,0,30.355,25.328,-0.866,53.7,-0.86,-1.18
"208",2018-02-08,231.43,3.82,48.683,5.977,0,31.161,25.943,-0.957,37.5,-0.88,-1.25
"209",2018-02-12,266.43,2.98,51.759,6.902,0,30.705,25.763,-0.698,14.3,-0.48,-1.2
"210",2018-02-15,235,2.65,52.856,6.229,0,31.244,25.265,-1.041,17.2,-1.1,-1.33
"211",2018-02-18,235.71,2.79,54.264,5.365,0,30.668,25.683,-0.773,20.4,-0.86,-1.12
"212",2018-02-21,260,2.78,52.719,5.927,0,30.91,25.42,-0.969,NA,NA,NA
"213",2018-02-24,220,3.06,48.38,6.272,0,29.82,25.568,-1.056,5.51,-1.04,-1.32
"214",2018-02-27,225,2.67,47.606,5.604,0.02,29.109,27.267,-0.674,2.47,-0.57,-1.05
"215",2018-03-02,210.71,2.43,47.701,5.923,0,29.789,27.054,-0.342,-36.4,-0.14,-0.75
"216",2018-03-05,231.43,2.64,43.941,7.803,0,31.464,20.655,-0.659,-21.1,-0.32,-1.2
"217",2018-03-08,285.71,4.74,43.017,6.395,0,32.906,22.023,-0.335,1.04,-0.22,-0.66
"218",2018-03-11,262.14,3.85,40.196,7.803,0,35.179,23.928,-0.13,-81,0.01,-0.55
"219",2018-03-14,263.57,3.91,37.82,8.393,0,34.942,19.375,-0.651,13.4,-0.55,-1.05
"220",2018-03-17,239.29,3.58,34.114,7.783,0,35.755,23.73,-0.342,-52.4,-0.28,-0.69
"221",2018-03-20,291.43,4.49,27.467,4.726,0,36.544,27.642,0.195,-113,0.31,-0.3
"222",2018-03-23,261.43,4.51,21.968,7.814,0,38.394,19.361,-1.111,43.7,-0.83,-1.38
"223",2018-03-26,230,3.39,18.015,5.978,0,NA,25.618,-0.497,-27,-0.31,-0.95
"224",2018-03-29,168.57,2.36,12.007,6.195,0,NA,23.45,-0.186,-95.2,-0.03,-0.75
"225",2018-04-01,145,1.56,10.117,4.931,0,NA,26.671,-0.116,-49.1,0,-0.48
"226",2018-04-04,151.43,1.74,11.225,5.52,0,NA,27.442,-0.109,-62.4,0.01,-0.48
"227",2018-04-07,167.14,1.9,10.916,4.995,0,NA,27.552,-0.136,-78.2,-0.06,-0.63
"228",2018-04-10,167.14,1.87,11.097,5.059,0,NA,30.145,-0.454,6.49,-0.31,-1.01
"229",2018-04-13,179.29,1.77,8.96,6.15,0,NA,25.922,-0.696,-16.9,-0.74,-0.99
"230",2018-04-16,173.57,1.95,8.846,5.588,0,NA,26.547,-0.41,19.2,-0.32,-0.95
"231",2018-04-19,186.43,2.38,7.494,6.247,0,NA,26.754,-0.465,-42.2,-0.31,-0.83
"232",2018-04-22,195,2.39,9.383,5.68,0,NA,28.668,-0.647,-11.3,-0.58,-0.94
"233",2018-04-25,221.43,2.59,7.875,4.787,0,NA,28.094,-0.579,-4.36,-0.45,-1
"234",2018-04-27,200.71,2.72,8.414,5.19,1.32,NA,27.363,-0.326,-47.1,-0.16,-0.7
"235",2018-04-30,207.14,2.15,7.76,5.702,0,NA,27.861,-0.813,40.1,-0.81,-1.2
"236",2018-05-03,212.14,2.2,NA,5.878,0.06,NA,26.515,-1.592,35.9,-1.5,-1.54
"237",2018-05-06,214.29,2.25,NA,6.135,0,NA,29.255,-0.65,-68.4,-0.67,-1
"238",2018-05-09,212.86,2.93,NA,4.833,0,NA,27.506,-1.214,39.6,-1.24,-1.47
"239",2018-05-12,225.71,2.42,NA,4.677,0,NA,25.202,-1.111,-3.12,-1.21,-1.46
"240",2018-05-15,124.29,1.4,8.006,6.543,0.05,43.702,28.601,-0.192,NA,NA,NA
"241",2018-05-18,153.57,1.91,9.751,6.77,0.01,40.634,28.382,-0.438,2.96,-0.32,-0.8
"242",2018-05-21,166.43,3.2,12.616,6.475,3.89,33.171,24.759,-0.542,70.8,NA,NA
"243",2018-05-23,195,4.45,14.046,7.872,0,26.206,27.63,-0.689,71.8,-0.66,-0.92
"244",2018-05-27,211.43,4.57,20.383,6.328,0.41,23.389,25.739,0.5,-83.1,1.17,-0.23
"245",2018-05-30,202.86,5.28,35.609,7.22,0.49,22.68,28.521,-0.172,64.2,0.04,-0.5
"246",2018-06-02,219.29,6.21,39.655,5.729,0,21.936,31.974,-0.452,60.7,-0.26,-0.78
"247",2018-06-05,270,7.77,73.146,4.346,0,19.964,30.316,-0.519,44.4,-0.43,-0.88
"248",2018-06-11,278.57,7.75,51.13,5.077,0.32,25.143,29.501,-0.535,12.3,-0.35,-0.92
"249",2018-06-14,265.71,5.92,45.771,5.184,0,25.75,31.098,-0.388,36.6,-0.23,-0.71
"250",2018-06-17,247.14,4.67,43.643,5.461,0,26.037,32.105,-0.358,35.5,-0.34,-0.64
"251",2018-06-20,279.29,5.48,33.163,5.658,0,27.363,32.058,-0.419,15.6,-0.38,-0.74
"252",2018-06-24,257.14,3.94,37.659,4.913,1.51,27.119,31.898,-0.519,35.2,-0.39,-0.88
"253",2018-06-27,250.71,4.97,32.094,5.334,1.14,27.156,32.412,-0.511,31.7,-0.3,-0.84
"254",2018-06-30,253.57,4.45,37.31,4.77,0,18.317,30.918,-0.254,77.7,-0.12,-0.56
"255",2018-07-03,211.43,4.33,31.657,3.916,0.05,22.464,32.877,-0.383,68.1,-0.24,-0.69
"256",2018-07-06,267.86,4.48,27.568,5.223,0,23.44,31.484,-0.44,65,-0.4,-0.77
"257",2018-07-09,230,4.79,17.608,5.795,0.69,28.468,31.68,-0.491,45.4,-0.37,-0.78
"258",2018-07-12,222.86,3.72,27.123,5.769,0,23.837,31.666,-0.124,-6.22,0.2,-0.58
"259",2018-07-15,255.71,4.13,19.62,5.905,1.05,28.242,33.047,-0.278,40.9,0.07,-0.64
"260",2018-07-17,239.29,3.71,19.302,5.784,0,27.633,33.965,-0.19,39.5,-0.13,-0.51
"261",2018-07-21,278.57,3.57,21.746,4.544,0,27.339,32.967,-0.304,24.6,-0.09,-0.68
"262",2018-07-24,270,4.03,19.322,5.262,0.18,29.622,29.728,0.064,21.3,0.37,-0.42
"263",2018-07-27,227.86,3.7,21.828,4.714,0.6,28.955,32.129,-0.333,78.3,-0.19,-0.67
"264",2018-07-30,250.71,3.79,29.446,4.911,0.83,24.985,28.891,-0.198,67.8,-0.01,-0.5
"265",2018-08-02,254.29,4.55,26.588,4.942,0,26.133,31.463,-0.193,58.2,-0.16,-0.43
"266",2018-08-05,249.29,3.49,22.576,5.483,0,30.181,31.283,-0.477,70.6,-0.38,-0.82
"267",2018-08-08,305,3.34,23.113,5.418,0,30.633,31.87,-0.327,18.7,-0.16,-0.69
"268",2018-08-11,255.71,3.53,28.457,4.659,0.2,27.156,31.32,-0.207,10.6,0.15,-0.61
"269",2018-08-14,242.86,3.4,27.752,4.855,0,29.112,31.611,-0.298,46.4,-0.24,-0.56
"270",2018-08-17,237.86,3.23,26.313,5.413,0,27.729,31.748,-0.565,60.4,-0.51,-0.86
"271",2018-08-20,245.71,3.54,24.272,5.192,0,27.854,31.62,-0.504,20.7,-0.39,-0.86
"272",2018-08-22,242.86,3.15,22.737,4.961,0,28.38,31.826,-0.363,0.05,-0.25,-0.73
"273",2018-08-25,229.29,1.78,25.393,5.611,0.97,29.164,29.957,0.018,-30.8,0.22,-0.36
"274",2018-08-28,227.86,1.89,20.961,6.357,0.16,32.663,30.691,-0.052,-12.7,0.15,-0.4
"275",2018-08-31,206.43,1.6,23.118,6.477,0.33,32.489,30.017,-0.102,NA,NA,NA
"276",2018-09-03,221.43,2.39,22.284,5.978,0.67,31.344,26.421,-0.074,NA,NA,NA
"277",2018-09-06,249.29,3.78,18.043,6.577,0.02,31.655,30.034,-0.005,NA,NA,NA
"278",2018-09-09,210,2.65,19.808,6.138,0.33,30.439,30.535,0.449,-76.5,0.83,-0.07
"279",2018-09-12,210,1.89,19.838,6.886,0,29.969,31.137,0.243,-18.4,0.34,-0.09
"280",2018-09-15,233.57,2.27,20.761,7.363,0.01,29.819,32.789,-0.049,33.4,0.08,-0.37
"281",2018-09-18,214.29,1.92,26.215,5.339,0,31.048,31.55,-0.339,51.5,-0.2,-0.62
"282",2018-09-21,219.29,2,29.302,4.77,0,35.026,31.966,-0.461,64.9,-0.41,-0.75
"283",2018-09-24,231.43,2.24,28.869,4.899,0,32.736,31.866,-0.336,10.6,-0.15,-0.66
"284",2018-09-26,240,3.5,29.093,5.472,0,32.513,31.658,-0.312,25.6,-0.27,-0.57
"285",2018-09-29,219.29,4.35,28.878,4.983,0.25,35.449,29.897,-0.588,68.9,-0.39,-0.89
"286",2018-10-02,225.71,3.4,27.706,5.628,0,37.392,28.471,-0.582,29.1,-0.53,-0.86
"287",2018-10-05,241.43,3.01,26.983,5.928,0,37.001,28.901,-0.299,2.56,-0.25,-0.58
"288",2018-10-08,231.43,2.59,27.192,5.981,0.75,32.456,26.343,0.021,-36.2,0.05,-0.38
"289",2018-10-11,217.14,2.9,25.728,6.112,0,29.742,29.897,0.255,-6.83,0.47,-0.14
"290",2018-10-14,237.86,4.97,32.316,5.632,0,31.032,31.308,-0.128,45.1,0.05,-0.45
"291",2018-10-17,220.71,3.82,31.64,5.659,0.01,31.325,29.038,-0.404,NA,NA,NA
"292",2018-10-20,227.14,3.32,28.085,5.724,0,29.888,29.241,-0.234,NA,NA,NA
"293",2018-10-23,189.29,2.56,27.903,5.935,0,29.243,27.455,-0.196,NA,NA,NA
"294",2018-10-27,204.29,2.21,36.932,5.845,0.06,33.068,28.434,0.174,NA,NA,NA
"295",2018-10-30,241.43,3.46,35.704,6.353,0,31.879,25.021,-0.624,NA,NA,NA
"296",2018-11-02,240.71,3.27,37.491,5.359,0.279,34.22,27.524,-0.085,-39.8,0.13,-0.49
"297",2018-11-05,244.29,3.24,36.097,5.345,0,33.078,28.699,-0.3,10.1,-0.25,-0.56
"298",2018-11-08,237.14,2.99,34.574,5.866,1.072,32.673,28.515,-0.232,26.8,-0.08,-0.55
"299",2018-11-11,235.71,3.14,34.876,5.539,0.059,31.847,28.24,-0.462,52,-0.33,-0.78
"300",2018-11-14,247.86,3.17,36.173,4.648,0,33.261,29.25,-0.307,26.8,-0.29,-0.58
"301",2018-11-17,240,3.04,37.088,7.215,0,27.658,21.431,-0.988,64.8,-0.98,-1.22
"302",2018-11-20,252.86,2.69,34.615,6.906,0,34.978,26.918,-0.132,-48.7,-0.05,-0.52
"303",2018-11-23,252.86,2.81,34.664,6.584,0,34.999,25.134,-0.218,-25.5,-0.13,-0.69
"304",2018-11-26,252.86,2.66,36.6,6.024,0,36.09,27.764,0.244,-57.9,0.52,-0.16
"305",2018-11-27,245,2.17,39.731,5.412,0,35.878,25.852,0.006,11.7,0.48,-0.62
"306",2018-11-30,284.29,4.69,35.533,7.488,0,35.132,18.464,-0.372,3.84,-0.24,-0.74
"307",2018-12-03,251.43,3.6,34.853,7.562,0,36.841,26.506,0.149,-32.1,0.29,-0.19
"308",2018-12-06,272.86,4.08,37.455,7.794,0,34.767,17.165,-1.103,78.1,-1.01,-1.23
"309",2018-12-09,247.86,3.7,33.202,6.91,0.37,36.957,24.146,-0.03,-64.6,-0.03,-0.55
"310",2018-12-12,238.57,3.88,35.577,7.928,0,34.352,16.456,-0.961,61.9,-0.81,-1.22
"311",2018-12-15,215,2.87,36.401,6.949,0.369,35.891,24.056,-0.198,-7.1,-0.12,-0.78
"312",2018-12-18,242.14,3.56,34.242,7.132,0,34.428,20.315,-0.55,24.9,-0.6,-0.91
"313",2018-12-22,213.57,3.54,NA,7.277,0,34.111,19.835,0.077,37.8,0.84,-0.54
"314",2018-12-25,216.43,4.12,NA,8.089,0,33.916,19.935,-0.999,65,-0.82,-1.11
"315",2018-12-28,220,3.3,NA,7.17,0,34.743,24.482,-0.363,-37.7,-0.12,-0.62
"316",2018-12-31,198.57,3.06,NA,6.712,0,34.387,25.124,-0.688,22.3,-0.59,-0.84
"317",2019-01-03,215,2.88,NA,6.395,0.01,33.906,25.798,-0.603,-6.18,-0.47,-0.87
"318",2019-01-06,227.14,3.32,31.275,6.846,0,34.883,21.018,-0.777,45.4,-0.65,-0.95
"319",2019-01-09,251.43,3.22,29.907,6.881,0,33.966,23.764,-0.712,22.6,-0.54,-0.94
"320",2019-01-12,230.71,3.46,26.833,7.48,0,35.609,19.749,-0.557,-23.3,-0.51,-0.82
"321",2019-01-15,187.14,2.08,31.157,6.878,0,34.704,19.104,-1.007,48.2,-0.78,-1.29
"322",2019-01-18,238.57,3.01,27.75,8.208,0,34.69,20.233,-0.566,-15,-0.35,-0.9
"323",2019-01-21,215.71,2.58,30.113,7.605,0,35,17.176,-0.567,38.9,-0.41,-1.1
"324",2019-01-24,219.29,2.73,27.651,6.902,0.673,36.717,22.817,-0.027,-86,0.24,-0.4
"325",2019-01-27,220,3.21,30.242,7.66,0.653,33.438,19.684,-0.776,-8.14,-0.21,-1.41
"326",2019-01-30,219.29,3.15,29.576,7.471,0,31.09,18.262,-0.698,27.2,-0.62,-1.07
"327",2019-02-02,192.86,2.55,26.439,6.94,0,33.289,24.376,-0.4,-21.5,-0.36,-0.77
"328",2019-02-05,152.86,1.77,30.257,6,0,33.513,24.402,-0.378,-8.93,-0.32,-0.75
"329",2019-03-04,224.29,2.81,50.559,5.789,0,35.499,28.004,-0.226,-32.8,-0.07,-0.65
"330",2019-03-07,240,3.19,48.548,6.969,0,33.208,18.574,-1.212,48.9,-1.22,-1.4
"331",2019-03-10,222.86,2.84,49.799,6.918,0,36.527,26.632,-0.102,-65.4,-0.08,-0.56
"332",2019-03-13,205.71,2.11,53.516,6.058,0,37.167,26.626,-0.672,32.8,-0.59,-1.05
"333",2019-03-16,210.71,2.55,47.457,5.941,0,38.984,27.538,-0.331,-32,-0.27,-0.77
"334",2019-03-19,255.71,3.3,45.263,6.275,0.817,38.183,22.019,-0.923,59.4,-0.81,-1.36
"335",2019-03-22,257.14,2.97,41.624,7.157,0,37.579,21.457,-0.187,-35.5,-0.07,-0.71
"336",2019-03-25,220,2.92,36.574,7.064,0,38.336,24.944,-0.105,-49.7,0.15,-0.61
"337",2019-03-31,228.57,3.29,26.728,6.487,0,39.85,25.667,-0.12,-58.2,-0.13,-0.61
"338",2019-04-02,239.29,3.11,25.374,5.385,0,40.595,27.881,0.07,-70.9,0.16,-0.44
"339",2019-04-05,215.71,2.7,22.121,6.034,0.441,40.9,26.949,-0.149,-57.7,-0.04,-0.69
"340",2019-04-08,215,5.29,18.502,5.876,0,41.793,27.506,-0.043,-57.9,0.07,-0.5
"341",2019-04-11,280,4.06,13.29,5.289,0,39.014,27.249,-0.064,-15.9,0.09,-0.55
"342",2019-04-14,256.43,3.75,18.752,6.008,0,39.401,28.508,-0.068,-44.5,-0.09,-0.4
"343",2019-04-17,276.43,3.69,18.426,5.1,0,40.493,26.702,-0.731,36.7,-0.85,-1.04
"344",2019-04-20,234.29,2.95,19.858,5.386,0,41.355,26.173,-0.086,-9.01,-0.08,-0.6
"345",2019-04-23,230,3.35,21.514,5.098,0,42.375,25.488,-0.807,40.6,-0.87,-1.1
"346",2019-04-26,242.14,2.89,25.258,5.236,0,43.253,28.432,-0.129,-69.6,-0.01,-0.48
"347",2019-04-29,247.86,3.2,26.459,5.006,0,45.157,29.441,-0.742,32.3,-0.73,-1.05
"348",2019-05-02,257.86,2.95,25.896,5.287,0,45.773,28.299,-0.64,-48.7,-0.47,-1.34
"349",2019-05-06,315.71,3.66,28.079,4.877,0,46.218,31.006,-0.243,-27.4,-0.25,-0.67
"350",2019-05-09,269.29,2.89,31.277,5.219,0,43.776,30.041,-0.35,-17.3,-0.28,-0.73
"351",2019-05-12,258.57,2.93,31.491,5.565,0,44.391,30.35,-0.207,-48.5,-0.28,-0.51
"352",2019-05-15,271.43,3.51,34.187,5.116,0.01,43.424,30.157,-0.181,-26.8,-0.14,-0.64
"353",2019-05-18,219.29,2.32,33.791,5.414,0,43.188,28.526,-0.422,-6.76,-0.33,-0.82
"354",2019-05-21,210.71,2.41,32.615,5.293,0,43.679,29.93,-0.228,-25.7,-0.1,-0.64
"355",2019-05-24,248.57,2.73,NA,4.989,0,44.459,26.977,-1.15,45.7,-1.23,-1.43
"356",2019-05-27,274.29,2.66,NA,4.706,0,45.987,28.921,-0.888,-9.81,-0.96,-1.28
"357",2019-06-04,232.86,2.76,17.68,3.898,0.01,49.125,32.621,0.068,-53.3,0.22,-0.34
"358",2019-06-07,224.29,2.71,15.782,5.001,0,50.317,31.629,0.037,-59.8,0.1,-0.27
"359",2019-06-10,200.71,2.75,13.168,5.698,0.259,44.038,30.572,-0.164,20,-0.07,-0.46
"360",2019-06-13,255.71,4.06,16.512,5.328,0.259,42.718,32.54,-0.167,-36.9,-0.04,-0.72
"361",2019-06-16,185.71,1.7,20.644,4.416,0.685,38.805,27.789,-0.237,2.8,-0.19,-0.59
"362",2019-06-19,187.14,2.17,23.135,5.254,0,37.798,31.113,-0.077,-14.6,0.09,-0.42
"363",2019-06-23,245,3.03,24.496,4.599,0,36.888,33.384,-0.356,18.5,-0.36,-0.64
"364",2019-06-26,277.14,3.88,29.552,4.074,0.209,38.138,31.919,-0.302,8.81,-0.23,-0.64
"365",2019-06-29,289.29,3.73,31.216,5.644,0.157,36.673,29.329,-0.182,-14.1,-0.07,-0.51
"366",2019-07-02,237.14,3.71,33.2,5.817,0,36.573,32.11,-0.096,-10.5,0.16,-0.52
"367",2019-07-05,257.14,2.09,33.755,5.21,0,36.016,32.333,0.145,-52.7,0.38,-0.26
"368",2019-07-08,260,2.09,41.311,4.457,0.388,35.885,30.811,-0.138,17.1,0.01,-0.43
"369",2019-07-11,263.57,4.11,39.061,5.376,0,35.069,30.27,0.039,-32.6,0.11,-0.3
"370",2019-07-14,299.29,5.58,35.836,5.343,0,33.161,31.092,-0.459,62.1,-0.43,-0.73
"371",2019-07-17,338.57,7.36,41.273,5.803,0,35.379,32.035,-0.273,2.79,-0.09,-0.63
"372",2019-07-20,292.86,2.08,40.456,5.95,0,36.039,31.919,-0.229,5.64,-0.17,-0.5
"373",2019-07-23,292.86,2.09,38.389,5.89,0.021,36.484,31.676,-0.111,-26.9,-0.02,-0.48
"374",2019-07-25,328.57,5.76,38.037,5.08,0.021,36.867,31.04,-0.017,-22.7,0.04,-0.45
"375",2019-07-28,270,3.02,35.815,4.768,0,38,32.952,-0.221,11.5,-0.08,-0.6
"376",2019-07-31,275.71,2.9,34.989,5.684,0.87,38.047,32.24,0.017,-16.1,0.23,-0.43
"377",2019-08-03,247.86,3.34,28.063,5.534,0,38.051,30.565,0.567,-80.6,0.8,0.1
"378",2019-08-06,242.86,3.54,31.336,6.019,1.511,35.633,31.246,0.177,39.6,0.27,-0.21
"379",2019-08-09,227.14,3.05,37.896,3.227,0.021,32.54,33.182,-0.09,41,0.1,-0.44
"380",2019-08-12,267.86,3.77,84.15,4.472,0.043,30.45,32.484,-0.038,25.8,0.14,-0.38
"381",2019-08-15,312.86,6.96,60.12,2.304,0.641,28.843,30.963,0.154,-7.78,0.34,-0.22
"382",2019-08-18,260.71,3.47,54.125,5.129,0,26.709,32.627,-0.139,56.7,-0.15,-0.36
"383",2019-08-21,261.43,3.01,61.802,5.435,0.011,28.017,31.254,-0.194,46.6,-0.21,-0.42
"384",2019-08-25,235.71,2.43,63.312,5.69,0.419,24.957,30.59,0.03,14.7,0.19,-0.38
"385",2019-08-28,228.57,2.43,55.837,4.607,0,21.596,31.941,-0.087,27.4,0.14,-0.49
"386",2019-08-31,224.29,2.08,41.628,5.834,0.032,24.616,30.732,0.172,3.8,0.27,-0.13
"387",2019-09-03,222.86,2.24,52.502,5.533,0,25.46,29.141,0.266,-28.1,0.36,-0.11
"388",2019-09-06,213.57,2.61,38.958,5.418,0,30.576,31.117,0.185,31.6,0.35,-0.17
"389",2019-09-09,245.71,2.58,41.905,4.711,0.022,29.75,31.225,0.077,47.9,0.12,-0.28
"390",2019-09-12,248.57,2.7,44.486,5.237,0,29.689,28.781,-0.566,70.5,-0.5,-0.93
"391",2019-09-15,227.14,2.53,36.101,5.358,0,32.546,30.98,0.062,-37.3,0.21,-0.34
"392",2019-09-18,239.29,2.63,39.247,5.895,0.022,30.32,30.471,-0.175,NA,NA,NA
"393",2019-09-21,265,2.98,36.511,5.61,1.011,30.959,27.18,-0.657,74.1,-0.67,-1.12
"394",2019-09-24,188.57,1.55,25.059,6.659,0,33.853,26.978,0.164,-60.1,0.36,-0.39
"395",2019-09-28,198.57,2.36,22.122,5.695,0.12,34.373,29.027,0.297,-2.25,0.45,-0.09
"396",2019-10-01,218.57,2.92,22.059,5.697,0.262,35.06,27.338,-0.064,29.4,0,-0.44
"397",2019-10-04,181.43,1.86,19.453,6.174,0,36.128,29.203,0.414,NA,0.53,0.07
"398",2019-10-07,215.71,2.48,17.671,5.158,0.69,37.835,27.819,0.552,-71.7,0.77,0.01
"399",2019-10-10,189.29,2.83,17.663,6.463,0.198,35.764,29.825,0.429,41.6,0.57,0.05
"400",2019-10-13,211.43,3.44,22.097,6.447,0.011,35.584,28.473,0.518,-5.46,0.65,0.13
"401",2019-10-16,200.71,2.29,23.299,6.233,0,37.262,29.819,0.827,-29.1,0.97,0.42
"402",2019-10-19,208.57,3.44,32.286,5.672,0,36.646,28.78,0.852,-40.2,1.04,0.46
"403",2019-10-22,221.43,4.04,37.953,6.248,0,36.564,31.049,0.136,80.5,0.22,-0.25
"404",2019-10-26,245.71,3.87,54.899,6.081,0.519,36.139,28.578,0.313,-11,0.54,-0.19
"405",2019-10-29,260,4.13,52.928,5.492,NA,36.542,30.084,0.32,33.1,0.52,-0.02
"406",2019-11-01,275.71,3.25,59.751,4.635,NA,34.855,30.255,0.201,24.4,0.39,-0.13
"407",2019-11-04,274.29,4.6,68.062,5.005,NA,34.14,27.691,-0.257,59.9,-0.15,-0.64
"408",2019-11-07,262.86,3.7,61.21,4.864,NA,37.032,28.641,-0.191,47,-0.19,-0.42
"409",2019-11-10,263.57,2.8,49.418,6.048,NA,34.77,24.116,-0.317,67.6,-0.3,-0.65
"410",2019-11-13,220,2.73,25.561,7.136,NA,38.122,25.704,0.58,-17.1,0.87,0.11
"411",2019-11-16,199.29,2.5,36.338,6.239,NA,36.765,24.626,0.073,78.4,0.3,-0.42
"412",2019-11-19,279.29,4.42,34.073,7.568,NA,37.595,21.983,0.586,-44.3,0.81,0.15
"413",2019-11-21,275,3.64,39.075,6.969,NA,37.148,20.288,-0.013,63.7,0.04,-0.42
"414",2019-11-25,221.43,2.61,37.527,6.496,NA,38.49,23.804,0.307,12.1,0.41,-0.06
"415",2019-11-28,224.29,2.69,41.128,6.75,NA,38.493,25.403,-0.188,66.3,0.07,-0.56
"416",2019-12-01,231.43,2.66,49.415,4.941,NA,38.309,24.952,-0.163,7.96,-0.07,-0.55
"417",2019-12-04,242.14,2.85,51.681,6.964,NA,37.061,20.447,-0.369,32.9,-0.25,-0.63
"418",2019-12-07,254.29,3.21,53.175,7.638,NA,34.82,21.562,-0.516,35,-0.52,-0.82
"419",2019-12-10,270,3.51,49.895,6.475,NA,36.742,25.475,-0.084,-29.8,-0.08,-0.42
"420",2019-12-13,261.43,3.98,46.297,5.765,NA,36.022,25.698,-0.169,-3.71,-0.13,-0.53
"421",2019-12-16,294.29,4.74,47.564,6.27,NA,35.456,24.477,-0.378,47.1,-0.28,-0.72
"422",2019-12-18,340,6.57,50.588,5.598,NA,34.491,25.362,-0.461,47.2,-0.28,-1.19
"423",2019-12-21,285,4.31,42.392,6.153,NA,36.193,22.608,-1.161,55.8,-1.1,-1.38
"424",2019-12-24,218.57,2.89,36.526,6.572,NA,34.888,21.31,0.029,-6.77,0.47,-0.52
"425",2019-12-27,230.71,3.15,33.292,7.081,NA,34.227,24.203,-0.167,21.4,0.01,-0.56
"426",2019-12-30,198.57,2.83,33.886,6.222,NA,32.561,25.31,-0.006,7.46,0.16,-0.37
"427",2020-01-02,241.43,3.76,34.387,7.183,NA,31.324,24.163,-0.441,41.3,-0.36,-0.79
"428",2020-01-05,247.86,3.56,39.52,7.614,NA,27.396,20.465,-1.12,91.8,-0.78,-1.3
"429",2020-01-08,247.86,3.82,34.97,7.697,NA,23.897,20.036,-0.958,47.7,-0.84,-1.31
"430",2020-01-11,235.71,3.58,19.71,6.343,NA,38.156,23.608,-0.354,-45.3,-0.29,-0.99
"431",2020-01-14,224.29,3.24,26.305,6.272,NA,34.875,25.085,-0.552,29.7,-0.51,-0.85
"432",2020-01-17,272.86,3.28,26.212,6,0.127,33.228,23.402,-0.766,46.2,-0.76,-1.16
"433",2020-01-20,242.86,3.5,23.385,6.737,0,35.389,24.204,-0.571,23.6,-0.16,-1.1
"434",2020-01-23,288.57,4.45,23.29,8.225,0,34.75,16.007,-0.583,-24.8,-0.52,-1.08
"435",2020-01-26,200.71,2.9,29.065,7.728,0,34.533,19.63,-0.451,19.7,-0.42,-0.78
"436",2020-02-22,209.29,3.62,NA,9.617,0,NA,17.949,-2.118,NA,-1.37,-1.43
"437",2020-02-25,251.43,3.71,24.531,7.11,0,36.268,24.365,0.208,NA,0.33,-0.25
"438",2020-02-28,206.43,2.99,29.65,7.559,0,33.587,17.583,-1.07,72.9,-0.93,-1.25
"439",2020-03-02,221.43,3.02,27.499,7.76,0,33.915,20.431,-0.701,-19.6,-0.46,-1.09
"440",2020-03-05,295.71,5.1,25.506,5.928,0,35.738,28.154,-0.243,-35.1,-0.11,-0.58
"441",2020-03-08,257.86,4.35,28.856,6.51,0,32.958,18.468,-1.61,52.7,-1.39,-1.46
"442",2020-03-11,227.14,3.45,20.746,5.911,0,41.611,23.945,-0.663,-28.6,-0.59,-1.07
"443",2020-03-14,177.86,2.24,26.902,6.149,0,41.126,26.064,-0.581,9.8,-0.61,-0.82
"444",2020-03-17,215,3.3,24.624,6.027,0,41.911,26.223,-0.803,9.63,-0.86,-1.02
"445",2020-03-20,206.43,3.31,25.468,6.238,0,43.434,25.878,-0.914,18.7,-0.97,-1.17
"446",2020-03-23,243.57,3.68,22.147,6.521,0,44.088,26.79,-0.682,-33.4,-0.71,-1.06
"447",2020-04-12,210.71,3.75,14.781,6.229,0,44.585,29.556,0.056,-64.6,0.2,-0.28
"448",2020-04-15,192.86,3.71,14.341,5.956,0,43.472,29.543,-0.357,-13.5,-0.33,-0.6
"449",2020-04-18,165.24,2.47,11.204,5.816,0,44.11,31.025,-0.488,-37.7,-0.46,-0.8
"450",2020-04-21,189.29,3.04,12.16,5.303,0,43.781,29.7,-0.217,-31.7,-0.23,-0.6
"451",2020-04-24,159.29,2.43,9.728,6.262,0,44.352,29.691,0.099,-76.1,0.12,-0.48
"452",2020-04-27,142.14,2.4,9.965,6.587,0,42.934,27.258,-0.631,39.2,-0.5,-1.05
"453",2020-04-30,160,1.99,8.828,6.039,0.33,43.634,27.427,-0.263,-65.7,0.03,-0.57
"454",2020-05-03,163.57,2.78,8.393,6.273,0.04,44.043,26.53,-0.635,-9.15,-0.7,-0.9
"455",2020-05-06,157.14,3,7.889,5.927,0,45.604,30.088,-0.117,-60.7,-0.01,-0.51
"456",2020-05-09,192.14,3.3,8.085,6.098,0,46.969,28.464,-0.357,-35.9,-0.18,-0.67
"457",2020-05-12,154.29,2.17,9.659,5.915,0,45.026,25.811,-0.926,28.4,-0.81,-1.34
"458",2020-05-15,170,1.92,8.015,6.623,0.54,40.195,25.048,-0.829,8.75,-0.81,-1.15
"459",2020-05-18,130.71,1.78,8.838,6.078,0.1,39.765,30.16,-0.163,-40.2,0.05,-0.57
"460",2020-05-21,130,1.94,10.423,6.812,0.07,40.393,31.439,-0.184,-12.8,-0.11,-0.42
"461",2020-05-24,120.71,1.54,12.694,5.758,2,37.963,27.256,-0.218,-6.37,-0.17,-0.61
"462",2020-05-26,130,2.14,11.381,6.261,0,34.898,28.74,0.271,-49.2,0.43,-0.05
"463",2020-06-02,183.57,2.61,13.086,5.79,0.11,35.788,30.693,-0.185,-7.67,-0.13,-0.46
"464",2020-06-05,176.43,2.58,13.527,5.981,0,37.093,28.749,0.056,-29.8,0.29,-0.28
"465",2020-06-07,167.86,2.27,12.575,5.995,0,38.508,30.021,0.27,-60.6,0.34,-0.03
"466",2020-06-27,236.43,3.09,23.752,5.979,0,30.046,31.777,-0.382,34.5,-0.4,-0.64
"467",2020-06-30,245,2.79,20.567,5.756,0,36.919,34.12,-0.059,-21.1,0,-0.38
"468",2020-07-03,268.57,3,20.741,5.143,0,37.48,34.921,-0.027,-32.1,0.2,-0.42
"469",2020-07-06,262.14,2.85,16.225,5.756,0,38.417,31.779,-0.03,-14.9,0.02,-0.35
"470",2020-07-09,240,2.66,17.963,6.545,0,38.346,33.173,-0.213,-2.41,-0.1,-0.57
"471",2020-07-12,255.71,2.95,16.294,6.81,0.02,40.132,29.802,-0.127,-21.8,0.01,-0.47
"472",2020-07-15,260.71,2.6,18.214,5.294,0.92,39.347,31.652,-0.482,35,-0.4,-0.9
"473",2020-07-18,252.86,2.63,17.393,5.856,0.22,34.792,27.347,-0.663,57.4,-0.65,-0.97
"474",2020-07-21,173.57,1.97,11.827,5.063,1.95,36.683,27.963,-0.162,-10.7,0,-0.65
"475",2020-07-24,169.29,2.22,12.81,6.319,0.76,32.447,29.695,-0.049,29.3,0.06,-0.31
"476",2020-07-27,181.43,2.06,14.653,6.726,0,31.651,31.985,-0.194,NA,-0.18,-0.44
"477",2020-08-03,259.29,2.93,11.242,6.367,0,35.707,31.514,0.247,NA,0.47,-0.21
"478",2020-08-06,230.71,3.6,16.304,6.783,0,34.645,32.764,0.016,7.56,0.04,-0.26
"479",2020-08-09,245.71,6.28,19.502,6.093,0.01,35.235,32.624,-0.268,43.7,-0.32,-0.46
"480",2020-08-12,242.14,2.54,22.266,6.237,0,35.457,31.705,-0.317,22.8,-0.33,-0.55
"481",2020-08-15,282.86,3.11,26.501,6.155,0.04,35.186,32.534,-0.191,0.3,-0.09,-0.51
"482",2020-08-18,283.57,3,26.744,5.943,0.13,37.231,33.94,-0.037,-19,0.19,-0.39
"483",2020-08-21,302.86,4.18,28.361,5.886,0.03,38.745,31.73,0.268,-37.2,0.4,-0.1
"484",2020-08-24,277.86,3.87,31.753,5.779,0.12,37.256,30.159,0.089,20.8,0.07,-0.24
"485",2020-08-27,304.29,4.32,32.486,5.716,0.01,38.179,31.753,0.02,-0.83,0.24,-0.32
"486",2020-08-30,341.43,3.95,35.332,5.828,0,38.779,32.523,0.021,-2.49,0.2,-0.34
"487",2020-08-31,402.86,6.71,34.87,5.761,0.02,39.337,32.944,0.024,-4.83,0.18,-0.31
"488",2020-09-03,393.57,7.05,31.926,5.482,0.03,40.372,31.534,-0.206,26.4,-0.18,-0.46
"489",2020-09-06,290,3.52,31.395,4.869,0.11,41.501,30.204,-0.183,4.4,-0.2,-0.48
"490",2020-09-09,325.71,5.48,23.776,5.316,0.14,43.508,29.821,0.12,-33.3,0.15,-0.18
"491",2020-09-12,325,4.71,28.398,4.816,6.67,38.063,27.406,0.666,-38.9,1.55,-0.59
"492",2020-09-15,240,7.35,31.593,6.087,0,31.543,30.551,0.196,53.4,0.46,-0.15
"493",2020-09-18,215.71,4.83,27.036,5.029,0,30.849,31.787,0.515,-15.6,0.67,0.18
"494",2020-09-21,205,3.6,29.46,5.73,0.39,28.702,31.131,0.236,57.8,0.5,-0.31
"495",2020-09-23,247.14,5.51,19.858,6.51,0,33.868,28.014,0.184,35.1,0.22,-0.23
"496",2020-09-29,210.71,4.41,15.936,5.451,0,29.379,31.256,0.589,11.4,0.81,0.18
"497",2020-10-02,209.29,4.3,25.344,3.522,0.43,27.237,30.306,0.345,69.6,0.45,0
"498",2020-10-05,220,4.75,23.952,4.004,0.11,27.22,30.594,0.299,71.5,0.45,-0.02
"499",2020-10-08,208.57,3.99,12.476,4.89,0.02,32.452,31.122,0.258,47.5,0.42,-0.09
"500",2020-10-11,254.29,4.86,15.189,5.385,0,30.282,31.729,0.44,-5.65,0.55,0.01
"501",2020-10-14,237.14,5.67,24.445,4.229,0,25.092,30.442,0.103,56.1,0.23,-0.27
"502",2020-10-17,247.14,5.59,24.165,5.49,0,24.107,28.574,0.231,63.8,0.48,-0.11
"503",2020-10-20,217.14,5.91,10.86,5.544,0.95,30.175,26.511,0.306,31.9,0.72,-0.08
"504",2020-10-23,196.43,7.29,11.994,5.357,0,27.066,26.947,0.375,102,0.61,0.03
"505",2020-10-26,208.57,8.92,15.86,3.548,0.33,24.211,28.686,0.505,66.2,0.66,0.24
"506",2020-10-28,277.14,8.36,18.7,3.175,0,21.117,30.578,-0.051,124,0.08,-0.25
"507",2020-10-31,146.43,5.29,21.5,3.527,0,20.021,31.569,0.058,97.5,0.2,-0.17
"508",2020-11-03,125,4.57,23.119,7.21,0,7.889,22.448,-1.284,151,-0.98,-1.06
"509",2020-11-06,114.76,1.93,12.1,7.125,0,22.151,25.593,-0.129,63,0.06,-0.46
"510",2020-11-09,122.38,2.95,17.441,6.792,1.7,16.723,24.896,0.47,53.4,0.87,-1.01
"511",2020-11-12,110.48,2.43,19.516,6.926,2.02,12.464,26.832,0.645,85.4,1.04,0.28
"512",2020-11-15,94.52,1.99,27.078,5.791,0,6.924,28.664,0.176,111,0.52,-0.06
"513",2020-11-18,95.71,1.81,24.119,7.179,0,5.246,22.959,-1.073,155,-0.84,-1.07
"514",2020-11-21,108.57,2.5,15.205,7.518,0,11.953,24.231,-0.541,108,-0.45,-0.74
"515",2020-11-24,94.29,1.6,19.78,7.843,0,7.666,23.955,-0.48,105,-0.49,-0.72
"516",2020-11-27,102.86,1.5,11.178,9.27,0,14.395,25.558,-0.194,75,-0.08,-0.46
"517",2020-11-30,102.86,1.43,16.491,8.042,0.05,11.23,25.679,0.232,-21,0.41,-0.35
"518",2020-12-03,102.86,1.38,13.814,9.749,0,5.403,19.919,-0.775,89,-0.7,-1.03
"519",2020-12-06,109.29,1.54,11.626,12.721,0,16.931,24.465,-0.441,65.1,-0.35,-0.7
"520",2020-12-09,115.71,1.78,16.568,9.532,0,5.095,16.096,-0.969,90.6,-0.84,-1.17
"521",2020-12-12,127.14,1.68,11.694,9.188,0.06,20.795,20.852,-0.398,36.7,-0.34,-0.72
"522",2020-12-15,103.57,1.51,12.577,10.729,0,20.591,26.032,-0.249,40.4,0.05,-0.52
"523",2020-12-19,121.43,2.08,16.378,9.237,0,10.349,19.867,-0.992,80.9,-0.93,-1.16
"524",2020-12-22,159.05,2.2,16.412,8.773,0,9.918,21.657,-0.806,72.4,-0.52,-1.09
"525",2020-12-25,180.71,3.15,15.805,8.722,0.24,15.264,20.653,-0.673,54.2,0.36,-1.15
"526",2020-12-28,182.14,2.54,16.662,10.697,0,9.794,19.433,-0.835,50.1,-0.7,-1.13
"527",2020-12-31,210,2.53,8.623,7.88,0,25.595,22.593,-0.299,-36.2,-0.21,-0.74
"528",2021-01-03,150.48,1.8,15.551,8.084,0,19.429,25.44,-0.437,43.8,-0.25,-0.71
"529",2021-01-06,218.57,3.09,17.487,11.608,0,13.299,20.602,-0.85,44.2,-0.75,-1.08
"530",2021-01-09,179.76,2.81,16.13,9.587,0,15.84,20.27,-0.676,42.8,-0.45,-0.98
"531",2021-01-12,262.38,3.02,11.168,9.798,0.01,27.097,21.267,-0.55,16.4,-0.3,-0.88
"532",2021-01-15,203.81,3,12.676,8.807,0,21.845,20.868,-0.357,-20.7,-0.24,-0.76
"533",2021-01-18,203.81,2.57,14.096,9.88,0,21.953,20.513,-0.567,38.1,-0.43,-0.87
"534",2021-01-21,316.19,2.62,13.31,8.758,0,20.822,21.375,-0.895,19.4,-0.69,-1.17
"535",2021-01-24,351.43,3.64,16.247,8.649,0.02,20.477,24.073,-0.715,30.1,-0.55,-0.96
"536",2021-01-27,208.57,1.9,17.169,9.513,0,20.567,26.671,-0.472,14,-0.28,-0.71
"537",2021-01-30,249.29,2.61,17.209,8.912,0,18.74,19.78,-0.902,17.1,-0.82,-1.29
"538",2021-02-02,177.86,2.27,25.546,7.616,NA,19.088,16.669,-0.285,-8.59,-0.06,-0.66
"539",2021-02-05,183.57,2.23,13.425,9.67,NA,27.137,20.116,-0.284,-16.6,0.03,-0.57
"540",2021-02-08,131.43,1.92,12.574,7.249,NA,27.772,26.344,-0.235,8.28,0.05,-0.53
"541",2021-02-11,167.14,1.81,13.589,6.358,NA,26.872,26.389,-0.383,4.4,-0.19,-0.66
"542",2021-02-14,177.86,2.18,12.476,6.074,0,28.24,27.098,-0.091,-23.5,0.15,-0.34
"543",2021-02-17,148.57,1.95,12.263,5.68,2.42,25.537,26.81,-0.448,86,-0.34,-0.68
"544",2021-02-20,162.86,1.9,19.953,7.008,0,19.328,23.493,-1.234,79.1,-0.7,-1.35
"545",2021-02-23,182.86,1.93,11.524,4.635,0,26.813,25.857,-0.655,-12.4,-0.55,-0.93
"546",2021-02-26,178.57,1.89,14.318,4.898,0,23.992,27.656,-0.514,12.3,-0.41,-0.75
"547",2021-03-05,250,5.61,14.936,7.02,0,25.184,22.635,-0.572,34.1,-0.28,-0.95
"548",2021-03-08,227.14,4.17,14.778,7.518,0,13.125,18.602,-1.718,61.3,-1.38,-1.47
"549",2021-03-11,200,3.08,4.91,5.894,0,31.42,22.709,-0.991,1.47,-0.94,-1.42
"550",2021-03-14,124.29,1.47,1.733,5.718,0,30.145,24.726,-0.364,-50.2,-0.16,-0.84
"551",2021-03-17,150,1.9,1.805,5.541,0,31.185,25.635,-0.057,-56,0.01,-0.32
"552",2021-03-20,173.57,0.81,4.981,6.336,0,31.976,22.124,-0.76,44.3,-0.57,-1.09
"553",2021-03-23,167.14,0.89,2.618,5.658,0,34.3,24.145,-0.299,-38.8,-0.21,-0.64
"554",2021-03-27,172.14,2.1,2.494,4.789,0,36.713,27.847,-0.329,-4.47,-0.29,-0.6
"555",2021-03-30,182.86,2.47,2.285,4.784,0,38.027,27.464,-0.296,-21,-0.19,-0.58
"556",2021-04-02,195,2.58,9.897,6.617,0,36.727,22.669,-1.441,64.5,-0.87,-1.46
"557",2021-04-05,173.57,2.14,2.444,6.516,0,38.432,21.51,-1.244,13.1,-1.09,-1.54
"558",2021-04-08,137.86,1.4,1.874,6.439,0.01,38.35,24.581,-0.533,-40.3,-0.52,-0.84
"559",2021-04-11,167.14,2.31,2.61,5.726,0.11,37.867,27.133,-0.128,-44.5,0.03,-0.66
"560",2021-04-14,147.14,1.98,1.965,6.057,0,38.84,26.264,-0.433,-11,-0.36,-0.75
"561",2021-04-17,163.57,2.06,1.742,6.438,0,39.364,28.491,0.008,-71.7,0.03,-0.3
"562",2021-04-19,161.43,1.51,2.051,5.845,0.08,41.757,29.265,0.137,-78.8,0.18,-0.19
"563",2021-04-22,155.24,2.28,2.566,6.159,0,40.687,27.019,-0.551,33.6,-0.49,-0.94
"564",2021-04-25,178.93,2.67,1.7,6.597,0,40.453,29.117,-0.012,-70.1,0.1,-0.41
"565",2021-04-28,135,1.88,1.994,6.713,0,40.83,27.692,-0.351,NA,-0.25,-0.61
"566",2021-05-01,131.19,1.96,1.922,6.225,0,41.72,31.127,-0.34,NA,-0.18,-0.66
"567",2021-05-04,149.76,2.16,2.418,6.55,0,43.693,29.854,-0.253,NA,-0.13,-0.49
"568",2021-05-07,161.79,2.48,1.842,6.383,0.14,45.255,30.689,-0.582,-7.18,-0.54,-0.86
"569",2021-05-10,183.81,3.84,1.32,7.192,0,44.814,29.783,-0.403,-34.5,-0.41,-0.73
"570",2021-05-13,168.57,2.31,1.022,6.993,0.01,46.691,32.069,-0.502,-18.5,-0.42,-0.76
"571",2021-05-16,175.24,2.37,0.839,6.894,0,48.218,26.67,-1.005,22.2,-1.01,-1.31
"572",2021-05-19,124.76,1.6,1.084,6.89,0.08,45.219,25.477,-0.854,6.82,-0.95,-1.12
"573",2021-05-22,189.29,2.68,1.744,6.133,0,45.82,25.683,-1.084,5.76,-1.2,-1.4
"574",2021-05-25,128.57,1.85,0.733,7.152,0,38.199,27.727,-0.465,-42.6,-0.34,-0.75
"575",2021-05-28,140.95,2.06,0.577,7.305,0,38.816,29.129,-0.365,-38.8,-0.12,-0.74
"576",2021-05-31,195,2.78,0.504,6.689,1.07,39.344,29.474,-0.469,NA,-0.41,-0.84
"577",2021-06-03,187.14,3.76,0.411,7.228,0.02,37.215,29.448,-0.129,NA,-0.11,-0.4
"578",2021-06-06,217.14,3.9,0.911,6.543,0.03,38.068,29.58,-0.264,NA,-0.24,-0.55
"579",2021-06-09,247.14,4.44,0.903,6.519,0.02,40.053,29.896,-0.576,-17,-0.56,-0.86
"580",2021-06-12,248.57,4.76,0.861,7.01,0,40.067,31.518,-0.238,NA,-0.07,-0.56
"581",2021-06-15,315.71,6.64,1.079,7.085,0.16,39.528,29.124,-0.138,-25.6,0.03,-0.45
"582",2021-06-18,305.71,6.37,1.395,7.208,0,37.437,30.002,-0.585,11,-0.64,-0.8
"583",2021-06-21,282.86,6.21,1.371,7.792,0,38.796,32.253,-0.402,-23.3,-0.31,-0.71
"584",2021-06-24,375.71,8.89,1.806,5.311,0.07,38.652,29.929,-0.582,-4.49,-0.37,-0.96
"585",2021-06-27,414.29,8.03,1.418,5.905,0.05,39.936,29.182,-0.385,-33.7,-0.26,-0.68
"586",2021-06-30,346.43,8.97,1.443,6.7,0.5,36.495,28.707,-0.604,32.1,-0.56,-0.88
"587",2021-07-03,186.43,6.94,1.218,7.094,0,36.648,32.13,-0.589,2.45,-0.49,-0.94
"588",2021-07-06,220.71,7.67,4.946,5.307,0.21,34.907,27.628,-0.244,-45.6,-0.1,-0.59
"589",2021-07-09,217.86,8.6,11.954,6.902,0,35.47,31.838,-0.531,15,-0.54,-0.83
"590",2021-07-12,212.14,7.43,7.976,6.511,0.31,35.803,29.812,-0.565,NA,-0.64,-0.83
"591",2021-07-15,194.64,6.38,3.231,6.672,0,35.653,30.739,-0.549,NA,-0.62,-0.81
"592",2021-07-18,164.76,6.69,1.19,6.699,0,36.165,31.509,-0.343,-20.1,-0.36,-0.61
"593",2021-07-21,234.29,8.11,1.374,6.767,0,36.981,32.077,-0.136,-43.4,0.01,-0.45
"594",2021-07-24,282.14,8.7,1.425,6.577,0.63,36.451,31.516,-0.057,-40.9,0.14,-0.54
"595",2021-07-27,259.29,9.49,1.363,8.059,0.87,35.269,32.338,0.09,-35.3,0.21,-0.22
"596",2021-07-30,242.86,7.21,1.073,6.949,0,34.302,33.085,-0.184,13.6,-0.15,-0.42
"597",2021-08-02,269.29,7.38,2.736,6.544,0,34.958,32.761,-0.253,-11.4,-0.24,-0.58
"598",2021-08-05,252.86,7.54,3.177,7.406,0,35.6,30.687,-0.224,-19.8,-0.17,-0.58
"599",2021-08-08,222.14,6.65,3.118,6.044,0.22,36.587,31.184,-0.188,-18.3,-0.05,-0.55
"600",2021-08-11,257.86,6.19,3.675,7.361,0.07,37.592,31.597,-0.267,4.21,-0.29,-0.55
"601",2021-08-14,257.14,5.71,3.866,6.848,0.94,40.1,28.943,-0.021,-63.9,0.18,-0.59
"602",2021-08-17,278.57,8.34,5.35,7.351,0,31.507,31.475,-0.021,23.2,0.05,-0.39
"603",2021-08-20,268.57,7.77,5.76,7.112,0,31.898,33.759,-0.1,1.61,0.13,-0.52
"604",2021-08-22,433.57,7.96,5.856,7.622,0,32.391,32.75,0.117,-29.1,0.3,-0.26
"605",2021-08-26,220.24,7.96,7.37,6.631,1.43,28.732,28.849,-0.191,55.6,-0.2,-0.63
"606",2021-08-29,237.86,13.15,8.229,6.359,0,30.392,30.94,-0.027,18,0.03,-0.33
"607",2021-09-01,246.43,9.18,8.616,7.77,0,28.701,32.496,-0.134,13.1,-0.04,-0.54
"608",2021-09-04,250,8.98,7.348,7.6,0,29.497,32.33,-0.184,17.7,-0.05,-0.53
"609",2021-09-07,223.1,6.49,6.341,6.631,0,30.669,32.199,-0.008,6.94,0.14,-0.35
"610",2021-09-10,222.5,6.37,7.931,8.094,0,32.257,32.68,0.023,11.5,0.03,-0.23
"611",2021-09-13,248.57,7.55,16.069,4.587,0.1,31.513,29.593,-0.34,49.2,-0.26,-0.66
"612",2021-09-16,307.14,15.41,11.418,6.187,0.19,35.618,30.254,0.26,-57.3,0.6,-0.18
"613",2021-09-19,294.29,14.78,12.313,7.365,0,34.908,31.648,-0.031,15.6,0.12,-0.37
"614",2021-09-22,258.57,8.36,12.634,5.359,1.52,33.933,29.453,0.013,16.5,0.07,-0.26
"615",2021-09-25,212.62,6.03,10.419,7.566,1.22,33.494,31.5,0.113,32.7,0.24,-0.27
"616",2021-09-28,243.57,7.86,19.85,5.862,0,27.244,28.857,-0.364,73.8,-0.43,-0.61
"617",2021-10-01,246.43,5.75,9.745,5.853,0.32,34.948,30.249,-0.019,22.2,0.06,-0.39
"618",2021-10-04,252.14,6.3,7.718,7.712,0,35.223,29.568,0.081,NA,0.25,-0.27
"619",2021-10-07,213.57,4.88,5.213,8.878,0,35.761,30.753,0.191,-9.59,0.25,-0.12
"620",2021-10-10,296.43,5.83,7.786,6.652,0,34.624,30.122,0.193,4.32,0.35,-0.17
"621",2021-10-13,292.86,6.39,12.439,5.487,0,34.452,29.58,0.028,43.8,0.1,-0.27
"622",2021-10-16,278.57,5.6,18.841,4.939,0,31.305,29.745,0.117,14.2,0.29,-0.28
"623",2021-10-19,268.57,7.67,20.461,6.268,0,28.751,27.095,-0.27,68.1,-0.24,-0.57
"624",2021-10-22,254.29,6.16,12.208,4.907,0.65,35.202,27.839,-0.013,-3.52,0.03,-0.38
"625",2021-10-25,215,4.85,16.613,6.033,0.03,31.188,28.514,0.161,-13.5,0.31,-0.13
"626",2021-10-28,209.29,4.01,17.922,6.101,0.27,31.443,29.216,0.425,-81.2,0.56,-0.13
"627",2021-10-31,261.43,4.9,16.38,6.301,0,33.913,25.608,0.172,45.1,0.3,-0.26
"628",2022-03-11,160.48,2.28,13.634,6.585,0,35.585,28.519,-0.255,-14.7,-0.06,-0.57
"629",2022-03-14,197.38,2.96,12.176,7.032,0,31.079,20.999,-1.46,56.2,-1.43,-1.51
"630",2022-03-17,207.86,2.74,5.401,7.4,0.01,36.513,28.379,-0.179,-51,-0.13,-0.52
"631",2022-03-20,157.14,2.18,7.41,6.367,0.2,37.009,29.159,-0.279,-13.2,-0.21,-0.57
"632",2022-03-23,182.14,2.18,7.572,6.819,0,37.705,26.638,-0.061,-73.7,0.18,-0.53
"633",2022-03-26,205.71,2.47,9.435,8.937,0,38.15,23.472,-0.721,38,-0.56,-1.11
"634",2022-03-29,202.14,2.27,10.718,8.107,0,39.057,25.448,-0.482,-5.91,-0.43,-0.79
"635",2022-04-01,173.57,2.08,13.335,6.975,0,40.673,28.187,-0.026,-48.2,0.09,-0.49
"636",2022-04-04,162.14,2.23,13.632,5.653,0.03,41.603,29.053,-0.211,-34.6,-0.2,-0.59
"637",2022-04-07,155.71,2.12,12.318,5.408,0,42.047,29.798,-0.086,-42.6,-0.11,-0.36
"638",2022-04-10,192.86,2.58,12.711,7.991,0,43.788,21.378,-1.097,47.7,-0.93,-1.35
"639",2022-04-13,189.29,1.83,12.07,6.355,0,44.665,25.284,-0.636,-23.1,-0.72,-0.97
"640",2022-04-15,191.43,2,8.907,5.52,0.02,42.407,28.6,-0.189,-53.6,-0.22,-0.53
"641",2022-04-18,97.86,1.69,7.832,5.947,0.47,41.83,29.099,-0.07,-51.2,0.16,-0.53
"642",2022-04-24,172.14,1.92,6.053,6.447,0.27,43.428,26.148,-0.796,-27.1,-0.78,-1.27
"643",2022-04-27,193.57,2.08,4.565,6.496,0,41.376,28.216,-0.279,-46.9,-0.26,-0.61
"644",2022-04-30,123.57,1.08,3.49,4.468,0.08,41.039,28.162,-0.149,-34.7,-0.08,-0.55
"645",2022-05-03,164.29,1.83,2.332,6.007,0,41.76,29.178,-0.383,-15.7,-0.28,-0.69
"646",2022-05-06,170.71,1.73,1.937,5.646,0,42.66,31.154,-0.276,-37.4,-0.18,-0.59
"647",2022-05-09,184.29,1.83,2.198,5.343,0.21,43.432,29.57,-0.372,5.41,-0.36,-0.76
"648",2022-05-12,163.57,2.1,3.974,6.266,0,46.027,26.331,-0.095,-60.5,0.11,-0.65
"649",2022-05-15,151.43,1.77,7.899,4.883,0.06,45.044,30.605,0.338,-45,0.59,-0.1
"650",2022-05-18,154.29,2.02,11.359,5.198,0,45.731,31.113,0.073,6.06,0.34,-0.35
"651",2022-05-19,181.43,2.85,12.454,5.175,0.32,46.211,31.652,0.113,-4.07,0.47,-0.3
"652",2022-05-22,205.71,3.74,16.03,5.225,0,48.906,29.858,-0.166,15.3,-0.08,-0.43
"653",2022-05-28,117.7,4.63,21.614,6.75,0,48.061,30.867,-0.07,-15.5,0.08,-0.4
"654",2022-05-31,120.68,4.9,NA,4.569,0,48.196,28.186,-0.378,2.69,-0.28,-0.72
"655",2022-06-03,232.86,3.95,NA,4.777,2.83,41.223,26.056,0.287,-17.7,0.55,-0.31
"656",2022-06-06,169.29,5.21,NA,4.269,0,32.695,30.851,0.079,29.9,0.31,-0.28
"657",2022-06-09,187.86,6.03,19.771,3.795,0.23,24.584,31.089,-0.234,86.1,-0.09,-0.48
"658",2022-06-12,198.57,5.12,25.486,4.294,0.15,19.447,32.074,-0.082,70,0.06,-0.45
"659",2022-06-15,190.71,4.2,31.015,2.006,0.23,20.716,31.756,-0.192,64.8,0.06,-0.55
"660",2022-06-18,189.29,4.04,20.625,2.967,0.94,26.598,32.502,-0.044,30.6,0.25,-0.44
"661",2022-06-21,182.86,2.68,21.54,3.823,0,19.061,30.417,-0.361,91,-0.26,-0.59
"662",2022-06-24,180.71,3.77,16.989,5.857,0,27.892,33.2,0.021,3.91,0.17,-0.36
"663",2022-06-27,197.14,3.58,17.977,4.717,0,27.236,31.994,-0.134,36.5,0.03,-0.51
"664",2022-06-29,240,4.93,18.068,4.995,0.29,26.466,33.26,-0.181,44.7,-0.06,-0.5
"665",2022-07-23,150.78,5.73,15.527,4.373,0.04,33.05,32.266,-0.324,34.9,-0.27,-0.66
"666",2022-07-26,272.86,5.28,15.616,4.189,1.41,34.427,28.473,-0.277,32.4,-0.16,-0.65
"667",2022-07-29,253.57,7.29,11.422,5.706,0,35.029,31.94,-0.301,33.9,-0.23,-0.59
"668",2022-08-01,215,5.79,8.723,7.428,0,35.507,31.287,-0.107,-14.1,-0.08,-0.39
"669",2022-08-04,298.57,5.71,9.229,7.228,0.03,33.943,31.903,-0.07,0.46,-0.1,-0.38
"670",2022-08-07,221.43,3.86,8.651,6.917,0.02,33.38,30.668,-0.32,28.8,-0.27,-0.61
"671",2022-08-10,237.86,4.04,10.125,7.67,0,33.867,30.657,-0.127,-5.88,-0.04,-0.43
"672",2022-08-13,237.86,3.96,11.806,6.896,0,33.643,31.181,-0.061,-21.7,0.07,-0.4
"673",2022-08-16,224.29,4.5,8.194,9.884,0,34.851,32.58,0.095,-42.4,0.03,-0.17
"674",2022-08-19,233.57,6.17,7.894,8.288,0,35.836,33.414,-0.07,-1.55,-0.03,-0.47
"675",2022-08-22,245.71,5.27,11.311,6.767,0,37.817,31.785,-0.229,-14.3,-0.18,-0.63
"676",2022-08-24,312.14,5.7,16.419,8.077,0,39.137,32.847,-0.062,-29.3,0.06,-0.47
"677",2022-08-28,234.29,4.74,24.759,5.591,1.49,39.173,31.676,0.27,-69.7,0.48,-0.21
"678",2022-08-31,248.57,5.98,31.218,7.402,0.01,38.117,32.031,0.314,-17.9,0.39,-0.01
"679",2022-09-03,237.86,4.43,32.4,6.173,0,38.388,31.884,-0.015,27.2,0.07,-0.36
"680",2022-09-06,276.43,5.8,32.559,5.871,0,39.926,32.754,0.067,-25.1,0.19,-0.34
"681",2022-09-09,241.43,3.72,32.565,5.562,0.11,41.104,30.556,0.607,-86.6,0.9,-0.01
"682",2022-09-12,247.14,4.57,33.102,5.676,0.08,41.535,31.936,0.237,19.4,0.29,-0.04
"683",2022-09-15,236.43,4.05,33.833,5.866,0.94,40.081,30.709,0.363,6.51,0.47,-0.02
"684",2022-09-18,239.29,5.07,36.858,6.129,0.01,38.183,29.348,0.023,44.3,0.08,-0.26
"685",2022-09-20,325,8.14,35.275,6.196,0.96,39.256,31.52,0.155,15,0.24,-0.3
"686",2022-09-24,190.75,5.69,35.947,5.157,0,36.095,31.189,0.388,-9.36,0.5,0.07
"687",2022-09-27,212.14,4.79,36.039,5.49,6.1,29.538,27.26,0.583,50,1.69,0.18
"688",2022-09-30,183.57,6.45,34.803,5.066,0,31.95,26.325,0.528,139,0.65,0.21
"689",2022-10-03,178.57,7.25,40.343,2.492,0,27.228,27.265,0.483,70.2,0.68,0.1
"690",2022-10-06,152.14,4.52,37.728,3.245,0,30.832,27.67,0.366,48.8,0.52,0.07
"691",2022-10-09,165.71,5.83,NA,4.749,0.11,28.147,28.666,0.185,52.8,0.35,-0.2
"692",2022-10-12,152.14,4.63,NA,4.137,0.01,29.807,31.206,0.283,38.3,0.38,0.02
"693",2022-10-15,145,3.89,NA,3.499,0,29.416,29.491,0.242,68,0.41,-0.16
"694",2022-10-18,165.71,4.59,NA,5.453,0,30.178,28.436,0.434,3.08,0.56,-0.02
"695",2022-10-21,156.43,5.71,NA,6.782,0,21.326,22.495,-0.265,99.2,-0.24,-0.56
"696",2022-10-24,183.57,6.75,20.174,6.024,0.01,33.508,25.181,0.248,5.06,0.34,-0.11
"697",2022-10-26,387.86,8.17,20.885,7.543,0,32.155,26.771,0.349,-0.24,0.47,0.01
"698",2022-10-29,145.71,4.9,22.872,5.73,0,30.896,26.892,0.022,64.9,0.17,-0.27
"699",2022-11-01,162.86,6.72,21.361,4.846,0,33.695,29.651,0.181,4.17,0.29,-0.16
"700",2022-11-04,156.43,5.12,23.96,4.755,0,32.008,28.03,0.003,38.4,0.01,-0.33
"701",2022-11-07,167.86,5.19,23.917,6.458,0,32.306,26.665,-0.042,58.6,0.15,-0.5
"702",2022-11-10,168.57,4.3,22.797,6.601,0.01,34.814,24.637,0.813,-120,0.86,-0.4
"703",2022-11-13,152.14,4.45,20.597,7.11,0,36.355,28.427,0.436,39.8,0.55,0.1
"704",2022-11-16,187.14,4.8,23.963,6.419,0,34.91,28.336,0.049,56.1,0.05,-0.26
"705",2022-11-19,184.29,5.05,30.394,6.833,0,31.21,22.788,-0.37,57.3,-0.45,-0.69
"706",2022-11-22,169.29,4.85,23.808,7.029,0.03,32.23,24.238,0.254,-10.1,0.23,-0.12
"707",2022-11-25,158.57,3.42,22.986,7.897,0,31.414,28.04,0.308,9.12,0.54,-0.04
"708",2022-11-27,178.57,6.38,23.823,7.261,0,30.941,28.149,0.369,-5.47,0.65,-0.04
"709",2022-12-01,144.17,1.99,29.451,5.87,0.02,28.584,27.193,-0.143,64.6,0.02,-0.6
"710",2022-12-04,138.32,1.8,26.116,7.177,0,29.701,24.12,-0.374,49.8,-0.38,-0.7
"711",2022-12-07,139.54,2.34,25.465,7.542,0.02,29.107,24.315,-0.089,30.2,0.01,-0.46
"712",2022-12-10,186.43,2.07,26.096,8.447,0,28.135,25.179,-0.143,22.9,-0.08,-0.48
"713",2022-12-13,195.71,2.35,27.096,8.246,0,27.498,23.604,0.082,-30.8,0.12,-0.3
"714",2022-12-16,196.43,2.36,23.209,7.065,1.21,31.323,25.68,0.305,41.3,0.47,-0.06
"715",2022-12-19,187.86,2.5,29.342,7.709,0,27.217,22.469,-0.525,92,-0.48,-0.79
"716",2022-12-22,188.57,2.08,24.026,8.232,0,30.514,24.966,0.239,-56.9,0.4,-0.12
"717",2022-12-25,180.71,2.15,29.346,9.352,0,24.662,9.754,-0.933,93.2,-0.86,-1.14
"718",2022-12-28,178.57,2.07,28.83,9.038,0,25.691,16.589,-0.404,41.9,-0.46,-0.69
"719",2022-12-31,175,2.04,23.116,9.007,0,31.095,24.411,-0.146,-5.16,-0.18,-0.4
"720",2023-01-03,169.29,2.45,22.112,7.691,0,31.449,25.718,-0.309,19.5,-0.3,-0.6
"721",2023-01-06,180.71,2.68,28.675,7.782,0,24.597,23.901,-0.73,68.1,-0.45,-1.16
"722",2023-01-09,185.71,2.31,27.343,8.304,0.26,25.185,23.555,-0.621,18.4,-0.56,-0.9
"723",2023-01-13,160.99,2.86,24.127,6.684,0.03,27.474,22.553,-0.425,2.93,-0.22,-0.83
"724",2023-01-16,168.58,3.13,19.423,8.645,0,29.782,15.597,-0.566,-13.1,-0.41,-0.9
"725",2023-01-19,145.28,2.15,15.833,8.812,0,32.382,22.037,-0.204,-17.4,-0.11,-0.52
"726",2023-01-22,145.96,2.66,14.551,7.187,0,32.268,25.145,0.002,-55.6,0.16,-0.51
"727",2023-01-25,152.8,2.69,12.685,7.115,0.01,32.126,24.892,-0.176,-39.2,-0.13,-0.78
"728",2023-01-28,189.04,3.64,16.803,7.946,0,23.881,20.025,-1.374,56,-1.06,-1.38
"729",2023-01-31,150.4,3.79,11.784,7.729,0,34.321,25.686,-0.461,0.01,-0.45,-0.74
"730",2023-02-03,156.46,3.27,12.406,7.153,0,34.038,26.489,-0.418,5.55,-0.27,-0.99
"731",2023-02-06,231.31,4.56,12.684,7.267,0,33.442,24.625,-0.499,-4.65,-0.54,-0.8
"732",2023-02-09,178.97,3.26,14.048,7.423,0,34.371,24.607,-0.55,-4.88,-0.59,-0.93
"733",2023-02-12,153.47,3.51,16.224,6.317,0.43,33.378,24.588,-0.406,11.2,-0.08,-0.82
"734",2023-02-14,201.29,4.22,18.482,8.36,0,32.122,20.433,-0.812,28.8,-0.63,-1.15
"735",2023-02-18,188.43,3.67,19.391,6.654,0,34.092,25.905,-0.648,21.8,-0.46,-1.12
"736",2023-02-21,224.37,4.67,20.557,7.324,0,35.329,27.499,-0.51,-9.46,-0.58,-0.87
"737",2023-02-24,218.88,5.4,23.585,6.35,0,34.629,27.36,-0.719,35.1,-0.75,-0.97
"738",2023-02-27,306.43,5.04,25.547,6.944,0,33.73,27.205,-0.688,-12.4,-0.48,-1.09
"739",2023-03-02,295.71,4.17,25.501,7.229,0,37.643,25.837,-0.453,-31.7,-0.47,-0.76
"740",2023-03-05,256.43,3.69,15.22,6.67,0,38.722,27.98,-0.316,-16.3,-0.35,-0.62
"741",2023-03-08,207.86,3.57,21.553,6.243,0.15,39.264,26.72,-0.235,-26.9,-0.28,-0.59
"742",2023-03-11,158.57,2.79,7.068,7.123,0,39.285,25.582,0.198,-89.6,0.22,-0.16
"743",2023-03-14,78.57,2.13,8.501,7.224,0,39.985,27.104,0.175,-28.2,0.23,-0.19
"744",2023-03-17,165.71,3.69,8.844,7.909,0,40.083,22.607,0.012,-70.2,0.12,-0.39
"745",2023-03-20,161.43,3.11,18.673,8.364,0.31,41.65,20.921,-1.012,67.8,-0.84,-1.27
"746",2023-03-23,160,3.03,9.184,7.339,0,40.995,24.331,-0.346,-18,-0.41,-0.63
"747",2023-03-26,146.43,2.8,7.151,6.652,0,42.322,27.969,-0.062,-39,-0.12,-0.33
"748",2023-03-28,160,2.65,12.916,6.949,0,43.501,29.299,-0.378,10.6,-0.39,-0.69
"749",2023-04-01,200,4.07,11.375,6.816,0,43.246,27.226,-0.556,-21.1,-0.6,-0.89
"750",2023-04-04,172.86,3.29,8.001,6.197,0,42.858,28.988,-0.313,-30.1,-0.4,-0.59
"751",2023-04-07,182.86,2.9,6.47,7.005,0,43.773,27.488,-0.423,-21.1,-0.52,-0.74
"752",2023-04-10,183.57,2.92,7.158,6.006,0,44.843,26.631,-0.374,-3.11,-0.31,-0.8
"753",2023-04-13,166.43,2.65,4.044,7.355,0.02,41.31,27.276,0.14,-91.8,0.25,-0.33
"754",2023-04-16,153.57,2.28,4.119,6.125,0,41.354,30.934,0.069,-37.1,0.08,-0.28
"755",2023-04-18,158.57,2.65,5.425,8.145,0,41.898,26.648,-0.309,48.6,-0.32,-0.75
"756",2023-04-27,177.14,1.98,4.56,6.124,0,41.66,29.888,-0.158,-7.47,-0.17,-0.54
"757",2023-04-30,147.86,1.84,5.068,5.601,0.33,40.877,27.951,0.649,-96.7,0.84,-0.05
"758",2023-05-03,171.43,3.1,5.91,7.364,0,42.944,28.417,-0.179,13.9,-0.15,-0.48
"759",2023-05-06,177.86,2.59,5.271,6.743,0,44.314,28.712,-0.291,-1.32,-0.28,-0.64
"760",2023-05-09,187.86,2.59,2.328,6.389,0,42.951,29.012,-0.226,-36.7,0,-0.66
"761",2023-05-12,241.43,7.46,2.295,6.409,0,44.029,28.904,-0.4,8.6,-0.43,-0.69
"762",2023-05-15,170,2.39,2.847,5.462,0.43,44.232,28.025,-0.272,-29,-0.28,-0.56
"763",2023-05-18,142.86,1.92,5.637,6.76,0,45.991,31.343,-0.06,-39.3,0.06,-0.45
"764",2023-05-21,169.29,2.65,8.389,5.364,0.47,46.27,29.681,-0.319,0.83,-0.27,-0.67
"765",2023-05-24,179.29,2.62,8.707,6.419,0.02,44.838,30.451,-0.106,-29.4,-0.07,-0.47
"766",2023-05-28,101.16,3.21,8.733,6.169,0,44.722,31.197,-0.101,-19.3,-0.14,-0.38
"767",2023-05-31,92.27,2.97,10.781,5.338,1.44,40.356,30.052,0.222,-56.8,0.36,-0.16
"768",2023-06-03,107.1,3.32,9.429,5.392,0.33,38.147,30.551,0.293,-43.3,0.44,-0.1
"769",2023-06-06,109.39,3.35,11.325,6.915,0,37.21,30.142,0.199,25.5,0.34,-0.17
"770",2023-06-09,113.47,4.35,8.855,6.688,0,36.023,29.868,0.432,-5.49,0.45,0.14
"771",2023-06-12,130.3,4.66,13.004,6.64,0.06,36.186,31.565,0.275,-18.9,0.35,-0.12
"772",2023-06-15,147.8,4.62,13.701,6.315,0,36.41,32.648,-0.014,32.1,0.12,-0.32
"773",2023-06-18,156.89,4.89,16.755,5.785,0.89,34.288,30.068,0.063,48.1,0.09,-0.3
"774",2023-06-21,200.77,8.09,17.402,7.014,0.07,33.239,31.635,-0.174,57.5,-0.13,-0.43
"775",2023-06-24,257.03,9.57,21.287,5.129,0.5,30.602,31.782,-0.409,67.1,-0.39,-0.65
"776",2023-06-27,286.99,12.24,21.954,7.157,0,29.083,32.422,-0.259,44.2,-0.28,-0.53
"777",2023-06-30,204.35,8.56,22.755,5.725,0.01,28.387,31.99,-0.094,31.2,-0.05,-0.42
"778",2023-07-03,243.06,10.42,20.313,5.018,0.08,30.947,34.641,-0.14,36.4,0.03,-0.51
"779",2023-07-06,197.86,5.3,21.575,5.985,0.22,30.567,33.561,-0.105,45.2,0.08,-0.45
"780",2023-07-09,210.71,7.24,22.711,7.045,0,25.939,33.611,-0.259,56.3,-0.3,-0.49
"781",2023-07-12,215,5.24,21.08,7.064,0,25.201,35.039,-0.292,40.2,-0.26,-0.56
"782",2023-07-15,206.43,3.68,16.414,3.864,0,33.534,34.245,-0.028,-4.08,0.13,-0.46
"783",2023-07-18,232.14,3.32,18.067,5.205,0,30.942,32.184,-0.205,48.9,-0.22,-0.48
"784",2023-07-21,201.43,3.1,19.151,6.336,0,28.364,33.525,-0.244,29.4,-0.26,-0.52
"785",2023-07-24,249.29,3.7,18.084,8.129,0,26.934,34.672,-0.314,40.6,-0.36,-0.58
"786",2023-07-27,212.14,3.14,21.674,5.233,0.47,23.469,28.514,-0.533,42.4,-0.52,-0.92
"787",2023-07-30,205.71,3.03,15.896,8.518,0,34.607,32.816,-0.239,11.6,-0.14,-0.62
"788",2023-08-02,191.43,2.39,15.822,5.643,0.02,33.632,32.793,-0.009,-10.9,0.11,-0.39
"789",2023-08-04,202.14,2.67,15.961,6.396,0,33.22,31.92,0.121,-29.3,0.18,-0.19
"790",2023-08-07,117.12,2.08,13.535,8.34,0,34.708,34.543,0.066,16.5,0.09,-0.23
"791",2023-08-10,155.92,2.14,14.484,6.819,0,33.465,33.832,-0.148,25.4,-0.06,-0.53
"792",2023-08-13,206.26,2.02,15.352,7.261,0.15,33.654,31.692,0.168,-42.9,0.22,-0.22
"793",2023-08-16,176.45,2.31,17.223,6.726,0.5,28.127,30.735,0.041,48.1,0.12,-0.24
"794",2023-08-19,162.1,2.17,15.946,4.794,0.49,27.311,31.097,-0.224,66.8,-0.1,-0.53
"795",2023-08-22,149.74,2.38,12.752,6.639,0,30.55,30.526,-0.415,87.7,-0.48,-0.69
"796",2023-08-25,148.79,3.01,11.546,6.977,0.03,33.703,30.411,-0.002,3.36,0.02,-0.34
"797",2023-08-28,128.36,2.14,11.21,7.044,0,33.997,31.276,0.561,-77.9,0.73,0.04
"798",2023-08-31,99.38,1.84,9.102,7.916,0,31.37,31.073,0.59,35.7,0.67,0.12
"799",2023-09-03,110.73,2.66,14.424,5.374,0,31.719,29.15,-0.216,101,-0.27,-0.49
"800",2023-09-06,128.62,2.42,11.727,5.712,0,31.262,30.856,-0.08,49.1,-0.01,-0.32
"801",2023-09-09,130.98,2.1,16.358,5.243,0,29.745,31.293,-0.031,31.7,0.11,-0.32
"802",2023-09-12,149.07,2.12,17.589,3.854,0,29.79,32.054,0.002,24.4,0.09,-0.3
"803",2023-09-15,162.14,2.1,18.102,4.689,0.1,30.77,31.831,0.165,3.47,0.2,-0.09
"804",2023-09-18,168.57,2.11,20.107,5.794,0.1,29.27,31.496,0.132,31.7,0.15,-0.19
"805",2023-09-21,152.86,1.85,19.412,5.168,0,28.561,30.249,-0.095,75.3,0.09,-0.44
"806",2023-09-24,152.14,1.88,16.248,4.828,2.65,32.45,30.054,0.212,12.9,0.57,-0.23
"807",2023-09-27,131.43,1.82,16.576,5.896,0,30.205,29.96,0.403,-2.52,0.55,-0.08
"808",2023-09-30,121.43,2.12,16.384,5.494,0.01,30.001,30.891,0.497,14.2,0.54,0.17
"809",2023-10-03,129.29,2.1,20.652,4.951,0,27.377,29.127,0.02,86.1,0.07,-0.23
"810",2023-10-06,167.14,2.22,16.846,7.599,0,30.252,30.698,0.508,-4.41,0.57,0.18
"811",2023-11-05,190.48,2.47,16.549,6.457,0,35.247,24.578,0.233,-41.8,0.25,-0.16
"812",2023-11-08,167.14,2.13,17.419,7.063,0,35.604,25.146,0.516,-26.6,0.48,0.2
"813",2023-11-11,166.43,2.08,16.377,6.235,0.02,35.58,28.32,0.354,26.4,0.47,0.07
"814",2023-11-14,216.43,2.47,18.295,5.5,0,35.263,26.632,0.079,16.6,0.06,-0.21
"815",2023-11-17,132.86,2.47,17.817,6.989,0,24.413,25.817,0.539,68.2,0.72,0.22
"816",2023-11-20,149.29,2.6,21.94,5.425,0,21.624,26.303,0.241,98.3,0.25,0.01
"817",2023-11-23,170.71,2.72,22.138,4.581,0,24.582,27.459,0.19,83.1,0.28,-0.14
"818",2023-11-26,180.71,1.97,27.992,5.965,0,18.262,27.031,0.276,43.7,0.27,-0.01
"819",2023-11-29,175,1.98,32.157,8.4,0,10.108,19.787,-0.604,119,-0.6,-0.83
"820",2023-12-02,166.43,1.94,23.465,7.646,0,24.068,25.521,0.2,18.6,0.27,-0.06
"821",2023-12-05,168.57,2.02,29.658,5.837,0,17.625,27.081,-0.395,90,-0.25,-0.63
"822",2023-12-08,165.71,2.22,28.924,8.207,0,17.824,20.227,-0.377,41.9,-0.29,-0.76
"823",2023-12-11,160,2.47,25.678,7.466,0,23.482,23.202,-0.225,50.4,0.25,-0.89
"824",2023-12-13,173.57,2.67,31.412,6.828,0.3,17.52,20.822,-0.691,80.4,-0.66,-1.02
"825",2023-12-17,98.33,2.09,23.15,7.215,0.34,18.935,22.128,0.959,-44.2,1.74,0.11
"826",2023-12-20,79.05,1.7,26.295,8.395,0,15.517,17.652,-0.6,123,-0.58,-0.8
"827",2023-12-23,93.57,1.88,24.592,8.408,0,17.892,20.498,-0.297,64.7,-0.24,-0.59
"828",2023-12-26,98.33,1.77,22.418,8.161,0.11,19.658,22.987,0.238,20.8,0.52,-0.16
"829",2023-12-29,105.71,2.14,29.636,8.393,0.01,12.466,18.994,-0.237,85,-0.07,-0.53
"830",2024-01-01,111.19,2.14,29.907,9.854,0,8.332,19.638,-0.675,87.6,-0.7,-0.86
"831",2024-01-04,115,1.91,26.096,8.886,0,21.156,21.815,-0.252,35.7,-0.23,-0.52
"832",2024-01-07,110.24,2.11,28.546,6.363,0.77,16.752,22.415,-0.339,82.7,0.11,-0.8
"833",2024-01-10,96.9,1.81,26.191,7.428,0.14,18.726,22.874,0.021,39.7,0.46,-0.39
"834",2024-01-13,90,2.15,28.192,7.755,0,16.459,25.331,0.103,-13.4,0.31,-0.47
"835",2024-01-16,98.57,1.83,28.929,6.73,0.04,17.204,25.456,0.047,-15.6,0.08,-0.36
"836",2024-01-19,103.57,1.87,31.925,7.232,0,13.274,25.312,-0.516,68.9,-0.36,-0.81
"837",2024-01-22,111.43,1.89,30.621,8.119,0,7.778,19.152,-1.498,NA,-1.25,-1.3
"838",2024-01-25,112.86,1.92,13.997,8.273,0,19.685,24.199,-0.542,18.9,-0.57,-0.84
"839",2024-01-28,93.57,1.88,23.223,7.058,0,17.625,25.671,-0.562,36.1,-0.47,-1.06
"840",2024-01-31,117.86,1.94,32.751,9.797,0,7.838,18.587,-0.976,44.1,-0.99,-1.16
"841",2024-02-03,126.43,2.04,17.831,7.663,0,24.106,21.819,-0.441,-0.81,-0.15,-0.83
"842",2024-02-06,115,2.44,19.392,8.279,0.01,23.593,19.315,-0.286,41.4,0.24,-0.77
"843",2024-02-09,141.43,2.14,15.092,7.905,0,28.302,21.342,-0.124,-8.36,-0.09,-0.5
"844",2024-02-12,97.86,1.68,11.517,6.936,0,28.955,25.034,0.258,-55.4,0.34,-0.04
"845",2024-02-14,115,2.91,14.969,7.544,0,28.339,21.443,-0.494,78.4,-0.45,-0.79
"846",2024-02-17,152.86,2.9,18.581,7.402,0,27.403,25.38,-0.251,-6.15,-0.04,-0.54
"847",2024-02-20,149.29,2.87,30.491,10.017,0,20.841,20.129,-0.803,71.8,-0.71,-1.05
"848",2024-02-23,148.57,3.06,16.674,8.356,0,26.809,21.757,-0.3,-38.5,-0.25,-0.72
"849",2024-02-26,157.86,4.12,20.92,9.247,0,22.49,21.354,-0.679,45.7,-0.75,-0.91
"850",2024-02-29,164.29,3.67,14.773,7.231,0,28.81,25.179,-0.689,50.5,-0.58,-0.96
"851",2024-03-03,183.57,3.8,22.016,6.692,0,26.606,27.016,-0.681,37.5,-0.65,-0.93
"852",2024-03-06,194.29,3.73,17.896,6.353,0.26,27.802,27.115,-0.451,1.66,-0.15,-0.72
"853",2024-03-09,197.86,3.95,22.513,6.625,0,26.051,28.213,-0.07,-42.1,-0.02,-0.4
"854",2024-03-12,167.14,3.11,24.605,7.809,0,25.298,24.841,-0.713,30.1,-0.64,-1.06
"855",2024-03-16,151.19,2.85,21.693,6.189,0,30.686,29.051,-0.57,5.43,-0.48,-0.85
"856",2024-03-19,194.05,3.3,29.568,8.031,0.02,26.649,27.216,-0.81,52.4,-0.51,-1.13
"857",2024-03-22,224.64,3.63,21.478,6.253,2.25,32.364,23.454,-0.234,-36.4,0.17,-0.66
"858",2024-03-25,185,3.08,30.385,8.437,0,22.9,25.151,-0.371,70.1,-0.43,-0.69
"859",2024-03-28,196.43,4.08,33.699,6.156,0,25.954,26.369,0.268,-66,0.77,-0.23
"860",2024-03-31,224.29,4.03,27.179,8.027,0,25.771,25.541,-0.369,37.7,-0.32,-0.66
"861",2024-04-03,238.57,4.39,33.721,6.493,0,24.393,27.623,0.201,-85.2,0.64,-0.2
"862",2024-04-06,232.86,3.85,37.36,7.822,0,22.317,24.319,-0.473,56.6,-0.39,-0.71
"863",2024-04-09,250.71,4.3,23.137,6.986,0,29.878,24.001,-0.363,21.1,-0.36,-0.68
"864",2024-04-12,193.57,3.27,21.466,6.6,0,29.514,27.401,-0.325,50.9,-0.09,-0.66
"865",2024-04-15,252.14,4.48,24.962,6.909,0,29.514,25.844,-0.797,34.9,-0.75,-1.04
"866",2024-04-18,241.43,5.03,17.422,6.859,0,30.007,26.815,-0.542,-2.8,-0.65,-0.77
"867",2024-04-21,215,4.63,16.395,6.725,0,29.867,28.404,-0.21,-33.9,-0.24,-0.48
"868",2024-04-24,262.86,4.74,16.262,6.458,0,30.898,25.332,-0.613,15.3,-0.59,-0.92
"869",2024-04-28,307.86,5.9,13.8,6.856,0.01,30.495,24.707,-0.718,19.4,-0.82,-0.97
"870",2024-05-01,251.43,4.18,14.117,6.717,0,29.384,27.011,-0.357,-14.7,-0.33,-0.71
"871",2024-05-04,210,3.06,10.526,6.705,0,27.599,27.803,-0.327,-25.1,-0.45,-0.58
"872",2024-05-07,217.86,3.37,17.027,6.667,0,29.451,28.816,-0.233,-29.9,-0.15,-0.53
"873",2024-05-10,228.57,3.51,14.703,6.902,0,28.239,29.773,-0.044,-46.1,-0.02,-0.32
"874",2024-05-13,242.86,4.99,19.66,6.333,0,29.494,30.916,-0.21,-34.3,-0.18,-0.53
"875",2024-05-15,262.86,3.51,21.1,7.333,0,31.569,30.848,-0.05,-40,0.04,-0.44
