"","X","mctn","actn","mctp","actp","mcsal","acsal","mctnm","actnm","actpm","mctpm","mcnh4","acnh4","mcdoc","acdoc","mcsalm","acsalm","aflow","amaxstage","aminstage","mflow","mmaxstage","mmeanstage","mminstage","gTOC","gDO","gTP","gsal","gturb","gtemp","gNH4","gpH","gsecchi","gdepth","gchl","gTN","rTOC","rDO","rTP","rsal","rturb","rtemp","rNH4","rpH","rsecchi","rdepth","rchl","rTN","tTOC","tDO","tNN","tNO3","tNO2","tTP","tsal","tturb","ttemp","tNH4","tAP","tOP","tpH","tsecchi","tdepth","tchl","tchlb","tTN","marshtotrain","marshmeanrain","tschlorophyll","tsDO","tspH","tsrainfall","tssalinity","tstemperature","tsmeanstage","gschlorophyll","gsDO","gspH","gsrainfall","gssalinity","gstemperature","gsmeanstage"
"1",87,147.927,244.428,1.384,3.288,18.27,24.92,133.571,275.714,3.247,1.005,3,15.929,1800,2200,13.8,17.9,45.3510344827586,-0.333448275862069,-0.815862068965517,64.0472413793103,-0.294827586206897,-0.413793103448276,-0.525862068965517,11.2,5.03,0.025,30.4,2.7,21.9,1.122,7.6,1.2,1.2,2.07,2.51,3.1,6.1,0.005,31.6,0.35,21.4,0.177,7.8,1.7,1.7,0.293,0.585,11.4,7.34,NA,NA,0.002,0.009,30,2.5,22.3,0.498,NA,NA,8.1,1.9,1.9,5.53,0.19,1.76,1.71,0.0589655172413793,24.0242857142857,7.97724137931035,8.24406896551724,0.0679310344827586,18.3922413793103,21.3395172413793,-0.499241379310345,13.573275862069,6.42041379310345,8.04962068965517,0.0679310344827586,23.942724137931,20.4119655172414,-0.535034482758621
"2",88,178.896363636364,289.155454545455,1.78454545454545,3.19272727272727,23.0818181818182,30.8454545454545,140,287.143,2.95,1.043,1.5,2.214,1975,2400,17.5,28,8.79129032258064,-0.500967741935484,-0.870645161290323,3.14483870967742,-0.422258064516129,-0.518064516129032,-0.613225806451613,13.55,4.095,0.024,33.95,2,24.65,0.932,7.65,0.95,0.95,2.07,2.475,6.35,4.605,0.0135,33.4,0.775,24.3,0.1375,7.85,1.45,1.45,1.1265,0.9525,8.75,5.545,NA,NA,0.00125,0.00625,31.1,1.8,24.45,0.2965,NA,NA,8.1,1.5,1.5,3.417,0.188358490566038,1.27,1.49,0.0480645161290323,16.8066451612903,7.18432258064516,8.44506451612903,0.0706451612903226,24.6961612903226,25.5806774193548,-0.568838709677419,25.8441290322581,5.38754838709677,7.96464516129032,0.0374193548387097,31.6910322580645,25.4122903225806,-0.558903225806452
"3",89,207.551428571429,291.858,2.00857142857143,2.924,22.8428571428571,38.6,154.286,236.429,1.058,1.472,1.857,2.8925,1675,1441.667,20.4,39.9,-6.73,-0.434333333333333,-0.797,-4.43233333333333,-0.324,-0.416,-0.499666666666667,15.9,3.16,0.023,37.5,1.3,27.4,0.742,7.7,0.7,0.7,2.07,2.44,9.6,3.11,0.022,35.2,1.2,27.2,0.098,7.9,1.2,1.2,1.96,1.32,6.1,3.75,NA,NA,5e-04,0.0035,32.2,1.1,26.6,0.095,NA,NA,8.1,1.1,1.1,1.304,0.186716981132075,0.78,6.9,0.23,9.4118,7.4114,8.35183333333333,0.0763333333333333,26.6923666666667,26.9265333333333,-0.465966666666667,16.2236666666667,4.50192307692308,8.13643333333333,0.0503333333333333,36.9659,25.8982666666667,-0.455633333333333
"4",90,186.07,278.571,1.62,3.816,25.55,47.07,155.714,285,2.742,1.432,2.071,3.571,1666.667,2158.333,24.4,42.2,-3.5658064516129,-0.287741935483871,-0.668387096774194,6.3341935483871,-0.173225806451613,-0.26258064516129,-0.345483870967742,13.35,3.905,0.0305,38,4,29.05,0.3915,7.95,0.65,0.95,7.285,2.08,10.1,3.97,0.026,40.3,1.8,30,0.064,8.2,1.3,1.3,3.56,1.35,14.5,5.94,NA,NA,0.00065,0.006,34.7,2.4,30.2,0.096,NA,NA,8.4,1.1,1.1,0.592,0.185075471698113,1.47,5.85,0.188709677419355,3.60853333333333,7.30612903225806,8.26354838709677,0.0758064516129032,30.2693225806452,28.9888709677419,-0.319935483870968,11.0500588235294,5.67629032258065,7.88806451612903,0.0351612903225806,39.9431612903226,27.9213870967742,-0.315193548387097
"5",91,202.43,267.5,1.868,3.818,27.67,47.56,152.857,162.857,1.61,0.945,2.429,7.429,1575,1141.667,26.3,38.8,2.54066666666667,-0.317,-0.649333333333333,0.0286363636363634,-0.332727272727273,-0.408181818181818,-0.476818181818182,10.8,4.65,0.038,38.5,6.7,30.7,0.041,8.2,0.6,1.2,12.5,1.72,8.3,3.83,0.026,36.6,3,30.7,0.016,8.2,1.6,1.7,5.4,1.23,12.1,6.02,NA,NA,8e-04,0.012,38.3,2.2,31,0.061,NA,NA,8.3,1.7,1.7,0.648,0.183433962264151,1.44,8.4,0.28,5.94068,6.9096,8.25306666666667,0.108666666666667,32.3460666666667,31.3,-0.400933333333333,10.5224137931034,5.94396666666667,8.049,0.212666666666667,41.4089,29.7025,-0.387
"6",92,214.168333333333,287.45,2.59833333333333,3.97142857142857,24.3833333333333,32.0571428571429,124.286,154.286,1.271,0.673,10.5,5,1541.667,1508.333,22.3,40.4,6.90903225806452,-0.459354838709677,-0.726129032258064,16.9812903225806,-0.408064516129032,-0.470322580645161,-0.538709677419355,12.35,3.83,0.0355,38.1,8.5,30.3,0.031,8.05,0.65,0.95,14,1.815,11.3,4.85,0.035,38.8,3.9,31.3,0.017,8.1,1.3,1.3,12,1.59,15.6,6.07,NA,NA,0.00095,0.009,39.3,1.4,31.4,0.034,NA,NA,8.2,1.1,1.1,0.848,0.181792452830189,1.58,3.12,0.100645161290323,8.30138709677419,7.17445161290323,8.57561290322581,0.205806451612903,29.4896774193548,31.9778709677419,-0.520516129032258,17.246935483871,5.91561290322581,8.29029032258065,0.212903225806452,34.9582903225806,31.4762258064516,-0.510290322580645
"7",93,127.14,208.93,0.76,3.505,26.2,35.8,129.286,222.857,2.801,0.623,4.857,3.643,1608.333,2383.333,19.95,25.5,10.7003225806452,-0.245806451612903,-0.594838709677419,18.4677419354839,-0.173548387096774,-0.251612903225806,-0.337741935483871,13.9,3.01,0.033,37.7,10.3,29.9,0.021,7.9,0.7,0.7,15.5,1.91,12.9,3.36,0.039,39.4,6.5,30.2,0.017,7.9,1,1.8,18.9,1.73,15,4.45,NA,NA,0.0011,0.008,38.5,2.5,31.3,0.064,NA,NA,8.2,1.4,1.4,1.04,0.180150943396226,1.7,9.94,0.320645161290323,5.00629032258064,6.75338709677419,8.33877419354839,0.358387096774194,28.3519032258065,30.9816774193548,-0.307,10.3904642857143,5.86645161290323,8.26793548387097,0.281935483870968,33.4921290322581,30.8458387096774,-0.304709677419355
"8",94,129.739090909091,241.071,0.884545454545455,3.978,19.4454545454545,27.17,123.571,190,1.409,0.772,4.929,3,1658.333,2550,13.84,19.6,48.11,-0.0893333333333333,-0.432666666666667,103.023333333333,0.00423076923076923,-0.07,-0.146923076923077,11.075,4.675,0.0275,37.1,7.125,26.55,0.01725,7.95,0.85,0.85,14.017,1.5475,14.9,4.96,0.062,37.2,9.9,29.8,0.018,7.9,1.4,1.8,30,2.31,16,6.08,NA,NA,0.00125,0.008,36,2.2,30,0.107,NA,NA,8.2,1.1,1.1,1.37,0.178509433962264,1.55,8.88,0.296,12.7334666666667,5.8598,8.03493333333333,0.167366666666667,20.2134666666667,30.4507,-0.171766666666667,15.2295,5.3908,8.09723333333333,0.119,29.3473333333333,31.7809333333333,-0.174433333333333
"9",95,140.612857142857,217.62,1.04166666666667,2.005,21.1428571428571,25.4833333333333,115,204.286,1.366,0.466,2.214,1.143,1666.667,1566.667,11.6,32.8,35.4238709677419,-0.11741935483871,-0.493225806451613,48.4612903225806,0.022258064516129,-0.0696774193548387,-0.162258064516129,8.25,6.34,0.022,36.5,3.95,23.2,0.0135,8,1,1,12.534,1.185,13.2,5.98,0.045,38.1,6.2,23.3,0.02,7.9,1.3,1.3,21.6,2.04,13.2,6.78,NA,NA,0.0014,0.007,33.7,2.1,24,0.029,NA,NA,8.2,1.5,1.5,2.06,0.176867924528302,1.31,5.02,0.161935483870968,14.429064516129,6.889,8.23887096774193,0.149806451612903,21.8909677419355,27.1818709677419,-0.121483870967742,20.7037419354839,5.84196774193548,8.17509677419355,0.131612903225806,31.3983225806452,27.1147096774194,-0.170096774193548
"10",96,124.883333333333,200.071,1.105,2.39888888888889,19.6166666666667,29.61,128.571,152.857,1.29,1.186,2.714,1.3215,1566.667,1841.667,17.4,33.4,23.104,-0.106333333333333,-0.471666666666667,31.7,-0.001,-0.0736666666666667,-0.148,7.4,5.335,0.01425,32.3,2.675,23.8,0.085,7.95,1.15,1.15,6.6515,0.9475,14.5,7.24,0.042,32.2,4.6,26,0.02,7.9,0.5,1.5,14.2,2.01,10.8,8.06,NA,NA,0.00155,0.003,28.1,1,25.6,0.027,NA,0.002,8.2,1.5,1.5,0.306,0.17522641509434,0.925,0.27,0.009,16.7428666666667,7.737,8.26303333333333,0.00466666666666667,20.2794,23.7403333333333,-0.1068,16.7839,7.3493,8.22766666666667,0.004,29.3435,23.4281,-0.145433333333333
"11",97,126.858,160.194545454545,1.23777777777778,2.484,17.6909090909091,26.6,120,175,1.806,0.918,1.143,1.5,1441.667,2116.667,17.2,16.6,30.7325806451613,-0.526451612903226,-0.880322580645161,33.5192,-0.409032258064516,-0.500645161290323,-0.594838709677419,6.55,4.33,0.0065,28.1,1.4,24.4,0.1565,7.9,1.3,1.3,0.769,0.71,14.6,6.29,0.043,31,6.8,24.5,0.058,8,1.8,2.7,10.2,1.99,12.6,6.59,NA,NA,0.0017,0.006,27.8,1.2,25.1,0.036,NA,0.00192592592592593,8.2,1.1,1.1,0.608,0.173584905660377,1.02,0.88,0.0283870967741936,13.4200967741935,7.42858064516129,8.32096774193548,0.159354838709677,18.4226774193548,25.1478387096774,-0.585516129032258,6.67741935483871,7.15641935483871,8.30603225806452,0.0509677419354839,26.1062333333333,24.7850967741935,-0.618903225806452
"12",98,172.5,130.358,2.18,1.89333333333333,24.2666666666667,31.3888888888889,119.286,147.143,2.218,1.34,2,17.143,1216.667,1483.333,22.5,31.6,6.32806451612903,-0.404193548387097,-0.846129032258064,2.65366666666667,-0.331666666666667,-0.444333333333333,-0.541666666666667,6.675,4.875,0.01425,32.7,2.8,24.85,0.18225,7.95,1.15,1.15,7.7345,0.8495,5,6.31,0.011,34.6,3.3,21.3,0.198,7.9,1.3,1.3,1.15,0.601,11.1,6.44,NA,NA,0.00185,0.021,34,4.8,23.4,0.017,NA,0.00185185185185185,8,1,1.2,10.2,0.171943396226415,1.32,1.51,0.0487096774193548,8.56032258064516,7.27993548387097,8.3478064516129,0.0387096774193548,23.5096451612903,22.4252903225806,-0.525161290322581,2.41364516129032,6.96574193548387,8.2511935483871,0.047741935483871,30.6688620689655,21.5834516129032,-0.557225806451613
"13",99,165.918571428571,181.43,2.29714285714286,3.81,24.9666666666667,39.2,96.429,148.571,0.561,1.016,4.786,27.214,1216.667,1491.667,32.8,33.8,2.51392857142857,-0.635357142857143,-1.01857142857143,-5.38535714285714,-0.549642857142857,-0.638214285714286,-0.722857142857143,6.8,5.42,0.022,37.3,4.2,25.3,0.208,8,1,1,14.7,0.989,5.2,5.85,0.023,36.5,9.7,24.8,0.103,8,1.3,1.3,6.16,0.713,12.6,7.39,NA,NA,0.002,0.011,33.8,8.7,25.6,0.042,NA,0.00177777777777778,8.2,1.1,1.1,1.41,0.170301886792453,1.37,1.74,0.0621428571428571,10.0151666666667,7.22285714285714,8.54939285714286,0.0321428571428571,26.0521785714286,24.1286428571429,-0.690178571428571,3.78864285714286,6.34846428571429,8.01417857142857,0.0635714285714286,33.2486428571429,23.5232142857143,-0.717464285714286
"14",100,191.856,253.506363636364,2.884,6.26818181818182,25.1,41.7363636363636,86.429,192.143,1.671,0.296,2.929,2.071,1066.667,1866.667,39.7,33.5,-2.42290322580645,-0.851612903225806,-1.18193548387097,-9.83,-0.738387096774194,-0.825806451612903,-0.903548387096774,6.35,6.295,0.01275,38.7,2.55,25.05,0.117,8.2,1.05,1.05,7.48775,0.807,6.8,6.95,0.016,40.9,1.6,20.7,0.088,8.1,1,1,0.361,0.812,10.6,6.61,NA,NA,0.002,0.009,39.4,8.4,21,0.043,NA,0.0017037037037037,8.2,1,1,0.503,0.168660377358491,1.12,0.99,0.0319354838709677,4.2695,7.46951612903226,8.29606666666667,0.0390322580645161,29.5039677419355,23.6740967741935,-0.895741935483871,3.04966666666667,6.8434,8.26524137931034,0.0251612903225806,38.6972580645161,23.8955161290323,-0.94841935483871
"15",101,112.43,244.499,1.378,3.999,42.1833333333333,53.94,103.571,143.571,0.898,0.399,4.214,20.857,1350,1216.667,37.5,51.1,-28.6266666666667,-0.456666666666667,-0.787333333333333,-26.6113333333333,-0.359666666666667,-0.432666666666667,-0.499333333333333,5.9,7.17,0.0035,40.1,0.9,24.8,0.026,8.4,1.1,1.1,0.2755,0.625,12.1,6.71,0.008,40.1,1.6,24.8,0.023,8.4,1.2,1.2,0.601,1.22,10.2,7.36,NA,NA,0.002,0.004,36.8,1,25,0.058,NA,0.00162962962962963,8.2,1.2,1.2,0.311,0.167018867924528,1.01,2.14,0.0713333333333333,2.07073333333333,6.79296666666667,8.29886666666667,0.0456666666666667,38.3852666666667,26.6845333333333,-0.4882,1.32714285714286,6.7186,8.41306666666667,0.05,44.5518333333333,25.6444333333333,-0.477433333333333
"16",102,123.573333333333,241.07,1.33666666666667,3.312,42.8666666666667,57.17,97.857,162.143,0.752,0.295,3.286,23.929,1300,1725,42.6,56.7,-30.0448387096774,-0.381612903225806,-0.775483870967742,-23.0687096774194,-0.328064516129032,-0.407741935483871,-0.485483870967742,6.425,6.2725,0.005375,40.775,1.075,25.625,0.03725,8.275,1.075,1.075,0.315625,0.6985,11.7,7.22,0.016,43.5,1.4,25.5,0.156,8.1,2.3,2.3,0.295,1.31,12.8,6.51,NA,NA,0.002,0.007,38.5,1.3,25.3,0.049,NA,0.00155555555555556,8.2,2.1,2.1,0.256,0.165377358490566,1.24,1.53,0.0493548387096774,2.61890322580645,7.36325806451613,8.26112903225807,0.0709677419354839,39.8825161290323,29.9941612903226,-0.469,1.20209523809524,6.96241935483871,8.56706451612903,0.0432258064516129,45.9559032258065,29.3738387096774,-0.445129032258064
"17",103,135.116666666667,255.895,1.71833333333333,3.20222222222222,35.8833333333333,46.38,118.571,192.143,1.337,0.788,1.786,13.393,1575,1791.667,30.8,40.4,-7.69533333333333,-0.192333333333333,-0.550666666666667,6.072,-0.124666666666667,-0.201,-0.278,6.95,5.375,0.00725,41.45,1.25,26.45,0.0485,8.15,1.05,1.05,0.35575,0.772,5.75,3.54,0.0045,44.4,0.5,32.4,0.049,8.1,1.4,1.4,0.1605,0.63,12.7,5.34,NA,NA,0.002,0.006,39.6,1,32.2,0.076,NA,0.00148148148148148,8.2,1.2,1.2,0.338,0.163735849056604,1.22,10.78,0.359333333333333,3.67169565217391,7.55753333333333,8.25176666666667,0.406666666666667,35.3815333333333,31.1609,-0.2804,4.04431034482759,6.83426666666667,8.42956666666667,0.238333333333333,44.6437333333333,30.1592,-0.259866666666667
"18",104,150.999,216.0725,1.759,2.76,37.81,50.225,122.143,206.429,1.884,0.831,2.286,2.857,1441.667,1925,32.6,34.9,-1.78387096774194,-0.229032258064516,-0.549354838709677,-7.64290322580645,-0.187741935483871,-0.242258064516129,-0.306129032258065,7.475,4.4775,0.009125,42.125,1.425,27.275,0.05975,8.025,1.025,1.025,0.395875,0.8455,11,4.98,0.012,43.8,1.6,31.1,0.064,8,1.4,1.4,0.725,1.13,12.4,4.77,0.005,0.005,0.002,0.004,41.5,1.4,31.1,0.047,NA,0.00140740740740741,8.1,1.1,1.1,0.318,0.162094339622642,1.17,6.28,0.20258064516129,2.1398064516129,7.66048387096774,8.33087096774194,0.134838709677419,34.8118709677419,32.7027419354839,-0.285064516129032,9.708,6.66545161290323,8.53516129032258,0.194516129032258,44.1345806451613,31.6264516129032,-0.242967741935484
"19",105,151.999,260.793333333333,1.541,3.21,38.6,49.93,128.571,263.571,2.207,0.603,4,1,1783.333,2483.333,34.2,33.9,14.3587096774194,-0.229032258064516,-0.568709677419355,13.0429032258065,-0.159032258064516,-0.219354838709677,-0.284516129032258,8,3.58,0.011,42.8,1.6,28.1,0.071,7.9,1,1,0.436,0.919,5.2,4.49,0.01,41.2,1.8,27.9,0.073,7.8,1.5,1.5,0.473,0.634,15.8,4.55,0.006,0.0056,0.002,0.007,41.9,1.1,28.9,0.048,NA,0.00133333333333333,8.1,1.3,1.3,1.35,0.160452830188679,1.58,3.46,0.111612903225806,2.2938064516129,8.58548387096774,8.33151612903226,0.126451612903226,36.9660476190476,32.6930322580645,-0.286354838709677,8.92636,6.65967741935484,8.49034482758621,0.164193548387097,47.114935483871,31.5685161290323,-0.237193548387097
"20",106,136.2135,169.29,1.6535,3.31,25.475,18.2,133.571,263.571,4.749,2.323,2.5,52.714,2133.333,2325,10.1,14.4,21.9611111111111,0.197142857142857,-0.276785714285714,124.791,0.606,0.427,0.248666666666667,9.325,3.56,0.0205,32.15,3.625,27.35,0.0825,7.85,0.7,0.915,4.614,1.1195,16.2,0.73,0.079,33.2,10.9,29.6,0.167,7.2,0.45,1.5,16.5,2.26,16.1,1.55,0.007,0.0062,0.002,0.048,31.7,12.8,29.4,0.298,NA,0.00125925925925926,7.2,0.7,1.3,10.3,0.158811320754717,1.94,12.96,0.432,16.3625,2.88683333333333,7.7119,0.542333333333333,14.339,30.6770666666667,0.0141052631578947,7.91022222222222,2.23016666666667,7.46788888888889,1.85368421052632,31.4529666666667,30.5911,0.165766666666667
"21",107,120.428,177.429,1.766,2.944,12.35,20.56,122.143,222.857,3.174,1.256,26,23.214,1625,2183.333,6.9,19.9,65.3526315789474,0.155416666666667,-0.4,157.211290322581,0.377096774193548,0.279677419354839,0.172903225806452,10.65,3.54,0.03,21.5,5.65,26.6,0.094,7.8,0.4,0.83,8.792,1.32,16,5.9,0.045,26.8,10.5,27.3,0.013,8,0.52,1.5,33.7,2.2,16.3,4.95,0.008,0.0068,0.002,0.037,22.3,6.5,28,0.114,NA,0.00118518518518519,7.9,0.69,1,14.4,0.157169811320755,1.54,5.57,0.179677419354839,25.0818064516129,1.81658064516129,7.50641935483871,0.229161290322581,10.8375483870968,27.6371290322581,0.0916774193548387,55.92425,4.88170967741936,7.95822580645161,0.218064516129032,21.7598709677419,27.2942903225806,0.111225806451613
"22",108,137.858,186.786,1.258,3.213,12.43,23.84,129.286,196.429,1.677,1.032,11.929,59.071,1383.333,1833.333,9.5,17,40.65,-0.151666666666667,-0.660666666666667,47.755,-0.062,-0.175333333333333,-0.284666666666667,8.225,5.54,0.0345,25.25,15.65,21.1,0.2025,7.7,0.3,0.915,9.017,1.2325,10.6,7.61,0.038,28.9,17.9,24.3,0.073,8,0.4,1.5,23.9,1.58,14,7.33,0.009,0.0074,0.002,0.019,22.1,13.9,24.9,0.017,NA,0.00111111111111111,8,0.7,1.4,19.2,0.155528301886792,1.6,0.57,0.019,36.5862,6.03423333333333,8.0035,0.0528,13.2709666666667,25.3691,-0.262033333333333,44.4887333333333,6.2387,8.02106666666667,0.023,27.7881,25.2219,-0.2255
"23",109,185.713,219.072,2.256,2.901,24.31,17.5,165.714,227.143,2.04,2.178,10.286,66.5,1383.333,1441.667,11.6,17,25.1729032258065,-0.309032258064516,-0.800645161290323,25.6309677419355,-0.273548387096774,-0.388387096774194,-0.499032258064516,5.8,7.54,0.039,29,25.65,15.6,0.311,7.6,0.2,1,9.242,1.145,7.3,8.34,0.03,28.2,21.5,15.8,0.462,7.7,0.4,1.3,5.85,1.18,15.1,8.64,0.01,0.008,0.00233333333333333,0.035,25.5,17.7,16.7,0.016,NA,0.00103703703703704,7.8,0.5,1.2,25.3,0.15388679245283,2.07,0.42,0.0135483870967742,37.1315806451613,6.78387096774194,8.03745161290323,0.0141935483870968,17.8541290322581,23.4491935483871,-0.44741935483871,35.8930322580645,7.30390322580645,8.074,0.0196774193548387,26.1359677419355,22.8591290322581,-0.453290322580645
"24",110,180.129090909091,212.597272727273,1.7775,3.68818181818182,18.72,22.8272727272727,125.714,214.286,2.181,1.268,7.85725,34.2855,1225,1512.5,14.1,17.85,22.3090322580645,-0.82258064516129,-1.19709677419355,23.158064516129,-0.714193548387097,-0.838709677419355,-0.953225806451613,7.2,8.18,0.0335,29.25,16.525,20.9,0.233875,7.9,0.25,1,12.392,1.235,7.1,8.76,0.025,30,12.9,18,0.161,8.1,0.6,1.2,7.19,1.06,7.15,7.24,0.011,0.0086,0.00266666666666667,0.0155,25.3,9.85,17.9,0.0705,NA,0.000962962962962963,8,0.4,1.1,10.192,0.152245283018868,1.08,0.55,0.017741935483871,30.7060322580645,7.66570967741935,8.056,0.0461290322580645,18.8907741935484,19.7316451612903,-0.907129032258065,33.1732903225806,7.61806451612903,8.10751612903226,0.0348387096774194,26.3438064516129,19.3783225806452,-1.00651612903226
"25",111,160.874444444444,238.333333333333,2.13625,3.02444444444444,21.08,31.0666666666667,135,201.429,2.322,1.401,5.4285,2.071,1225,1583.333,20.7,18.7,6.1936,-0.8156,-1.1752,-4.47107142857143,-0.755357142857143,-0.8425,-0.949285714285714,8.6,8.82,0.028,29.5,7.4,26.2,0.15675,8.2,0.3,1,15.542,1.325,17.4,7.57,0.073,31.6,17,26.7,0.0855,8,0.3,1.3,53.1,2.51,9.4,7.71,0.012,0.0092,0.003,0.012,26.8,6.5,26.6,0.316,NA,0.000888888888888889,7.9,1,1,1.09,0.150603773584906,1.32,1.15,0.0410714285714286,21.8100714285714,6.79260714285714,8.17528,0.0303571428571429,22.6907142857143,25.21125,-0.885607142857143,49.6677857142857,6.23128571428571,8.10064285714286,0.0571428571428571,30.4991428571429,25.1572857142857,-0.832678571428571
"26",112,116.715,244.428,1.12,3.59,30.41,41.64,119.286,218.571,2.666,1.123,2.99975,0.571,1266.667,1025,26.3,36.7,-32.1248387096774,-0.256451612903226,-0.859354838709677,-36.7096774193548,-0.246129032258065,-0.392903225806452,-0.521612903225806,7.375,5.395,0.022,35.2,5.775,27.85,0.079625,8.05,0.45,1,12.967,1.1125,13.3,7.82,0.065,32.9,18.9,25.6,0.01,7.9,2,2.4,41.9,2.11,10.1,6.66,0.013,0.0098,0.00333333333333333,0.008,26.9,4.6,26.5,0.163,NA,0.000814814814814815,7.9,2,2,1.1,0.148962264150943,1.19,0.39,0.0125806451612903,11.5783225806452,7.21190322580645,8.14264516129032,0.0119354838709677,27.9882258064516,23.5317741935484,-0.418193548387097,31.9927096774194,6.63364516129032,8.09570967741936,0.0141935483870968,34.59976,23.0785806451613,-0.417290322580645
"27",113,133,181.298181818182,1.202,2.09272727272727,33.02,48.4727272727273,136.429,170,1.805,1.065,0.571,1,1325,1125,29.6,42.6,-18.7403333333333,-0.343333333333333,-0.824666666666667,-8.91433333333333,-0.296666666666667,-0.415333333333333,-0.531,6.15,1.97,0.016,40.9,4.15,29.5,0.0025,7.9,0.6,1,10.392,0.9,8.7,2.26,0.022,38.7,5,29.4,0.116,7.9,1.3,1.3,6.89,1.14,10.7,1.89,0.014,0.0104,0.00366666666666667,0.018,35.1,2.1,29.4,0.146,NA,0.000740740740740741,7.8,2.1,2.1,1.87,0.147320754716981,1.32,1.91,0.0636666666666667,11.6757333333333,6.12193333333333,8.13856666666667,0.129333333333333,32.6993,27.8399,-0.450166666666667,9.21496666666667,5.4526,7.92293333333333,0.125666666666667,33.1794388235294,27.4739333333333,-0.4469
"28",114,145.584545454545,191.858,1.56,3.061,33.4727272727273,40.85,152.143,182.857,3.456,1.592,0.929,1.786,1358.333,2116.667,26.6,21.4,17.3325,-0.560740740740741,-0.982592592592593,7.19,-0.535161290322581,-0.651612903225806,-0.755483870967742,9.175,3.335,0.0245,34.5,6.325,29.35,0.23975,8,0.6,1,11.146,1.39,7.6,5.06,0.017,35.1,7.2,24.7,0.087,7.8,0.4,1.3,4.51,0.834,12.2,4.83,0.015,0.011,0.004,0.01,30.1,3.5,24.9,0.205,NA,0.000666666666666667,7.8,1,1,1.33,0.145679245283019,1.27,8.48,0.273548387096774,15.5394838709677,5.64616129032258,8.13883870967742,0.342258064516129,31.6925806451613,27.6146451612903,-0.694290322580645,17.1182941176471,6.01041935483871,8.04225806451613,0.432903225806452,31.7591176470588,27.1626451612903,-0.655032258064516
"29",115,186.929,257.935555555556,2.189,5.979,24.9,23.03,182.857,240.714,3.852,1.875,1.571,33.857,2033.333,2641.667,20.6,15.5,37.8636666666667,-0.309333333333333,-0.786333333333333,46.3063333333333,-0.352666666666667,-0.448,-0.540666666666667,12.2,4.7,0.033,28.1,8.5,29.2,0.477,8.1,0.6,1,11.9,1.88,6.2,4.89,0.017,30.2,5.2,29.9,0.255,8.2,1.3,1.3,1.42,0.97,12.9,4.32,0.012,0.012,0.00375,0.017,30,1.6,30,0.087,NA,0.000592592592592592,8.3,1.1,1.1,3.43,0.144037735849057,1.4,8.16,0.272,25.0538,5.96766666666667,8.12816666666667,0.124,23.8514,31.0869333333333,-0.5138,45.9855333333333,5.10786666666667,8.13166666666667,0.281333333333333,24.0959666666667,31.3094,-0.448833333333333
"30",116,149.714,245.429,1.13454545454545,4.025,21.5272727272727,19.58,148.571,142.857,3.213,1.341,1.143,3.5,1775,2533.333,18,16,44.4248387096774,-0.09,-0.620322580645161,80.1741935483871,-0.154838709677419,-0.256451612903226,-0.36,14.55,5.37,0.031,29.35,7.75,29.45,0.244,8.25,0.6,1,10.58,1.95,11,5.74,0.028,31.8,5.8,32.1,0.009,8,1.3,1.3,10.1,1.2,13.8,6.11,0.007,0.007,0.0035,0.012,33.2,2.2,32.4,0.019,NA,0.000518518518518519,8.1,1.1,1.1,5.01,0.142396226415094,1.41,6.68,0.215483870967742,17.1726129032258,5.66445161290323,8.19606451612903,0.169677419354839,22.3440967741935,31.9788709677419,-0.327677419354839,23.981064516129,5.28909677419355,8.17783870967742,0.223870967741935,26.0741612903226,31.9124516129032,-0.271387096774194
"31",117,143.643,245.196363636364,1.13,3.04545454545455,20.58,24.91,152.857,222.143,2.372,1.066,1.143,1.714,1666.667,2358.333,22.2,15.6,24.4544827586207,-0.181379310344828,-0.649655172413793,18.7696774193548,-0.210967741935484,-0.303225806451613,-0.403225806451613,16.9,6.04,0.029,30.6,7,29.7,0.011,8.4,0.6,1,9.26,2.02,4.55,5.3,0.0065,33.4,1.75,29.5,0.005,8.1,1.2,1.2,1.036,0.4745,12.8,6.46,0.007,NA,0.00325,0.008,32.6,2.5,30.4,0.019,NA,0.000444444444444444,8.1,1,1,2.17,0.140754716981132,1.31,4.74,0.152903225806452,11.3841612903226,5.86258064516129,8.16596774193548,0.0754838709677419,22.9879677419355,31.6523548387097,-0.353451612903226,24.6853870967742,5.51493548387097,8.20038709677419,0.176129032258065,29.2991290322581,31.3035806451613,-0.292064516129032
"32",118,126.427272727273,224.859,0.963636363636364,2.699,21.6454545454545,28.64,125,200,1.578,0.946,2.714,1.286,1916.667,1891.667,14.9,25.7,13.4495833333333,0.00375,-0.492916666666667,47.1963333333333,-0.0166666666666667,-0.11,-0.212,19.1,5.645,0.0375,34.1,8.85,28.65,0.019,8.35,0.45,1,12.58,2.49,6.15,6.4,0.009,33.5,2.75,28.8,5e-04,8,1.5,1.5,3.002,0.765,12.4,6.31,0.007,NA,0.003,0.006,30.9,1.5,28.9,0.051,NA,0.000370370370370371,8,1.3,1.3,0.96,0.13911320754717,1.21,5.07,0.169,9.26403333333333,5.57183333333333,7.98143333333333,0.180333333333333,23.427,31.0570666666667,-0.1588,24.2534333333333,5.8705,8.26733333333333,0.123666666666667,31.7442666666667,30.8868666666667,-0.138133333333333
"33",119,129.93,223.643,0.939,3.224,21.22,30.57,127.857,159.286,1.243,0.826,2.429,0.643,1916.667,1508.333,14.9,31.2,10.795625,-0.0575,-0.525,37.5870967741935,-0.0835483870967742,-0.186129032258065,-0.290322580645161,21.3,5.25,0.046,37.6,10.7,27.6,0.027,8.3,0.3,1,15.9,2.96,9.2,4.24,0.021,38.3,4.45,27.6,0.0125,8.1,1,1.3,9.292,1.29,14.5,5.8,0.007,NA,0.00275,0.016,31.8,3.6,28.2,0.015,NA,0.000296296296296296,8,1.1,1.1,7.41,0.137471698113208,1.73,3.35,0.108064516129032,7.45922580645161,6.15803225806452,7.99403225806452,0.111935483870968,21.7245161290323,28.7078709677419,-0.237483870967742,29.4543870967742,5.87674193548387,8.18693548387097,0.0667741935483871,32.061,28.330935483871,-0.230903225806452
"34",120,122.468181818182,248.507272727273,0.885454545454545,3.07909090909091,21.89,31.74,119.286,238.571,2.644,0.867,2,1.214,1575,1333.333,22.1,34.7,4.96933333333333,-0.182666666666667,-0.675333333333333,19.5843333333333,-0.138333333333333,-0.245666666666667,-0.364666666666667,19.45,6.545,0.0505,36.9,12.75,24.75,0.02,8.2,0.25,0.75,20.45,2.635,17,5.88,0.063,37.3,13.6,26.7,0.007,7.9,0.5,1.3,17.1,2.44,12.5,5.86,0.007,NA,0.0025,0.008,30.3,3.2,26.7,0.041,NA,0.000222222222222222,7.9,1.1,1.1,1.18,0.135830188679245,1.14,3.21,0.107,12.146,6.4613,8.20216666666667,0.099,22.9784333333333,26.2125666666667,-0.303866666666667,36.1332666666667,6.03373333333333,8.07496666666667,0.0609,33.6363,25.9017666666667,-0.304433333333333
"35",121,125.214,231.643,0.97,3.571,28.85,36.12,120,239.286,3.27,1.025,2.071,1.5,1516.667,2075,26.3,27.6,7.06290322580645,-0.224838709677419,-0.756774193548387,40.3354838709677,-0.160967741935484,-0.286129032258065,-0.418387096774194,17.6,7.84,0.055,36.2,14.8,21.9,0.013,8.1,0.2,0.5,25,2.31,3.3,7.5,0.007,35.4,2.6,22,0.021,8.1,0.9,1.2,2.142,0.3885,14.6,6.79,0.007,NA,0.00225,0.017,32.9,6,22.1,0.049,NA,0.000148148148148148,8,0.7,0.9,10.1,0.134188679245283,1.57,1.37,0.0441935483870968,13.1101612903226,7.19158064516129,8.06441935483871,0.0490322580645161,28.579064516129,22.4849032258065,-0.354258064516129,35.1150476190476,7.24958064516129,8.09351612903226,0.051,35.3511612903226,22.2143548387097,-0.399935483870968
"36",122,128,222.428,0.977,2.964,26.88,33.34,120.357,205,2.4815,0.8645,2.2675,3.4645,1502.0835,1629.1665,24.55,29.65,12.3067741935484,-0.488709677419355,-1.02193548387097,25.3567741935484,-0.419677419354839,-0.56,-0.68258064516129,15.7,50.17,0.05,35.75,13.35,23.6,0.079,8,0.35,0.65,21.3,2.175,7.9,7.34,0.023,33.1,19.5,18,0.061,8,0.6,1.3,3.4,0.862,12.8,7.44,0.007,NA,0.002,0.013,31.4,4,17.3,0.109,NA,7.40740740740743e-05,8,1.3,1.3,2.92,0.132547169811321,1.27,3.14,0.101290322580645,11.2991935483871,7.75903225806452,8.14977419354839,0.0790322580645161,27.7455806451613,21.3206129032258,-0.598516129032258,29.5995185185185,7.20367741935484,8.1121935483871,0.0780322580645161,33.953935483871,20.7904193548387,-0.695129032258065
"37",123,115.633333333333,172.86,0.666666666666667,2.16,29.9555555555556,35.15,120.714,170.714,1.693,0.704,2.464,5.429,1487.5,1183.333,22.8,31.7,-0.418571428571429,-0.35,-0.853214285714286,-0.327857142857143,-0.359642857142857,-0.4725,-0.576071428571429,13.8,92.5,0.045,35.3,11.9,25.3,0.145,7.9,0.5,0.8,17.6,2.04,9.5,6.51,0.022,34.2,7.3,25.2,0.119,7.9,1.2,1.2,6.65,1.17,5.5,6.27,0.007,NA,5e-04,0.005,33.9,0.65,25.3,0.1215,NA,0,7.9,1,1,0.408,0.130905660377358,0.675,1.62,0.0578571428571429,6.86357142857143,6.62028571428571,8.11532142857143,0.0560714285714286,29.5133571428571,25.587,-0.517285714285714,37.15325,6.25185714285714,8.00825,0.05525,32.6937857142857,25.1076785714286,-0.478607142857143
"38",124,118.644,229.443333333333,0.848,2.959,36.54,45.48,119.286,174.6425,1.8905,0.776,1.286,3.1075,1450,1154.1665,32.9,37.55,-10.98,-0.343548387096774,-0.878387096774194,-24.0916129032258,-0.281612903225806,-0.411935483870968,-0.523225806451613,15.8,49.475,0.043,37.65,12.3,26.65,0.0855,8.05,0.375,0.9,18.55,2.09,7.3,5.13,0.016,34.7,3,27.6,0.216,7.7,1.3,1.3,0.937,0.976,13,5.15,0.007,NA,0.00175,0.009,35.2,1.1,27.4,0.162,NA,0.000105263157894737,7.7,1,1,0.556,0.129264150943396,1.27,1.13,0.0364516129032258,4.86696774193548,6.342,8.09864516129032,0.0319354838709677,32.8518709677419,25.4500967741935,-0.444290322580645,44.1000322580645,6.40341935483871,8.04193548387097,0.0376129032258065,37.4959032258065,24.8812903225806,-0.453354838709677
"39",125,116.215,243.715,0.72,3.499,39.15,46.28,129.286,178.571,2.088,0.782,1.071,0.786,1841.667,1125,28.6,43.4,-13.254,-0.248333333333333,-0.729333333333333,-9.488,-0.187333333333333,-0.302,-0.408666666666667,17.8,6.45,0.041,40,12.7,28,0.026,8.2,0.25,1,19.5,2.14,9.5,6.08,0.017,38.7,4.8,27.8,0.027,8.1,1.5,1.5,3.09,0.946,12.6,5.71,0.007,NA,0.003,0.008,37.9,6.2,28.3,0.271,NA,0.000210526315789474,8,1,1,0.494,0.127622641509434,1.43,3.37,0.112333333333333,2.65253333333333,5.5669,7.97876666666667,0.0826666666666667,36.2614333333333,27.8523666666667,-0.354733333333333,21.1385333333333,5.56376666666667,8.03633333333333,0.1039,41.3060666666667,27.3419333333333,-0.304133333333333
"40",126,128.071,258.413333333333,0.705,2.89555555555556,41.9,53.9444444444444,122.857,232.143,2.2235,0.591,2.571,3,1533.333,1550,37.1,43.55,-15.0667741935484,-0.424193548387097,-0.858709677419355,-16.6778571428571,-0.389677419354839,-0.46741935483871,-0.555806451612903,15.25,6.875,0.0365,41.7,9.65,29,0.0245,7.95,0.525,0.9,15.4,1.855,8,6.09,0.018,39.3,3.4,29.8,0.029,8.2,1.5,1.5,2.9,0.857,13.8,5.6,0.007,NA,0.002,0.01,42.6,1.9,29,0.224,NA,0.000315789473684211,7.9,1.2,1.2,0.919,0.125981132075472,1.6,5.3,0.170967741935484,3.53729032258065,5.08367741935484,7.95929032258065,0.0377727272727273,39.9752580645161,30.018,-0.511161290322581,30.3854615384615,5.18532258064516,8.12677419354839,0.0864516129032258,44.9233548387097,29.2842258064516,-0.460258064516129
"41",127,125.476666666667,239.642,0.963333333333333,2.97666666666667,45.825,58.3444444444444,133.571,219.286,2.463,0.659,2.929,53.643,1641.667,1466.667,37.09,37,-16.0223333333333,-0.053,-0.513,-22.4966666666667,-0.0666666666666667,-0.152666666666667,-0.237,12.7,7.3,0.032,43.4,6.6,30,0.023,7.7,0.8,0.8,11.3,1.57,6,5.73,0.011,38.3,2.4,29.9,0.03,7.7,1.5,1.5,0.967,0.652,13,6,0.007,NA,0.002,0.009,41.4,1.9,30,0.159,NA,0.000421052631578947,7.6,1.1,1.1,0.907,0.124339622641509,1.39,6.05,0.201666666666667,9.75086666666667,4.63256666666667,7.933,0.235333333333333,40.4122666666667,31.7863333333333,-0.1945,21.4185666666667,4.87676666666667,8.0136,0.1938,42.0511666666667,31.3409666666667,-0.155566666666667
"42",128,164.481818181818,283.246363636364,1.21181818181818,3.70818181818182,43.9181818181818,42.3818181818182,176.429,266.429,2.081,1.171,0.714,1.286,1750,1458.333,35.4,36.8,-0.464516129032258,-0.0145161290322581,-0.506774193548387,10.0654838709677,-0.0267741935483871,-0.110322580645161,-0.20258064516129,11.6,6.685,0.027,39.15,5.45,30.85,0.0265,7.9,0.8,0.8,9.815,1.48,5.3,9.57,0.012,37,2.8,31.9,0.087,8,1.3,1.3,0.311,0.766,11.7,10.7,0.00727777777777778,NA,0.002,0.014,39.3,2.5,31.7,0.024,NA,0.000526315789473684,8,1,1,1.84,0.122698113207547,1.55,12.95,0.417741935483871,16.7955483870968,5.75296774193548,8.17,0.201645161290323,38.3580322580645,31.7656451612903,-0.171516129032258,37.6342258064516,5.397,8.09377419354839,0.155612903225806,36.0434516129032,31.4818064516129,-0.141258064516129
"43",129,207.143333333333,250.929,1.6225,3.408,33.525,34,221.429,240.714,2.674,2.041,1.714,5.571,2858.333,1412.5,27.8,23.9,21.558064516129,0.162258064516129,-0.339677419354839,50.4487096774194,0.173870967741935,0.0893548387096774,-0.00129032258064516,10.5,6.07,0.022,34.9,4.3,31.7,0.03,8.1,0.8,0.8,8.33,1.39,4.8,4.69,0.01,34.8,2.4,31.3,0.077,8,1.3,1.3,0.581,0.638,13.6,6.39,0.00755555555555556,NA,0.002,0.022,37.3,5,31.6,0.015,NA,0.000631578947368421,8,0.7,1.2,8.04,0.121056603773585,1.79,7.03,0.226774193548387,33.0804838709677,4.87425806451613,7.95658064516129,0.254870967741935,32.245935483871,31.7371290322581,0.00809677419354839,51.6647741935484,4.75306451612903,8.05874193548387,0.256322580645161,29.6131290322581,31.5383225806452,0.0150322580645161
"44",130,202.46,227.697777777778,1.64555555555556,2.46444444444444,31.45,30.3111111111111,197.143,202.857,1.611,2.687,2.571,1.714,2208.333,1366.667,27.5,32.8,15.1578571428571,0.0925,-0.399285714285714,38.3413333333333,0.148333333333333,0.0663333333333333,-0.035,12.55,5.85,0.0285,36.3,8.35,29.1,0.0235,7.95,0.65,1.05,18.465,1.74,4.8,5.92,0.008,36.6,2.1,30,0.058,7.9,1.2,1.2,0.242,0.51,14.4,5.8,0.00783333333333333,NA,0.002,0.017,34.2,4.2,30.2,0.013,NA,0.000736842105263158,7.9,1.1,1.1,5.01,0.119415094339623,1.53,4.38,0.146,28.2794,5.23653333333333,7.93913333333333,0.0802,30.8524333333333,29.6423666666667,-0.0260333333333333,35.9088,5.66226666666667,8.16606666666667,0.0793,31.1435,29.4232666666667,-0.0286
"45",131,158.073,215.285,1.417,3.13,34.12,39.73,175.714,246.429,3.484,1.776,1.357,2,2150,2533.333,28.4,34.9,13.3231034482759,0.547741935483871,0.0190322580645161,22.6083870967742,0.580322580645161,0.481290322580645,0.376129032258065,14.6,5.63,0.035,37.7,12.4,26.5,0.017,7.8,0.5,1.3,28.6,2.09,12.4,5.53,0.023,38.3,7.2,26.7,0.013,7.7,0.8,1.8,13.6,1.54,12.2,5.58,0.00811111111111111,NA,0.002,0.007,37.7,4.3,27,0.11,NA,0.000842105263157895,7.7,1.4,1.5,1,0.11777358490566,1.28,4.01,0.129354838709677,13.8918387096774,4.06222580645161,7.76367741935484,0.232096774193548,33.5103548387097,29.3440322580645,0.391935483870968,31.5560967741935,5.95951612903226,8.12035483870968,0.131740740740741,36.4935161290323,29.2281612903226,0.411709677419355
"46",132,162.357,249.573,1.592,3.294,31.93,35.34,122.143,252.857,3.246,0.888,1.857,2.857,1483.333,2516.667,33.8,34.4,19.9826666666667,0.255,-0.269666666666667,37.6133333333333,0.331,0.222333333333333,0.11,11.3,6.635,0.0235,37.35,7.65,23.15,0.0315,7.95,0.65,1.05,15.27,1.4265,13.3,5.86,0.011,38.3,2.9,27.4,0.05,8,1.4,1.4,2.66,1.35,5.25,5.37,0.00838888888888889,NA,0.002,0.002,37.5,0.45,27.4,0.077,NA,0.000947368421052632,8,1.2,1.2,0.1555,0.116132075471698,0.565,0.28,0.00933333333333333,26.9892333333333,5.57633333333333,7.9152,0.011,31.4873333333333,25.3516666666667,0.129233333333333,44.5978333333333,6.0542,8.05043333333333,0.108118827160494,36.9832,25.1614666666667,0.108166666666667
"47",133,175.286,256.948181818182,1.605,3.7,31.96,37.7090909090909,180.714,267.143,2.831,1.565,1.071,1.286,1991.667,3025,28.6,43.2,22.4422580645161,-0.234193548387097,-0.709677419354839,24.451935483871,-0.145161290322581,-0.256129032258064,-0.375483870967742,8,7.64,0.012,37,2.9,19.8,0.046,8.1,0.8,0.8,1.94,0.763,2.8,7.48,0.003,35.2,0.85,20,0.012,8,1.3,1.3,0.627,0.249,14.5,6.92,0.00866666666666667,NA,0.002,0.009,37,2.1,21.1,0.058,NA,0.00105263157894737,7.9,1,1,1.5,0.114490566037736,1.26,2,0.0645161290322581,19.0040322580645,6.66967741935484,7.98832258064516,0.0693548387096774,31.4645806451613,23.5843548387097,-0.351258064516129,44.9728387096774,6.49535483870968,8.09106451612903,0.084496913580247,35.0643225806452,23.3824516129032,-0.365838709677419
"48",134,166.271111111111,244.683333333333,1.58777777777778,3.56555555555556,30.42,31.6111111111111,119.286,210.714,2.559,0.853,0.857,1.714,1375,1691.667,33.9,35.1,17.6932258064516,-0.47741935483871,-0.943870967741935,16.3058064516129,-0.383548387096774,-0.503225806451613,-0.610322580645161,9.1,7.91,0.015,35.9,3.8,18.75,0.214,8.05,0.7,0.7,2.49,1.0515,17.8,8.61,0.04,38,11.2,15,0.009,7.9,0.5,2,7.57,1.85,11.8,8.12,0.00894444444444444,NA,0.002,0.005,37.7,1.8,15.8,0.107,NA,0.00115789473684211,7.7,1.7,1.7,0.473,0.112849056603774,1.1,0.45,0.0145161290322581,14.5808064516129,7.20545161290323,8.11829032258064,0.0138709677419355,30.5081935483871,22.257935483871,-0.591407407407407,28.3465483870968,7.22248387096774,8.2,0.060875,32.6467096774194,21.7356774193548,-0.596096774193548
"49",135,144.998571428571,222.383333333333,1.53333333333333,3.44,31.1333333333333,31.2333333333333,159.286,221.429,2.952,1.455,2.357,2.143,1783.333,2558.333,26.5,22.1,29.4273684210526,-0.519310344827586,-1.03275862068966,31.0371428571429,-0.461034482758621,-0.611034482758621,-0.743103448275862,10.2,8.18,0.018,34.8,4.7,17.7,0.382,8,0.6,0.6,3.04,1.34,2.8,7.78,0.0025,33.7,0.8,18.5,0.0165,8.2,1.2,1.2,0.0905,0.2715,13.6,7.77,0.00922222222222222,NA,0.0025,0.012,36,2.8,19.6,0.108,NA,0.00126315789473684,8,0.9,0.9,3.2,0.111207547169811,1.32,3.1,0.106896551724138,11.2582068965517,6.83206896551724,8.1171724137931,0.0917241379310345,31.5847931034483,24.0234482758621,-0.684689655172414,30.1555357142857,7.06706896551724,8.21135714285714,0.0831034482758621,32.6364285714286,23.3809310344828,-0.72248275862069
"50",136,139.262,230.625,1.29727272727273,3.60888888888889,37.6363636363636,42.7666666666667,147.143,239.286,2.707,1.111,1.143,1.643,1525,2091.667,27.4,45,-5.1558064516129,-0.626451612903226,-0.98258064516129,-17.5912903225806,-0.591290322580645,-0.677741935483871,-0.761935483870968,13.85,8.085,0.027,40.7,7.05,22.25,0.1965,8.1,0.7,0.7,5.95,1.62,9.4,6.94,0.011,34.9,1.5,25.5,0.03,8.4,1.1,1.1,0.169,0.678,12.3,5.85,0.0095,NA,0.003,0.008,37.9,2.2,25.1,0.075,NA,0.00136842105263158,8.1,0.8,0.8,0.654,0.109566037735849,1.21,0.06,0.00193548387096774,8.70632258064516,6.225,8.09303225806452,0.00032258064516129,36.878064516129,25.9076774193548,-0.719129032258064,23.7402580645161,6.26448387096774,8.1351935483871,0.00193548387096774,40.9993225806452,25.3085806451613,-0.705870967741935
"51",204,148.561,190.2325,1.43863636363637,2.94722222222222,41.5681818181818,44.7833333333333,141.4285,187.8575,2.255,1.305,1.1785,3.607,1612.5,1579.167,30.45,39.85,-31.6936666666667,-0.16,-0.639333333333333,-32.5833333333333,-0.186,-0.283666666666667,-0.376666666666667,17.5,7.99,0.036,46.6,9.4,26.8,0.011,8.2,0.8,0.8,8.86,1.9,6.3,6.82,0.0045,43.7,1.35,27.2,0.004,8.3,1.1,1.1,0.2595,0.56,12.3,7.9,0.00977777777777778,NA,0.002,0.008,42,3.2,26.9,0.083,NA,0.00147368421052632,7.9,0.8,0.8,0.352,0.107924528301887,1.17,3.12,0.104,12.1507666666667,5.57466666666667,8.09003333333333,0.0933333333333333,44.0908666666667,29.0898666666667,-0.321533333333333,13.3541666666667,5.98123333333333,8.11003333333333,0.0473333333333333,45.3734,28.5869,-0.2669
"52",137,157.86,149.84,1.58,2.28555555555556,45.5,46.8,135.714,136.429,1.803,1.499,1.214,5.571,1700,1066.667,33.5,34.7,-9.69096774193548,-0.276774193548387,-0.701290322580645,1.97741935483871,-0.243225806451613,-0.338709677419355,-0.424838709677419,14.55,6.145,0.0235,42.7,5.3,28.6,0.0385,8.4,0.7,0.7,4.945,1.54,7,4.05,0.008,39,1.3,27.6,0.014,8.3,1.2,1.2,0.327,0.629,10.3,3.22,0.0100555555555556,NA,0.002,0.007,44,1,27.8,0.053,NA,0.00157894736842105,8.1,1,1,0.628,0.106283018867925,0.95,9.14,0.294838709677419,11.2243225806452,5.94283870967742,8.21544444444444,0.274193548387097,40.6033548387097,28.8867419354839,-0.390935483870968,9.92261290322581,6.28351612903226,8.12687096774193,0.225806451612903,41.0632258064516,28.2912258064516,-0.376741935483871
"53",138,176.07,201.858,1.805,2.668,34.5,38.44,167.857,218.571,2.064,1.158,1.214,2,1933.333,2158.333,28.2,25,9.07866666666667,-0.0726666666666667,-0.492333333333333,23.2643333333333,-0.0706666666666667,-0.149333333333333,-0.226,11.6,4.3,0.011,38.8,1.2,30.4,0.066,8.6,0.6,0.6,1.03,1.18,9.6,5.28,0.008,37.2,1.5,30.1,0.027,8.2,1.2,1.2,0.521,0.93,12.3,5.13,0.0103333333333333,NA,0.002,0.006,40.1,1.1,30.7,0.054,NA,0.00168421052631579,8.6,1,1,0.354,0.104641509433962,1.13,6.21,0.207,11.4376666666667,5.36796666666667,7.97803333333333,0.212,32.9815333333333,31.2649666666667,-0.212266666666667,16.709,6.06216666666667,8.26493333333333,0.195,34.1230333333333,31.0597333333333,-0.178166666666667
"54",139,150.52,220.928,1.06545454545455,2.54888888888889,36.19,37.7,145.714,237.143,2.757,1.097,1.571,2.107,2000,2433.333,28.5,26,2.87,-0.111935483870968,-0.553870967741935,22.1235483870968,-0.104193548387097,-0.183870967741935,-0.274516129032258,12.4,4.79,0.0115,39.95,1.4,30.85,0.058,8.35,0.65,0.65,1.985,1.375,6,4.57,0.011,38,2.4,30,0.046,8,1,1,0.526,0.706,15.8,5.44,0.0106111111111111,NA,0.002,0.014,41.8,2.7,30.1,0.045,NA,0.00178947368421053,7.8,0.8,0.8,4.17,0.103,1.7,7.22,0.232903225806452,5.51975862068966,5.48164516129032,8.00096774193548,0.171612903225806,34.8151290322581,31.7228387096774,-0.242032258064516,15.9045483870968,5.83967741935484,8.29274193548387,0.211612903225806,36.3877741935484,31.3501290322581,-0.22258064516129
"55",140,158.713,288.507272727273,1.107,4.04454545454545,36.4,37.71,160,347.857,3.777,0.942,2,2.214,2083.333,2866.667,32.4,36.3,4.71928571428571,0.0383870967741936,-0.395806451612903,-4.10096774193548,0.0251612903225806,-0.0525806451612903,-0.149032258064516,13.2,5.28,0.012,41.1,1.6,31.3,0.05,8.1,0.7,0.7,2.94,1.57,3.65,5.15,0.0075,36.5,1.3,30.7,0.0165,7.8,1.1,1.1,2.092,0.5,14,6.34,0.0108888888888889,NA,0.002,0.006,40,1,31.7,0.044,NA,0.00189473684210526,8.2,0.8,0.8,0.462,0.09675,1.46,3.07,0.0990322580645161,5.57883870967742,5.32309677419355,8.0388064516129,0.0816129032258065,36.0475483870968,32.7445161290323,-0.083,24.8294516129032,6.16635483870968,8.30696774193548,0.0716129032258064,36.4506129032258,32.0435806451613,-0.0610967741935484
"56",141,158.714,272.537777777778,1.363,4.937,26.83,36.9222222222222,177.143,212.143,2.916,1.885,2.714,1.714,2441.667,2425,23.1,28,17.1986666666667,0.388666666666667,-0.155333333333333,30.8653333333333,0.385333333333333,0.289333333333333,0.174666666666667,15.85,5.225,0.013,35.6,2.05,31,0.131,8,0.75,0.75,2.475,1.59,18.7,5.57,0.044,42.7,8.9,32.6,0.014,8,0.8,1.2,12.8,2.26,13.3,3.46,0.0111666666666667,NA,0.002,0.006,37.6,1.2,31.7,0.067,NA,0.002,8,0.8,0.8,0.557,0.0905,1.275,9.21,0.307,9.34773333333333,4.4509,7.86876666666667,0.267333333333333,33.6727,30.7152666666667,0.240066666666667,25.1080666666667,5.55633333333333,8.06633333333333,0.354666666666667,35.8385333333333,30.4477666666667,0.238833333333333
"57",142,137.532727272727,220.194545454545,1.40545454545455,5.90272727272727,18.44,20.8727272727273,101.429,159.286,2.485,0.717,5.786,2.643,1508.333,2241.667,8.2,8.8,61.1216129032258,0.456129032258065,-0.0364516129032258,111.508387096774,0.491935483870968,0.413548387096774,0.328709677419355,18.5,5.17,0.014,30.1,2.5,30.7,0.212,7.9,0.8,0.8,2.01,1.61,15.5,5.66,0.01,34.1,1.3,30.2,0.156,7.9,1.4,1.4,1.2,1.39,12.6,5.45,0.0114444444444444,NA,0.002,0.006,30.7,1.1,31.9,0.084,NA,0.002,8.1,1,1,0.652,0.08425,1.09,13.77,0.444193548387097,16.2280967741935,3.32209677419355,7.59941935483871,0.290967741935484,16.8,29.0484193548387,0.310967741935484,18.0927741935484,4.43625806451613,7.90425806451613,0.245483870967742,26.7856129032258,29.5588709677419,0.281064516129032
"58",143,90.3890909090909,107.143,1.15272727272727,2.271,6.89090909090909,11.54,88.571,129.643,1.988,1.157,13.714,3.25,1025,1675,2.48,12.85,90.67,0.0483333333333333,-0.503333333333333,199.36,0.252,0.158666666666667,0.0343333333333333,10.775,6.74,0.009,29.75,2.375,23.4,0.1105,8.05,0.7,0.7,1.15525,0.9525,7.3,6.47,0.006,20.7,6.6,25.6,0.298,8,1,1.3,0.62,0.926,12.4,5.03,0.0117222222222222,NA,0.002,0.017,9.04,6.2,25.5,0.158,NA,0.002,7.8,0.7,1,3.34,0.078,1.06,6.14,0.204666666666667,11.0832666666667,6.2591,7.90653333333333,0.204,4.93623333333333,25.5497333333333,-0.106333333333333,18.2787666666667,7.1446,8.12326666666667,0.330333333333333,12.5640333333333,25.5876,-0.1739
"59",144,83.202,141.19,1.12,2.039,5.58,11.63,77.143,100,1.491,0.854,6.714,3.857,916.667,1108.333,2.18,16.9,50.7103225806452,-0.365806451612903,-0.894838709677419,95.7264516129032,-0.271612903225806,-0.403870967741935,-0.529354838709677,3.05,8.31,0.004,29.4,2.25,16.1,0.009,8.2,0.6,0.6,0.3005,0.295,5.8,7.88,0.013,29.7,6.5,16.7,0.034,8.2,1,1,1.15,0.582,10.7,8.8,0.012,NA,0.006,0.015,10.6,5.6,17.6,0.13,NA,0.002,8.4,0.7,0.8,5.2,0.092,1.1,1.09,0.0351612903225806,8.59061290322581,8.32187096774194,8.39003225806452,0.0367741935483871,5.69603225806452,21.8314838709677,-0.500129032258064,14.2088064516129,9.45054838709677,8.42851612903226,0.0325806451612903,14.4275806451613,21.4244516129032,-0.577032258064516
"60",145,69.841,234.429,0.817,2.706,9.52,13.97,78.2145,134.523666666667,1.72766666666667,0.887,3.964,12.0475,941.667,1191.66633333333,6.39,20.3816666666667,24.4048387096774,-0.479032258064516,-0.950645161290323,26.2641935483871,-0.444516129032258,-0.561612903225806,-0.684838709677419,10.7,7.54,0.014,26.3,2,19.3,0.059,8.2,0.6,0.6,2.4,1.02,4.25,7.71,0.0045,27.1,0.85,19.6,0.035,8.2,1,1,0.4055,0.4265,9.5,8.09,0.0116666666666667,NA,0.0045,0.004,21.7,1.3,20.9,0.056,NA,0.002,8.4,1,1,0.213,0.0846666666666667,0.899,0.38,0.012258064516129,7.84729032258064,8.64687096774194,8.48332258064516,0.0116129032258065,11.969935483871,22.0855806451613,-0.597548387096774,15.1682903225806,9.22077419354839,8.3708064516129,0.00129032258064516,19.4084838709677,21.8592580645161,-0.655967741935484
"61",146,76.258,167.857777777778,0.761,2.00888888888889,17.14,24.3222222222222,79.286,169.047333333333,1.96433333333333,0.92,1.214,20.238,966.667,1274.99966666667,10.6,23.8633333333333,6.5975,-0.231785714285714,-0.701071428571429,7.87785714285714,-0.259285714285714,-0.367142857142857,-0.474285714285714,11.3,7.125,0.0115,28.65,1.7,22.1,0.061,8.25,0.85,0.85,1.4355,1.07,4.8,7.18,0.009,28.8,2.8,24.7,0.027,8.2,1.1,1.1,0.38,0.423,8.9,6.27,0.0113333333333333,NA,0.003,0.011,27.8,1.3,24.1,0.14,NA,0.002,8,0.8,0.8,0.336,0.0773333333333333,0.961,2.27,0.0810714285714286,3.98117857142857,7.72967857142857,8.269,0.0517857142857143,19.1381071428571,24.8338214285714,-0.430214285714286,14.6454642857143,6.48003571428571,8.11564285714286,0.151764705882353,24.8662857142857,24.5445,-0.439142857142857
"62",147,85.62625,183.015555555556,0.776,2.5,23.5111111111111,33.6555555555556,92.143,203.571,2.201,0.694,11.071,28.4285,883.333,1358.333,22.7,27.345,-10.2812903225806,-0.348709677419355,-0.789354838709677,-10.2217391304348,-0.32258064516129,-0.433548387096774,-0.54258064516129,11.9,6.71,0.009,31,1.4,24.9,0.063,8.3,1.1,1.1,0.471,1.12,8.5,7,0.011,32.8,2.5,24.6,0.036,8.2,1,1,0.411,0.783,9.6,7.17,0.011,NA,0.002,0.007,28.3,2.1,25.4,0.118,NA,0.002,8.2,1.3,1.3,0.284,0.07,0.991,0.24,0.00774193548387097,2.53729032258065,6.68322580645161,8.21903225806452,0.00129032258064516,23.8175161290323,25.3546451612903,-0.472161290322581,6.37858064516129,5.71238709677419,8.14432258064516,0.00290322580645161,30.4348064516129,24.7327741935484,-0.496935483870968
"63",148,89.46375,161.488,0.636,2.081,29.51,45.9,95.7145,212.143,3.552,0.64225,7.39275,1.929,1087.49975,1308.333,26.7,41.6,-20.13,-0.295666666666667,-0.747333333333333,-25.02,-0.274333333333333,-0.386333333333333,-0.487333333333333,12.25,6.395,0.009,33.6,2.9,25.25,0.06,8.2,0.75,0.75,0.64,1.15,11.9,6.72,0.011,36.6,1.8,21.8,0.024,8.3,1,1,0.436,1.09,10.2,6.96,0.0106666666666667,NA,0.002,0.004,30.5,1.3,22.1,0.052,NA,0.002,8.2,1.1,1.1,0.144,0.0626666666666667,0.971,2.14,0.0713333333333333,2.56546666666667,6.71903333333333,8.2701,0.0767333333333333,28.9020666666667,27.0433666666667,-0.422966666666667,2.53043333333333,6.18783333333333,8.21373333333333,0.0403333333333333,39.1593,26.4938,-0.437166666666667
"64",149,105.144,158.993636363636,0.869,2.37181818181818,33.6727272727273,56.4363636363636,99.286,183.2145,2.679,0.5905,3.7145,3.3215,1291.6665,1391.6665,30.7,39.2,-12.2726923076923,-0.522258064516129,-0.889354838709677,-17.9841935483871,-0.461612903225806,-0.54258064516129,-0.629032258064516,12.6,6.08,0.009,36.2,4.4,25.6,0.057,8.1,0.4,0.4,0.809,1.18,12.6,5.93,0.011,35.6,5.5,25,0.036,8.3,1,1,0.674,1.19,10.5,6.46,0.0103333333333333,NA,0.002,0.004,30.3,2,25.2,0.058,NA,0.002,8.2,0.8,0.8,0.18,0.0553333333333333,0.982,1.15,0.0370967741935484,4.06809677419355,7.40058064516129,8.47070967741936,0.0491935483870968,31.5164838709677,29.4105161290323,-0.568290322580645,1.24270967741935,6.859,8.38461290322581,0.0464516129032258,43.4805161290323,28.7406451612903,-0.580677419354839
"65",150,100.16,294.07,0.716666666666667,6.197,36.1333333333333,50.58,112.857,154.286,1.806,0.654,3.929,4.714,1616.667,1475,32.8,36.8,-8.45277777777778,-0.312333333333333,-0.704333333333333,-21.6216666666667,-0.304,-0.387666666666667,-0.469333333333333,12.65,5.615,0.0105,36.4,3.35,26.75,0.078,8.05,0.55,0.55,0.807,1.19,11.6,6.4,0.011,39.3,2,31.1,0.036,8,1.1,1.1,0.453,1.08,11.3,6.42,0.01,NA,0.002,0.005,34,2.5,31.3,0.114,NA,0.002,8.1,1,1,1.29,0.048,1.15,4.77,0.159,1.37656666666667,8.0707,8.49723333333333,0.155533333333333,33.477,30.5094,-0.414133333333333,1.15776666666667,6.59086666666667,8.44946666666667,0.169666666666667,38.6401666666667,29.8931333333333,-0.389566666666667
"66",151,117.272727272727,221.512,0.76,7.722,33.2272727272727,40.88,115,159.286,1.9505,0.967,5.643,4.0355,1450,1579.1665,28.7,31.25,-15.7262962962963,-0.258387096774194,-0.653225806451613,-28.7015384615385,-0.246129032258065,-0.319032258064516,-0.403548387096774,12.7,5.15,0.012,36.6,2.3,27.9,0.099,8,0.7,0.7,0.805,1.2,5.05,4.65,0.004,37.4,0.9,27.7,0.0455,8,1,1,0.4035,0.495,10.4,5.75,0.00966666666666667,NA,0.002,0.006,33.7,1.3,28.4,0.164,NA,0.002,8.1,0.9,0.9,0.5,0.048,1.07,3.6,0.116129032258065,2.479,5.25177419354839,8.20338709677419,0.206870967741935,31.9734516129032,31.7748709677419,-0.342709677419355,3.76706451612903,6.84409677419355,8.46264516129032,0.204838709677419,35.7536129032258,31.3026451612903,-0.325967741935484
"67",152,110.866363636364,269.81,0.713636363636364,7.865,31.41,37.49,103.571,164.286,2.095,0.555,1.5,3.357,1333.333,1683.333,28,25.7,-0.523870967741935,-0.0309677419354839,-0.471935483870968,21.5827586206897,0.00870967741935484,-0.0796774193548387,-0.189354838709677,13.3,5.06,0.0143333333333333,36.6666666666667,3.93333333333333,27.9333333333333,0.099,7.93333333333333,0.7,0.733333333333333,1.42666666666667,1.31,12.4,5.18,0.009,35.2,1.8,29.7,0.112,7.9,2.1,2.1,0.523,1.17,10.3,5.52,0.00933333333333333,NA,0.002,0.005,32.5,1.3,30.1,0.122,NA,0.002,8,1.7,1.7,0.583,0.048,1.07,9.86,0.318064516129032,2.79116129032258,6.14154838709677,8.14645161290323,0.289096774193548,29.897064516129,31.6549032258065,-0.127096774193548,5.0778064516129,6.88603225806452,8.47948387096774,0.260967741935484,33.7160967741935,31.2379677419355,-0.119064516129032
"68",205,129.468681818182,261.658636363637,0.987727272727272,6.76613636363636,29.6,35.2631818181818,135.357,166.190666666667,2.053,1.0215,1.4645,3.357,1683.333,1758.333,24.65,23.4,14.7803333333333,0.0493333333333333,-0.386,32.5523333333333,0.0946666666666667,0.016,-0.0893333333333333,13.9,4.97,0.0166666666666667,36.7333333333333,5.56666666666667,27.9666666666667,0.099,7.86666666666667,0.7,0.766666666666667,2.04833333333333,1.42,7.7,4.73,0.009,38.5,2.4,30,0.095,7.6,1.75,1.75,0.491,0.786,12.4,3.14,0.009,NA,0.002,0.004,33.6,1.6,29.8,0.11,NA,0.002,7.7,1.4,1.4,0.45,0.048,1.14,4.62,0.154,5.85576666666667,5.36256666666667,8.02836666666667,0.137666666666667,26.6687333333333,31.1636,-0.0253666666666667,10.8326333333333,6.8013,8.47746666666667,0.124666666666667,32.1681,31.1259,-0.0489666666666667
"69",153,148.071,253.507272727273,1.26181818181818,5.66727272727273,27.79,33.0363636363636,167.143,168.095333333333,2.011,1.488,1.429,3.357,2033.333,1833.333,21.3,21.1,10.912,0.205806451612903,-0.266451612903226,28.2167741935484,0.224838709677419,0.139677419354839,0.0329032258064516,14.5,4.88,0.019,36.8,7.2,28,0.099,7.8,0.7,0.8,2.67,1.53,5.2,4.52,0.006,38.2,1.1,28.1,0.0415,7.6,1.4,1.4,0.492,0.55,11.4,6.55,0.00866666666666667,NA,0.003,0.005,35,2.2,28.7,0.095,NA,0.002,8,1.1,1.1,0.309,0.048,1.12,4.9,0.158064516129032,9.86422580645161,5.65193548387097,8.02251612903226,0.100322580645161,28.2824838709677,28.8173870967742,0.0967741935483871,13.217,6.37196774193548,8.23503225806452,0.18741935483871,33.2676774193548,28.9942258064516,0.0945806451612903
"70",154,139.934545454545,240.315818181818,1.60454545454545,4.47,22.86,31.5,131.429,170,1.969,1.588,1.929,3.357,2083.333,1908.333,15.44,18.8,42.7596666666667,0.0666666666666667,-0.434666666666667,92.3253333333333,0.176333333333333,0.0723333333333333,-0.0353333333333333,14.6,6.435,0.028,34.15,9.85,25.8,0.0645,7.9,0.6,0.7,10.385,1.61,5.6,7.02,0.011,33.8,4,23.2,0.102,7.9,1.2,1.2,0.316,0.669,10.9,5.48,0.00833333333333333,NA,0.002,0.016,33.3,4.4,23.8,0.148,NA,0.002,7.9,1,1,4.33,0.048,1.27,4.26,0.142,17.5902333333333,6.29836666666667,7.94263333333333,0.141666666666667,24.0350666666667,23.8686666666667,-0.0334333333333333,19.9228666666667,6.98026666666667,8.05103333333333,0.139666666666667,27.0070666666667,23.4094333333333,-0.071
"71",155,97.118,227.124363636364,0.868,3.9625,20.71,34.6,120,198.5715,2.763,1.381,1.6075,2.2855,1862.5,1900,16.82,13.5,20.1274193548387,-0.0970967741935484,-0.531935483870968,47.9066666666667,-0.0661290322580645,-0.156774193548387,-0.25741935483871,14.7,7.99,0.037,31.5,12.5,23.6,0.03,8,0.5,0.6,18.1,1.69,6.8,6.98,0.011,31.7,4,22.7,0.151,7.9,1.2,1.2,0.731,0.672,9.9,7.16,0.008,NA,0.007,0.006,32,1.6,23.8,0.349,NA,0.002,8,0.9,0.9,0.286,0.0626363636363636,1.18,0.7,0.0225806451612903,10.4730322580645,7.09912903225806,8.12641935483871,0.0251612903225806,23.3493548387097,24.7706451612903,-0.209032258064516,25.906064516129,7.53593548387097,8.24106451612903,0.0154838709677419,27.011064516129,24.7513548387097,-0.210612903225806
"72",156,105.26,213.932909090909,0.894545454545455,3.455,23.4909090909091,37.7,108.571,227.143,3.432,1.174,1.286,1.214,1641.667,1891.667,18.2,26.4,15.9154838709677,-0.139354838709677,-0.681290322580645,35.4773076923077,-0.0603225806451613,-0.20741935483871,-0.335483870967742,10.875,7.795,0.02725,32.95,9.625,23.75,0.017,8.1,0.5,0.55,10.7785,1.2775,4.8,7,0.014,32.1,6.7,18.7,0.048,7.8,0.8,1.2,0.976,0.453,5.2,6.61,0.001,NA,0.0025,0.004,31.2,3.1,19.4,0.1895,NA,0.002,7.8,1,1,0.662,0.0772727272727273,0.665,3.35,0.108064516129032,7.07216129032258,7.42841935483871,8.10803225806452,0.0629032258064516,24.7342580645161,22.2488387096774,-0.270741935483871,32.4293870967742,7.51245161290323,8.10190322580645,0.05,29.3024838709677,21.5879032258065,-0.302709677419355
"73",157,106.617,200.741454545455,1.101,2.9475,24.4222222222222,40.8,119.286,217.857,3.301,1.129,1.143,1.5715,1566.667,1775,20.28,28.86,15.0735714285714,-0.411428571428571,-0.873214285714286,18.9285714285714,-0.3475,-0.456428571428571,-0.562857142857143,7.05,7.6,0.0175,34.4,6.75,23.9,0.004,8.2,0.5,0.5,3.457,0.865,6.6,6.46,0.02,33.5,2.8,24,0.053,8.1,1.1,1.1,0.56,0.601,10.5,7.25,0.007,NA,0.008,0.011,33,2.4,24.5,0.195,NA,0.002,8.2,0.8,0.8,0.848,0.0919090909090909,1.16,1.16,0.0414285714285714,8.2705,7.35325,8.12341666666667,0.0492857142857143,25.3794642857143,23.8688214285714,-0.49775,22.2835714285714,7.43928571428571,8.22489285714286,0.0396428571428571,31.0684642857143,23.5729642857143,-0.518107142857143
"74",158,126.753636363636,187.55,0.94,2.44,29.06,43.9,137.143,208.571,3.17,1.111,1.286,1.929,1633.333,1658.333,22.86,31.32,-10.2025806451613,-0.351612903225806,-0.84,-18.3770967741936,-0.304193548387097,-0.443870967741936,-0.565806451612903,11.475,7.01,0.02675,37.7,12.875,26.25,0.0115,8.15,0.45,0.55,9.4285,1.3975,12.3,8.34,0.038,39.4,9.1,22.5,0.012,8.4,0.7,1.1,12.1,1.5,5,6.98,0.007,NA,5e-04,0.0025,34.1,0.85,22.3,0.0505,NA,0.002,8.1,0.8,0.8,0.137,0.106545454545455,0.54,1.25,0.0403225806451613,5.08727586206897,6.36279310344828,8.07848275862069,0.0403225806451613,28.63,26.192935483871,-0.477935483870968,11.3606129032258,7.19583870967742,8.2241935483871,0.0112903225806452,36.3901612903226,25.7346129032258,-0.466096774193548
"75",159,115.929,165.214,0.981,1.961,35.21,51.17,120,197.857,2.101,0.9,0.429,2.88133333333333,1308.333,1600,33.6,45.7,-16.1796666666667,-0.413,-0.817333333333333,-24.0833333333333,-0.326,-0.426333333333333,-0.517666666666667,15.9,6.42,0.036,41,19,28.6,0.019,8.1,0.4,0.6,15.4,1.93,14,6.28,0.04,40.9,11.7,28.5,0.016,8.2,0.5,1.3,25.7,1.83,10,6.29,0.007,NA,0.004,0.006,35.8,3.6,29,0.218,NA,0.002,8.1,0.8,0.8,0.464,0.121181818181818,1.23,1.28,0.0426666666666667,3.14206666666667,6.20276666666667,8.04856666666667,0.027,33.9348333333333,27.4711333333333,-0.475866666666667,9.3088,6.26756666666667,8.159,0.0313333333333333,42.5333333333333,27.2478666666667,-0.463933333333333
"76",160,119.61,161.41,0.927272727272727,2.74,38.8909090909091,52.07,141.429,192.143,2.574,1.144,1,3.83366666666667,1308.333,1533.333,35.2,48.6,-16.0090322580645,-0.0267741935483871,-0.488064516129032,-24.0706451612903,-0.0235483870967742,-0.122258064516129,-0.217096774193548,14.55,6.35,0.032,36.8,13.8,29.15,0.016,8.05,0.5,0.8,20,1.77,13.4,6.38,0.015,41,5.2,27.4,0.036,8,1.2,1.2,4.83,1.5,10.4,6.11,0.007,NA,0.003,0.005,36.1,2,27.8,0.088,NA,0.002,8.1,1,1,0.375,0.135818181818182,1.09,5.3,0.170967741935484,5.16390322580645,5.48454838709677,7.94193548387097,0.215483870967742,36.5042903225806,29.8532258064516,-0.148,8.98089285714286,5.41970967741935,8.04754838709678,0.0551612903225806,45.5294516129032,29.6,-0.125935483870968
"77",161,143.213,196.929,1.243,4.351,26.36,27.86,157.143,187.143,1.66,0.974,2.429,4.786,1950,2675,19.5,17.6,46.5893333333333,0.0776666666666667,-0.443666666666667,106.180666666667,0.155,0.0346666666666667,-0.088,13.2,6.28,0.028,32.6,8.6,29.7,0.013,8,0.6,1,24.6,1.61,5.6,6.23,0.012,33.6,5.1,29.1,0.004,8.1,0.8,1.6,8.092,0.685,11.8,7.5,0.007,NA,0.002,0.012,34.4,2.6,30.3,0.054,NA,0.002,8,1.2,1.2,4.06,0.150454545454545,1.31,12.03,0.401,14.2485,4.69916666666667,7.80016666666667,0.396333333333333,24.8757,30.6745,-0.0887333333333333,21.8792173913043,4.21362068965517,7.94486206896552,0.449,26.9318666666667,30.9338666666667,-0.0863
"78",162,140.786,225.736666666667,1.089,5.626,21.77,21.87,154.286,216.4285,2.336,1.241,1.643,3.1785,1733.333,2412.5,17.4,17.8,29.51,-0.194193548387097,-0.556129032258065,29.7532258064516,-0.153225806451613,-0.23741935483871,-0.334193548387097,17.55,5.565,0.0435,36.45,9.55,30.8,0.015,8.2,0.55,1,20.9,2.08,11.9,6.57,0.025,36.6,4.7,30.3,0.008,8.2,0.8,1.5,13.2,1.33,12.3,5.47,0.007,NA,0.002,0.01,33.7,2.2,30.4,0.036,NA,0.002,8,1.2,1.2,1.53,0.165090909090909,1.26,4.61,0.148709677419355,12.8215806451613,5.80745161290323,8.06925806451613,0.163548387096774,22.8662580645161,31.9357419354839,-0.292387096774194,17.5004193548387,5.54777419354839,8.26203225806452,0.130967741935484,28.9946451612903,31.9144516129032,-0.250677419354839
"79",163,119.46375,246.299090909091,0.69625,5.06545454545455,25.5,34.5090909090909,125,245.714,3.427,1.089,4.571,1.571,1433.333,2150,28.7,37.4,-14.5629032258065,0.00645161290322581,-0.391612903225806,-27.3651612903226,0.0296774193548387,-0.0558064516129032,-0.161612903225806,21.9,4.85,0.059,40.3,10.5,31.9,0.017,8.4,0.5,1,17.2,2.55,15.4,5.06,0.049,39.6,6.3,32,0.014,8.3,1,1.7,13.8,1.82,5.25,4.19,0.007,NA,0.002,0.002,35.2,0.75,31.5,0.067,NA,0.002,7.9,1.3,1.3,0.1625,0.179727272727273,0.53,3.13,0.100967741935484,3.67416129032258,5.28109677419355,8.01674193548387,0.0809677419354839,28.2850322580645,31.8136774193548,-0.081258064516129,13.2723225806452,7.56958064516129,8.32248387096774,0.0864516129032258,35.8173548387097,31.7750967741935,-0.0485806451612903
"80",164,82.051,239.004,0.86,5.271,35.51,40.81,126.4285,241.429,2.885,1.1325,10.571,2,1600,2400,21.7,33.8,2.78366666666667,0.527,-0.0323333333333333,8.12066666666667,0.562,0.431,0.287666666666667,19.5,5.955,0.0455,36.3,10.6,27.6,0.018,8.15,0.5,0.9,19.55,2.185,12.6,5.31,0.026,42.5,5.1,31.3,0.011,8.1,0.7,1.4,6.34,1.45,5.3,5.01,0.007,NA,0.002,0.001,38.3,0.65,31.5,0.04,NA,0.002,7.9,1.3,1.3,0.246,0.194363636363636,0.555,10.54,0.351333333333333,4.04786666666667,4.02846666666667,7.72163333333333,0.283,34.4013666666667,30.9020666666667,0.368862068965517,34.2600666666667,5.71073333333333,8.12006666666667,0.405,38.2359,30.6456,0.3733
"81",165,113.151,183.284,1.051,5.624,20.54,26.47,127.857,131.429,1.48,1.176,16.571,1.929,1766.667,1508.333,14.7,31.8,49.8303225806452,0.362258064516129,-0.12741935483871,102.554,0.461333333333333,0.369,0.268,17.1,7.06,0.032,32.3,10.7,23.3,0.019,7.9,0.5,0.8,21.9,1.82,12,6.76,0.024,35.2,6.1,23.3,0.017,8,0.8,1.3,15.4,1.36,16,6.84,0.007,NA,0.002,0.018,28.4,4.6,24.6,0.131,NA,0.002,8,0.7,1,13.2,0.209,1.62,2.8,0.0903225806451613,15.0172068965517,3.78596551724138,7.57096551724138,0.0619354838709677,18.7627586206897,27.5831379310345,0.21124,28.6792142857143,4.99451612903226,7.85351612903226,0.0383870967741935,29.4749677419355,27.4558387096774,0.227451612903226
"82",166,123.643,168.572,1.233,5.028,24.1714285714286,33.95,125.714,183.571,2.23,1.276,3.143,1.88133333333333,1675,1733.333,15.4,30.1,25.9256666666667,0.229666666666667,-0.291333333333333,45.812,0.346333333333333,0.226,0.088,16.15,7.375,0.033,32.2,12.4,23.05,0.0135,8.05,0.45,0.7,18.9,1.755,14.8,7.07,0.019,31.2,5.8,24.2,0.012,8,0.5,1.3,18.5,1.64,10.8,6.04,0.007,NA,0.003,0.006,30.4,2.6,23.9,0.146,NA,0.002,8,1.1,1.1,2.17,0.192636363636364,1.07,2.87,0.0956666666666667,13.3906333333333,5.9916,7.91566666666667,0.131333333333333,22.9601666666667,27.0818,0.1435,24.2249,6.5368,8.02883333333333,0.085,32.4276,26.8284666666667,0.124066666666667
"83",167,110.329,173.755454545455,1.321,2.15909090909091,21.4,31.1454545454545,121.429,189.6425,2.1415,1.368,1.857,1.83366666666667,1433.333,1900,17.6,23.215,25.8367741935484,-0.0848387096774194,-0.513870967741936,45.9045161290323,0.0661290322580645,-0.0474193548387097,-0.156774193548387,15.2,7.69,0.034,32.1,14.1,22.8,0.008,8.2,0.4,0.6,15.9,1.69,6.1,7.38,0.01,32.7,2.3,23.2,0.066,8.1,1.2,1.2,0.46,0.524,10.2,7.82,0.009,NA,0.005,0.004,30.8,1.2,24.2,0.122,NA,0.00196666666666667,8.1,1,1,0.713,0.176272727272727,1.06,1.43,0.0461290322580645,17.6502903225806,7.44264516129032,8.04890322580645,0.0767741935483871,21.8643548387097,22.869935483871,-0.132774193548387,26.3646129032258,7.84277419354839,8.16812903225807,0.0712903225806452,28.5283225806452,22.464,-0.159677419354839
"84",168,148.43,164.876,1.519,2.836,24.7727272727273,29.48,172.143,195.714,2.053,1.68,3.286,1.786,1475,2066.667,22.9,16.33,15.6193548387097,-0.394838709677419,-0.835806451612903,21.7693103448276,-0.300645161290323,-0.425483870967742,-0.541290322580645,6.35,7.69,0.009,34.4,5.4,25,0.0245,8.1,0.5,1,2.172,0.72,10.2,7.84,0.018,34.5,5,23.8,0.02,8.1,0.8,1.4,4.53,1.07,11.1,8.14,0.006,NA,0.002,0.005,32.1,1.4,24.7,0.1,NA,0.00193333333333333,8.1,1.2,1.2,0.184,0.159909090909091,1.11,0.12,0.00387096774193548,22.2465161290323,7.32948387096774,8.13458064516129,0.00161290322580645,22.4896451612903,22.8595806451613,-0.487677419354839,19.9293870967742,8.09074193548387,8.32306451612903,0.0106451612903226,28.7767419354839,22.6314516129032,-0.51641935483871
"85",169,161.893333333333,206.623333333333,2.13777777777778,4.17777777777778,27.0333333333333,34.3555555555556,164.285833333333,214.765,3.423,1.58966666666667,2.86933333333333,2.536,1459.72233333333,1908.3335,26.8,25.1,5.9075,-0.554642857142857,-0.9425,9.2492,-0.466785714285714,-0.574642857142857,-0.676071428571429,6.575,7.065,0.0095,35.6,4.75,26.1,0.03675,8.35,0.75,1,1.317,0.6795,9.3,7.35,0.008,35.7,1.8,23,0.022,8.2,1.4,1.4,0.021,0.769,4.75,7.11,0.003,NA,5e-04,5e-04,31.8,0.8,22.6,0.062,NA,0.0019,8.1,1.1,1.1,0.063,0.143545454545455,0.49,0.89,0.0317857142857143,17.4866785714286,6.63353571428571,8.10567857142857,0.00928571428571429,25.6398928571429,25.5929285714286,-0.619178571428571,17.8736428571429,7.24517857142857,8.26107142857143,0.0235714285714286,33.9336785714286,25.3205357142857,-0.596642857142857
"86",170,143.988,179.071,1.623,3.163,36.28,46.25,156.428666666667,177.143,2.263,1.49933333333333,2.45266666666667,3.286,1444.44466666667,1750,30.7,45.5,-23.9803225806452,-0.185161290322581,-0.603548387096774,-28.7045161290323,-0.116451612903226,-0.232903225806452,-0.327741935483871,6.8,6.44,0.01,36.8,4.1,27.2,0.049,8.6,1,1,0.462,0.639,4.4,6.08,0.011,35.4,1.4,26.2,0.009,8.1,1.6,1.6,0.194,0.362,4.25,5.83,0,NA,0.001,0.003,39,1.15,25.8,0.126,NA,0.00186666666666667,8,1.3,1.3,0.219,0.127181818181818,0.52,0.52,0.0167741935483871,8.17154838709677,6.33625806451613,8.02754838709677,0.0125806451612903,34.147,26.3275161290323,-0.267774193548387,12.9446129032258,7.00796774193548,8.23525806451613,0.0487096774193548,40.552935483871,25.911935483871,-0.235935483870968
"87",171,140.110909090909,171.428888888889,1.48090909090909,2.73111111111111,40.0272727272727,48.2818181818182,148.5715,175.714,1.992,1.409,2.036,2.143,1429.167,1608.333,34.6,42,-27.4106666666667,-0.125,-0.555,-39.8883333333333,-0.069,-0.186666666666667,-0.290666666666667,5.8,6.045,0.00925,40.15,2.7,27.9,0.03775,8.4,1,1,0.617,0.55175,10.9,6.26,0.01,39.5,3,25.2,0.129,8,1.5,1.5,0.277,1.15,10.7,6.69,0.00171428571428571,NA,0.003,0.007,35.8,2.1,24.7,0.12,NA,0.00183333333333333,8,1.3,1.3,0.19,0.110818181818182,1.08,3.45,0.115,5.41386666666667,6.0699,7.9795,0.0933333333333333,36.8287333333333,28.6246666666667,-0.204966666666667,5.7661,6.74826666666667,8.15493333333333,0.0886666666666667,42.4366666666667,28.3176,-0.169333333333333
"88",172,142.143636363636,163.345,1.16,3.15,42.2818181818182,48.63,95,179.286,2.195,0.433,12.929,1.571,1058.333,1500,40.5,43.9,-14.1470967741935,-0.155483870967742,-0.535483870967742,-15.0758064516129,-0.0716129032258064,-0.161612903225806,-0.244516129032258,4.8,5.65,0.0085,43.5,1.3,28.6,0.0265,8.2,1,1,0.772,0.4645,6.5,6.09,0.014,41.4,1.3,28.7,0.027,8.2,1.4,1.4,0.21,0.555,11.2,6.77,0.00342857142857143,NA,0.002,0.012,41.4,1.8,29.2,0.076,NA,0.0018,8.1,1.1,1.1,0.878,0.0944545454545455,1.07,4.66,0.150322580645161,2.84738709677419,6.03009677419355,7.97035483870968,0.113870967741935,39.794,29.7858387096774,-0.204096774193548,5.93129032258065,6.35261290322581,8.18883870967742,0.130645161290323,44.2015806451613,29.4369677419355,-0.188870967741935
"89",173,154.572,171.409,1.527,6.365,37.57,39.99,177.857,180.000333333333,2.13866666666667,1.654,2.429,2.19033333333333,1791.667,1622.22233333333,27.6,37.6333333333333,25.1696666666667,0.0926666666666667,-0.312666666666667,58.324,0.196,0.102666666666667,0.0116666666666667,8.5,5.635,0.01625,39.7,4.95,28.55,0.05925,8.15,0.8,0.85,6.786,0.87225,5,6.45,0.012,38.6,1.2,31.1,0.012,8.2,2,2,0.681,0.601,10.8,5.22,0.00514285714285714,NA,0.003,0.013,39.2,2.7,30.6,0.148,NA,0.00176666666666667,7.9,1.3,1.3,0.62,0.0780909090909091,1.2,8.92,0.297333333333333,10.9655,5.00373333333333,7.87,0.274666666666667,34.4422,31.4184,0.00113333333333333,15.3148666666667,6.40023333333333,8.26886666666667,0.236333333333333,34.3548,31.2415,0.0191666666666667
"90",174,162.746,217.377,1.529,4.817,28.5,25.13,176.429,180.714666666667,2.08233333333333,1.229,5.571,2.80966666666667,2266.667,1744.44466666667,21.4,31.3666666666667,32.998064516129,-0.168387096774194,-0.521612903225806,47.7320833333333,-0.0554838709677419,-0.135483870967742,-0.235161290322581,12.2,5.62,0.024,35.9,8.6,28.5,0.092,8.1,0.6,0.7,12.8,1.28,8,4.68,0.013,37.5,1,28.6,0.12,7.9,1.3,1.3,0.245,0.792,6.6,4.61,0.00685714285714286,NA,0.00266666666666667,0.006,35.2,0.95,28.7,0.029,NA,0.00173333333333333,8,1.1,1.1,1.297,0.0617272727272727,0.64,7.82,0.252258064516129,16.7003870967742,4.77825806451613,7.92832258064516,0.174516129032258,26.037935483871,32.7815161290323,-0.217354838709677,19.5210322580645,5.79009677419355,8.21948387096774,0.0925806451612903,29.4185161290323,33.1855806451613,-0.213645161290323
"91",175,139.072,157.971818181818,0.894,2.28636363636364,27.58,29.7727272727273,158.5715,181.429,2.026,1.2295,3.6785,3.429,1979.167,1866.667,22.9,25.1,12.4132258064516,0.149677419354839,-0.295483870967742,22.6128571428571,0.241034482758621,0.122413793103448,-0.00517241379310345,12.15,5.8,0.024,34.05,9.65,28.5,0.0585,8.05,0.6,0.8,13.75,1.43,2.5,4.93,0.005,40,0.65,33.3,0.033,8.1,1.5,1.5,0.1095,0.2705,14.6,5.92,0.00857142857142857,NA,0.00233333333333333,0.016,36.1,2.4,33.7,0.035,NA,0.0017,8,1.2,1.2,5.93,0.0453636363636364,1.52,0.18,0.06,9.25903225806452,4.51258064516129,7.89903225806452,0.259354838709677,26.0994516129032,32.2940967741935,0.0468387096774193,14.1295806451613,6.52945161290323,8.21432258064516,0.239354838709677,32.2112903225806,31.8624838709677,0.0618064516129032
"92",176,143.025,140.797,1.294,2.118,25.21,30.86,140.714,159.286,1.6895,1.23,1.786,2.536,1691.667,1537.5,24.4,30.5,34.0096666666667,0.191666666666667,-0.203666666666667,75.6076666666667,0.301,0.220333333333333,0.120666666666667,12.1,5.98,0.024,32.2,10.7,28.5,0.025,8,0.6,0.9,14.7,1.58,9.5,5.6,0.013,36.3,3.4,28.7,0.098,8,1.4,1.7,3.74,0.986,14.4,5.61,0.0102857142857143,NA,0.002,0.01,34.5,4,29.3,0.136,NA,0.00166666666666667,8,1.4,1.4,4.12,0.029,1.42,3.99,0.249375,17.7048666666667,4.05453333333333,7.76846666666667,0.130333333333333,25.8153666666667,30.8558666666667,0.112033333333333,16.2677,5.3563,8.05123333333333,0.306333333333333,30.4055,31.0291,0.109066666666667
"93",177,140.021818181818,148.215,1.13545454545455,2.16,22.7272727272727,27.7,123.214,137.143,1.353,1.1745,2.25,1.643,1525,1208.333,17.65,35.9,21.5012903225806,0.321290322580645,-0.0703225806451613,40.4796428571429,0.446785714285714,0.356785714285714,0.250714285714286,9.7,6.48,0.0175,34.2,7.55,27.75,0.01375,8.05,0.65,0.95,11.421,1.2125,10.8,5.64,0.022,34,4.2,29.6,0.007,8.2,1,1.3,4.36,1.2,13.4,4.2,0.012,NA,0.002,0.014,33.2,3.7,30.3,0.21,NA,0.00163333333333333,7.9,1,1,2.16,NA,1.38,1.75,0.0564516129032258,18.7218709677419,4.80467741935484,7.77406451612903,0.03,24.7681612903226,28.1402903225806,0.298322580645161,17.9681935483871,6.10912903225806,8.11232258064516,0.0532258064516129,31.6343225806452,27.9486451612903,0.279032258064516
"94",178,115.882857142857,171.405,1.19714285714286,2.32111111111111,23.8285714285714,26.7444444444444,105.714,154.286,1.9945,1.119,2.714,1.893,1358.333,1587.5,10.9,22.6,54.591,0.220333333333333,-0.229666666666667,100.056,0.447,0.343333333333333,0.246,7.3,6.98,0.011,36.2,4.4,27,0.0025,8.1,0.7,1,8.142,0.845,14,7.03,0.019,35.6,5.3,27.4,0.007,8.2,1,1.6,11.5,1.39,11.2,6.48,0.00625,NA,0.002,0.004,31.9,1.5,28.1,0.151,NA,0.0016,8,1.3,1.3,0.632,NA,1.11,11.41,0.380333333333333,14.2132333333333,5.79103333333333,7.8416,0.323,19.3889333333333,25.4953,0.184133333333333,20.8628333333333,6.26653333333333,8.06463333333333,0.241333333333333,27.2512333333333,25.5208666666667,0.134633333333333
"95",179,93.69,130.927,1.681,2.09,14.38,19.69,114.82125,171.429,2.636,1.37,2.6605,2.143,1343.74975,1966.667,10.605,9.3,58.5496774193548,-0.107096774193548,-0.60258064516129,122.614193548387,0.110967741935484,-0.0319354838709677,-0.167741935483871,6.45,7.385,0.01275,28.8,7.85,23.75,0.002,8.25,0.55,0.85,8.292,0.7175,13.3,7.85,0.023,27.2,7.4,20.3,0.01,8.2,0.7,1.4,14.7,1.32,4.4,7.83,5e-04,NA,0.001,0.0015,22.8,0.85,19.9,0.071,NA,0.00156666666666667,8.2,1.1,1.1,0.4825,NA,0.4565,5.27,0.17,15.9118387096774,7.61038709677419,8.10725806451613,0.154193548387097,9.80267741935484,21.9104193548387,-0.205612903225806,26.7040322580645,7.72135483870968,8.20909677419355,0.144838709677419,17.7683870967742,21.5910967741935,-0.251129032258064
"96",206,112.936666666667,133.893,1.5105,2.4365,12.89,22.365,123.9285,154.286,2.574,1.621,2.607,1.643,1329.1665,1779.167,10.31,13.8,47.9307692307692,-0.404838709677419,-0.844516129032258,99.0803225806452,-0.234193548387097,-0.370322580645161,-0.503225806451613,5.6,7.79,0.0145,21.4,11.3,20.5,0.0015,8.4,0.4,0.7,8.442,0.59,9.4,7.42,0.018,25.2,8.2,20.3,0.006,8.3,0.8,1.3,10.8,0.897,8.7,7.79,0.009,NA,0.004,0.007,19.4,2.4,21.3,0.137,NA,0.00153333333333333,8.2,1.1,1.1,1.41,NA,0.859,2.64,0.0851612903225806,19.2575806451613,8.32558064516129,8.36064516129032,0.0732258064516129,7.82348387096774,22.4478709677419,-0.499451612903226,27.4831290322581,8.02077419354839,8.39558064516129,0.0806451612903226,14.9027741935484,22.2508064516129,-0.545387096774194
"97",180,132.183333333333,136.859,1.34,2.783,11.4,25.04,133.03575,137.143,2.512,1.872,2.5535,1.143,1314.58325,1591.667,10.015,18.3,18.8910344827586,-0.269655172413793,-0.736551724137931,20.928275862069,-0.165862068965517,-0.312068965517241,-0.432068965517241,9.25,7.605,0.02075,25.3,13.45,23.4,0.00575,8.4,0.45,0.75,6.381,0.985,6.6,8.02,0.008,31,4,18.5,0.009,8.3,1.4,1.4,0.549,0.526,4.2,8.38,5e-04,NA,5e-04,0.0025,21,1.4,18.6,0.019,NA,0.0015,8.2,1.2,1.2,1.252,NA,0.434,2.25,0.0775862068965517,20.4302413793103,8.35934482758621,8.45334482758621,0.063448275862069,13.3270689655172,22.0476896551724,-0.364310344827586,19.3754482758621,7.98141379310345,8.44624137931035,0.0731034482758621,24.7564482758621,21.8368620689655,-0.394862068965517
"98",181,151.43,191.846,2.34,3.556,18,19.51,142.143,215.714,3.642,2.123,2.5,3,1300,1900,9.72,11.2,17.0745161290323,-0.348709677419355,-0.76258064516129,20.5635483870968,-0.294838709677419,-0.424193548387097,-0.524516129032258,12.9,7.42,0.027,29.2,15.6,26.3,0.01,8.4,0.5,0.8,4.32,1.38,9.4,7.17,0.016,30.1,6,26.2,0.01,8.4,1,1.2,2.33,0.902,9.8,6.67,NA,NA,0.003,0.008,24.5,3.7,27.4,0.087,NA,NA,8.2,0.9,0.9,0.88,NA,0.946,5.51,0.177741935483871,30.7621935483871,7.09712903225806,8.26493548387097,0.130967741935484,15.6694193548387,26.5208387096774,-0.477,23.8896774193548,7.04561290322581,8.34103225806452,0.14741935483871,27.2263225806452,26.4313225806452,-0.448903225806452
