"","X.6","X.4","X.2","X","mctn","actn","actp","mctp","mcnh4","acnh4","mcdoc","acdoc","mcsal","acsal","aflow","amaxstage","mflow","mmaxstage","gTOC","gTP","gsal","gpH","gchl","gTN","rTOC","rTP","rsal","rpH","rchl","rTN","marshmeanrain","gsrainfall","gsmeanstage","X.1","aflow_cum","mflow_cum","X.3","cNH4","cTOC","cDO","cTP","csal","cturb","ctemp","cTN","cpH","cchl","X.5","gNH4","X","eNH4","eTOC","eDO","eTP","esal","eturb","etemp","eTN","epH","echl"
"1",1,1,1,1,18.6987270458774,28.5950248318255,0.698858263543054,0.283304121275727,-2.30689073000522,-5.20799812085298,75.9687858774459,71.1947512947305,-4.40931475671197,0.865584888736255,-1.80963194896487,-0.32185386491572,-18.0854871678316,-0.308677141635287,3.39070517730111,0.00244753613151391,1.80064997163626,-0.481456211617902,-5.24344761933787,1.06228484997046,0.356806155291814,-0.00549008515234236,-2.58517599555655,-0.101927619153948,-1.69849925687122,0.0416704514486049,-0.0933464550853093,-0.0775696592786123,-0.271863784579653,1,-49.5466355570121,-659.201231325435,1,-0.0907758698257176,-0.584025022192748,-0.159093003554047,-0.00273692842181896,-2.03919186131176,-2.68065739690203,-1.120688258133,-0.157212122612077,-0.0353766553491453,-3.03592536558504,1,0.799701388164001,1,-0.0191174630025552,0.454381321668751,-3.14948999882512,-0.00763372272092659,-1.65760057609638,-2.56586565758116,-1.22972164719528,-0.0740272743424267,-0.064826305014144,-1.43708825079579
"2",2,2,2,2,25.4858708864581,17.4904761838885,0.132562704479526,0.555907667346101,-2.39967125880757,1.99816311815923,128.451283984263,-39.6522511200274,-1.680502318187,9.05064093515163,-19.1533892761744,-0.273783628017095,-28.5712004353563,-0.21883308095418,3.59299448544336,0.00370989965702042,3.90610825288228,-0.389814754650889,-4.62407222825311,1.03929898967753,0.562273075101886,0.0153920878470193,0.535085452423603,-0.0494096862902661,-0.63101827041252,0.5294079730158,-0.00614559387899923,-0.0486570163352698,-0.162623430562663,2,-370.300867603948,-1065.23794220132,2,-0.076196900913065,-1.37156999134399,-0.45468873656295,-0.0069611946219958,-1.60644663223825,-4.83678863522102,0.130125484405747,-0.294962944907316,-0.0173633221958349,-4.55698120690724,2,0.661827010139595,2,-0.0100417980065724,-0.0386443043254625,-3.70925798887377,-0.00600454662399226,-0.823747744920305,-2.85144065174055,-0.152717851092786,-0.100071492246295,-0.0280741138482402,-2.28254965517568
"3",3,3,3,3,20.4000744200448,4.71149235481501,-0.164045850279757,0.4567250853958,-0.747886073244477,8.95817950519174,-48.1800765877795,-253.148617942201,-0.0866957661800818,14.8727375233853,-24.1329931326284,-0.222905448299259,-36.1290119577458,-0.200632333023271,2.44346209570904,0.00520366127593541,4.86615023672436,-0.0960023937075944,-3.32458871817152,0.690484019138667,1.3165987632624,0.00238254387123671,4.51637242759139,0.200835918534668,-1.70597917160446,0.327923825473704,0.104428057286705,-0.00341247346796483,-0.129224743559708,3,-608.341137483585,-1260.23680773923,3,-0.037166343190902,-1.67208296901185,-0.670607930504318,-0.00872827360911582,-1.20927533516463,-8.57162455461769,1.40788317679334,-0.256291253287244,0.0628254179435486,-4.32470106439642,3,0.248329162707453,3,-0.00815697864998491,-0.719202311447911,-2.39476136176,-0.00528672069899164,0.253214904948082,-3.05715002863648,1.15071511865159,-0.124083612273593,0.0200493610022297,-1.83772873601076
"4",4,4,4,4,6.09601352313952,-14.5424645097755,-0.198684484215507,0.0664523269874849,-2.02969921281381,3.74934609158593,-23.9177477185361,-377.259938597048,1.91021431301961,13.6842181993393,-18.3621045117419,-0.154686790412925,-27.0102513312361,-0.219794227099419,0.933925312237112,0.0079827436409923,3.32864192892369,0.105703457368422,-1.5677660292043,0.354076529132817,-5.56802529906122,0.00820508702955671,4.38232811587971,0.173610441299574,1.20080236777015,-0.397029658402447,0.113517699363386,0.0482640930897157,-0.124740750095812,4,-567.616543843992,-1032.13086133112,4,0.00374228356789264,-1.6644659348065,-1.00348781455318,-0.0075374456251212,-0.768928347531486,-9.63693709864114,2.78037339850787,-0.11432505429252,0.123302537352406,-2.4212363608056,4,-0.0316128135352404,4,-0.0140386065966599,-1.21289153269362,-0.734348234737759,-0.00388272597275152,1.10317586308916,-2.63333984052019,2.69920249398638,-0.121825150217682,0.0287001319962316,-0.476245756747628
"5",5,5,5,5,-5.36798935682312,-28.7784760821449,-0.199598533931493,-0.365660928130662,5.55425134588433,-4.12542345661279,-85.572065258846,-130.792765671626,1.99283024925057,7.38188309193455,-10.245284053109,-0.0537732386022603,-0.152953415612785,-0.163160558780136,0.0719060128007522,0.0110425256191667,1.36309294951866,0.0626732802930755,1.4585503598312,0.291478160158793,5.19519575641608,0.0275460864580807,2.14127925000611,-0.0169569676043035,10.5642628340091,1.06085136756988,0.0732562031468072,0.0842716758323231,-0.0889876746402397,5,-223.364899733475,-318.738903936044,5,0.0259593691989889,-1.68971027200642,-1.23439309264796,-0.00562376256137029,-0.127094664845065,-6.07572668059365,3.86465476202723,-0.0768025296559544,0.124172770133201,-0.842379473389444,5,-0.0732321801054911,5,-0.0183117044159439,-1.08295256651188,-0.0205512641354691,0.000332286459726047,1.22477204722137,-1.14251574624328,3.94283327891183,-0.0858761844190609,0.113826722464447,1.17900097084462
"6",6,6,6,6,-7.74620149522528,-32.6071698444325,-0.491267193824892,-0.628519421338864,1.84218585943364,-9.93326235974974,158.035540916348,259.038774158283,-2.84205769927757,1.39847410638634,1.809051341579,0.0567537151267332,23.7276529078489,-0.0134392251452179,-0.141704527887024,0.0108626403687673,1.75326369052197,-0.084030259002124,4.7272842068376,0.37859091862315,2.57789454711498,0.0270416641199541,2.28460420371591,0.0126746795108265,18.6663777179142,0.845997998226286,0.0973132350411647,0.0966721320699128,0.0201220253281047,6,243.616786715502,646.972878057335,6,0.0225027703084352,-1.64039215742932,-0.964153015048943,-0.00517536454556555,0.527512317903746,-0.947749189323205,3.90834162868871,-0.188618447329446,0.0887232618820221,-0.819883080433943,6,-0.0826822795737053,6,-0.0119089558813065,-0.288809793960356,-0.145881296583237,0.00368407771621934,0.396421442887138,0.720507450421486,4.00968862954859,-0.0370322598480289,0.194961125718132,2.15277984310499
"7",7,7,7,7,-4.49478237021841,-31.5403672457235,-0.946790066607208,-0.613594299334121,1.22161146942745,-8.85900390962346,129.073134569086,424.69204987378,-9.63794208915567,0.676312679618952,19.3230416496386,0.134086429563725,28.3156276946756,0.149491339233518,-0.500101036112391,0.00476583431280582,3.37655075726578,-0.130570239014174,4.85200647983341,0.288157826637244,4.36473707635038,0.0369728662687144,1.86163886459753,0.00363578361500144,19.7913831723925,1.2366340776806,0.101218127336415,0.0804835305381105,0.142301722077491,7,613.171018308207,1144.31079869931,7,7.25537754463733e-06,-1.06578231230239,-0.17431730971618,-0.00530203353838625,0.591992956764186,1.64592097607241,2.3966810872715,-0.26079075373133,0.0492692502740462,-1.01308734074553,7,-0.101611170246245,7,0.00261384736859188,0.611467366010602,-0.256281982718477,0.00280424032873943,-1.12061083748218,1.45525083564581,2.41334433846525,-0.0060405278872187,0.0684796177682096,2.04621673249611
"8",8,8,8,8,-0.152813097390792,-21.2633767161147,-1.02152427314013,-0.40229894051708,-3.47853571239507,-7.57343889425694,177.914240513761,236.162616316729,-11.5953389880387,3.46247685109178,29.2968111313779,0.143797551002643,21.80665125413,0.230340225982265,-1.61326856687083,-0.00457807091115122,2.44738387619426,-0.0599540225053824,0.181287910349111,-0.0915879345267303,3.41045440492379,0.0293163569245129,0.0723913850970769,-0.243457963655049,15.2282477316656,0.890941392473854,0.00863609603138899,0.0466443636761405,0.199980105168447,8,758.548993924238,828.008815997269,8,-0.027272819736377,-0.0593487022337968,0.659105853723864,-0.00411116636002571,-0.290180094642018,1.07480466721719,-0.290074887655634,-0.152267532255204,0.0162508763822169,0.176184420907587,8,-0.0724202166350413,8,0.0115616677076588,0.925677261258184,0.105990511241305,-0.000975044124132721,-2.4793097743867,-0.0592606906824775,-0.330315209769483,-0.0176464533109657,-0.085148377969736,1.30865822616189
"9",9,9,9,9,-3.25463905876995,-7.87519441727031,-0.605312041460943,-0.167226489862358,-1.56887773716579,-6.03932794746471,-139.722398177665,-58.6043723459267,-7.95267188759273,2.7465341947596,24.247793880962,0.0437191406048857,24.0561306072361,0.142585531670412,-3.43264863274422,-0.0109248399579423,-1.55175124391577,-0.0209591092806468,-6.10853838447985,-0.531930087414142,1.46043751457403,0.0138058639098734,-0.823536514728448,-0.286231141117873,8.80782529529912,0.730349630928473,-0.101204319356769,-0.00248212861551116,0.100670711024234,9,722.936243335119,511.024150989396,9,-0.0446371175512395,0.440158617739255,1.0637942886478,-0.00297878219039831,-1.72386733523358,-0.167454037721949,-2.95869572185514,0.00393691612992975,-0.00432195374210447,1.81812212514158,9,-0.011919173247687,9,0.00369966683087202,0.578604179490923,0.635079157994075,-0.00506456915198663,-2.90523295314158,-3.56182053697416,-2.92839959205077,-0.0731937355885457,0.000774147481568122,0.243918235151871
"10",10,10,10,10,-16.5777617573759,0.0959735459375874,-0.16128713270265,-0.109628510293739,-2.49799421977001,-3.29269773753571,-222.382415681666,-236.505896918183,-3.63630861823402,-2.07887910817526,10.9328959611288,-0.180431634655709,23.6577154355671,-0.123529223567691,-5.2725705109247,-0.010813863195457,-4.42348040478226,-0.0898053590413278,-8.31210872457518,-0.738938026876772,4.26232831477839,0.025901537607306,-2.80686611877731,-0.0622235084530339,3.05392295569497,0.889101012266016,-0.113678547583313,-0.054909886597681,-0.165169312796606,10,504.15211098754,291.177671415878,10,-0.0437064475660139,-0.158632983146922,0.988536249229381,-0.00435263459461706,-2.6080561721803,-0.0683217294457608,-4.37823245833804,-0.0101935642542083,0.00108474058755195,1.57190618096929,10,0.0407237807902385,10,-0.0165055093986492,0.104367725211536,0.799252694181923,-0.0070505411987631,-2.27994326687045,-6.92244305431578,-4.19287794504728,-0.13350348862403,0.112128054991323,-0.918936189837671
"11",11,11,11,11,-32.5613734468313,-4.4734428522414,-0.0781581848062354,-0.260853583279918,-1.16272863127967,0.640858197721614,-498.990691984071,-268.859067844877,0.539961344976597,-3.05339756568457,-3.10558467800516,-0.43612501657943,-1.51888351712756,-0.417638772205591,-6.13606297897699,-0.00746227948048026,-3.01457532308051,-0.149580669499553,-4.77263062586485,-0.654786794599507,-4.3174914428906,0.0135239923704579,-2.33582710015834,-0.0236937653706279,0.712789119917505,-0.154667622567546,-0.0735006410910833,-0.101500349399484,-0.455641630203975,11,35.3719565938982,-439.723184597121,11,-0.0270590620309356,-0.87956284507696,0.654407713668176,-0.00667418522153137,-1.73591125959643,0.965685361631204,-4.0460395798437,-0.148549531947334,0.0288188800624259,-0.721265725209904,11,0.0892315403860207,11,-0.0310511039010387,-0.0870228255645035,0.488893982025986,-0.00680457754844637,-0.919157709654032,-7.44287803690009,-3.777720705072,-0.146332820799296,0.0205583456891201,-1.63319200212532
"12",12,12,12,12,-42.9231168560091,-21.1059894746401,-0.270206074752773,-0.518228834300094,1.25961523520116,7.34166223682736,-454.589416460519,-303.127030467368,7.59450645366309,3.77840694945618,-17.8943946701713,-0.573921075470237,-38.9424208406903,-0.566580975932795,-5.62179070304395,-0.00742325927125143,0.71340150816459,-0.0452509598512902,-0.509630109839588,-0.485548358458428,-6.6656158706114,-0.00999251658167277,2.4402494065858,-0.0470067842147508,0.102949582733408,-0.655569154986007,-0.0893544684252041,-0.125749097866281,-0.594564810998548,12,-586.358687852304,-1324.97507075623,12,-0.00628259267900207,-0.0912807262091516,0.1753199347839,-0.00547567931363424,1.14877030196909,1.5137465220999,-2.48498786881197,-0.123789341658526,0.0418179898796364,-2.56390642687101,12,0.0978325836703696,12,-0.0257588042597156,-0.0425947347408272,0.105433009443418,-0.00609480460421757,0.647219680912455,-4.36837059589821,-2.31699272719282,-0.0982791210529247,-0.00392640718302896,-1.40047519350849
"13",13,13,13,13,-44.068165216834,-38.7701709321964,-0.485418731415179,-0.706911697915156,1.1040765723578,13.3858023188998,-578.6256523633,-447.25449319939,15.5739076528229,13.2729708129519,-33.4519151713369,-0.496684021942417,-54.8114348782507,-0.489689620365615,-4.67255534707293,-0.0130409601591524,3.37845672884994,0.190216429596393,-1.38925011073539,-0.492126240408167,-0.614785792286794,-0.00734490531034659,3.94877355639827,0.181594661330701,-5.08713048428488,-0.0637891659927975,-0.108376545415256,-0.114237622028258,-0.490003870960842,13,-1093.33769186086,-1566.91442258585,13,0.00714189909482897,2.29319122587223,-0.482566187760044,0.000394673913838699,4.95580227287486,0.97799824493996,-0.766919166811276,0.188503074156409,0.008581585926554,-2.26135602524163,13,0.0193093193799669,13,-0.00544256330088698,0.0221143268937902,0.0736822288417892,-0.00468353345185848,1.86360276574577,-0.0369410196238837,-0.816917970563273,-0.0298481659982347,0.221062346268681,-0.433294950752289
"14",14,14,14,14,-36.9154959826962,-44.3126269213156,-0.785164865354827,-0.685843721215179,-0.914384828845601,18.3005602513311,-322.541163278577,-610.59087878001,18.2940872870612,17.6675282951123,-39.8673801566619,-0.289052931765186,-41.5523962501603,-0.286298493030632,-4.5063074833713,-0.0196400797690125,4.83683195574632,0.33802542451252,-7.30449577393288,-0.694122100702374,1.5337633090816,-0.0126997917548452,4.81334770702652,0.291329613942266,-10.9162227859439,0.195144675199064,-0.0308176059199005,-0.0668587306159079,-0.240827395209153,14,-1221.52954864571,-1195.69348702265,14,0.0108522190660033,4.29113880333604,-1.18002891490572,0.00616793903281261,7.8352954219018,0.1433942504349,0.442181912388689,0.528037655666739,-0.0364567810405468,-1.07219104329545,14,-0.0717227080550744,14,0.010693345151505,-0.0198873302073666,0.353632963096884,-0.00241624444245562,2.50910246602172,1.8686689344244,0.232236459132912,0.000859534818526259,0.379762496930126,0.253161228903809
"15",15,15,15,15,-26.4953754624254,-29.2922523501384,-1.13521224069286,-0.485760550422568,-2.83048673510422,15.4292769266523,-253.004021280232,-544.699674674853,15.2146554818807,15.057079793306,-30.9492638733434,-0.149001683572721,-25.3857521093361,-0.155012756187379,-5.27723271439682,-0.0211986352724273,6.97005400475099,0.260130366418864,-12.7531411433941,-0.867347037951674,1.45720985304314,-0.00746239399193423,8.09185505561377,0.0557254817875256,-7.92280637718842,-0.0938881901601541,0.0898357212526019,0.00448047453603636,-0.081912431394787,15,-938.298275159474,-789.838874612602,15,0.0135866005608108,4.14791914524109,-1.51405930230022,0.00677812466853086,8.64833250311724,0.290484521475628,1.32275117670237,0.558378842525513,-0.0103081448040291,-1.27990538420557,15,-0.0790624395558214,15,0.00968090726986127,-0.112637614473135,0.470582134775922,-0.00170792242393633,2.86924897471008,-0.221913840375725,1.12734796526919,-0.0218410006180078,0.290370791983056,-0.141564070144725
"16",16,16,16,16,-20.0969498449795,1.00724405974447,-1.11505161919341,-0.204008819301353,-0.266503544407083,6.64033667731808,39.1123302590965,-166.503114267623,11.8457074058564,8.94445497304276,-17.0746802894856,-0.144956276984629,-23.6993967203625,-0.128051251112695,-5.8824033305255,-0.0169290010230763,9.23964302602578,0.0668159130901328,-13.0687398471761,-0.811702679981616,-2.30466889563639,0.00333245008385158,7.69038684042701,-0.0715688293090614,-2.34256361780614,-0.323742385118974,0.120821411589743,0.0797333207915072,-0.0524945113403803,16,-481.966767959127,-787.460272288322,16,0.0289343013008184,2.17993021073618,-1.24556623576347,0.00275997561919649,7.63470314021428,1.50066215784601,2.39444209538631,0.282624551975574,0.108659320371891,-2.85070989074123,16,-0.0433239727215273,16,-0.000467772470767803,-0.171620279634358,0.0607708522727762,-0.00355487889994256,3.34087967282892,-3.81839450895366,2.34054703526431,-0.0471924030915292,0.180702249624953,-1.13027658223415
"17",17,17,17,17,-17.7118879883032,30.4326678131082,-0.341206238171339,0.05417505652187,-1.3317583635855,0.213311468435995,-1.65604446116642,329.469146358255,9.60256492213275,1.04509621187577,-7.57688572418707,-0.142982941662458,-15.3070776877232,-0.0508848560862916,-5.1267911275655,-0.0111017555270398,8.17875147924267,-0.0601875540919974,-9.06580925084671,-0.565235996771282,1.15498977906951,-0.0117652245704412,6.78855383247906,-0.0397510755456796,-6.05852033985852,0.0429572807882981,0.0739152884624293,0.134474199430399,-0.00620420715509803,17,-124.010791786488,-699.774373246198,17,0.066178812579223,0.0408114547249994,-0.705644293521688,-0.001223947384704,5.60269722720288,2.31009138923321,3.63833662730314,0.0218814705973094,0.217695950726914,-3.27689858754657,17,-0.0363456766076358,17,0.00156201745425514,-0.273384204406937,-0.631422163375513,-0.00454620074924794,3.77361302380452,-4.0852137336185,3.69860405224333,-0.00442858570796458,0.16861109005348,-1.09639414803685
"18",18,18,18,18,-15.4380394437796,44.2643556949812,0.805838531133025,0.237248395761642,1.46709742081252,4.333476322051,190.022156278766,634.747376617971,3.26847045596791,-8.02033242479111,5.46690576087615,0.00834442309509563,26.147769699155,0.198071970627048,-3.08310597371277,-0.00739434761628558,2.13204987942199,-0.099917752923536,-5.46484079166785,-0.331140289344029,-3.24760662643183,0.00124926536664458,4.50734890507352,-0.231186956253172,-7.30668243244908,-0.28004277696994,0.0788327311507691,0.149760503233903,0.185056073513013,18,94.2317623385869,642.866708746036,18,0.123616474755608,-0.945611199511909,-0.512532020758707,-0.00168100830425836,3.15218034696991,1.27668137598184,4.21260922164167,0.0355342936851823,0.185312700000713,-0.985659592446844,18,-0.04337116559557,18,0.0274330695422443,-0.460936196636588,-0.870460058882936,0.000324659247670797,3.45414328791546,2.09805676850852,4.2548204976429,0.123542642321632,0.159076988670589,1.25339929271269
"19",19,19,19,19,-10.0781497704543,39.6596246359887,1.35304258394865,0.353990026827082,4.39193562293394,20.5209055943101,118.994742547311,627.565402004491,-7.26280552457133,-13.0384527288219,25.9192140025119,0.243099794034743,78.038995443922,0.474495812786325,-1.21776822098974,-0.00468297220487399,-5.51627959057153,-0.169060232079757,-5.14738951682502,-0.236263818527165,6.10386033884169,0.028402966689885,-2.99794036869329,-0.42444037366366,10.770565990279,1.05014127361227,0.111621371553691,0.118407024771379,0.407373845910523,19,325.42028810678,2659.47568748794,19,0.186108279134138,-0.807108816247657,-0.790650617425353,0.000615224992385864,0.458815312262185,-0.863021258780547,3.14784765090168,0.244049363307682,0.00611716018209732,2.43811412065215,19,-0.0301868388569067,19,0.0650344073425142,-0.490044480202357,-0.171094095559563,0.012053646637583,1.73765006906631,13.1528154350084,3.08636444030926,0.275928287495066,0.118144976888906,5.44292232183157
"20",20,20,20,20,-0.934439913442018,26.8678572570246,0.808795744043955,0.378858613138402,12.899068978574,37.8854038801064,201.772632192252,444.205294470459,-14.3834453532296,-10.791173852938,38.411990194712,0.313358429631912,88.4762705371746,0.485116019287662,-1.11220515904383,0.000538340347341972,-9.64305315585617,-0.312402959204384,-6.18001632554465,-0.234557503335414,0.182673029618479,0.0220600222186487,-6.04781489403448,-0.268633221333262,29.3401247887844,0.491291474511326,0.0468180466067213,0.0450525336307466,0.403851396943194,20,668.970532087567,3110.52883533611,20,0.228861197026394,-0.391020240853445,-0.887846418162759,0.00326752093915931,-2.28629630160721,-0.671081433133757,0.398619422661625,0.37285649534378,-0.18476647399355,4.22131277081967,20,0.0170747583640264,20,0.0882100893872834,-0.0791064902890311,1.00970908096043,0.0242660859669939,-1.16255978851714,23.4735031355062,0.29235912210553,0.359100650207081,-0.0250994326913348,9.22108960526162
"21",21,21,21,21,7.86994991656052,18.0997690444409,-0.117983511068699,0.350405697282367,10.537747550859,47.9660109715797,-120.465238273304,279.018278523449,-14.8337528408318,-7.79780855973406,32.6316520642751,0.0857389172386012,49.4926317370991,0.160917840890033,-2.93671751929534,0.00846840648350757,-9.25633319313726,-0.410999951921823,-4.68208608328308,-0.228499699155327,2.58546729478498,0.0249090019052827,-5.73623268453922,-0.136367601881692,19.8221428388318,0.87483034060884,-0.0761930347766173,-0.0416622249417144,0.0853795892347323,21,960.026029033058,1752.74518309122,21,0.23369153928542,-0.0971748031065438,-0.120839917147353,0.00703265046273225,-4.50188419365735,5.27037765908038,-2.82515193098558,0.326598122575485,-0.26294645409031,4.03686232900644,21,0.0993595219854151,21,0.0828581947393197,0.6878187090627,1.45931445024484,0.0297638676618997,-4.04428483823086,27.7798300812904,-2.83130896047882,0.333141805878211,-0.336593451310765,10.4683594616478
"22",22,22,22,22,8.11279769540509,17.7041482271877,-0.433437418614866,0.268566227637185,8.20958113655134,41.4866335796602,-255.294134497166,169.426429008108,-12.537620226889,-9.75365609700835,22.089812176572,-0.285183886366882,4.17887115006295,-0.273990966886796,-5.18480298046886,0.014267183077208,-7.5593561988628,-0.333964408059889,0.206118604162148,-0.206911902229829,-1.58536574912263,0.0230066809565513,-8.41625995303352,-0.233745734782554,-0.216725465839747,0.334203265602405,-0.120387704713773,-0.111852152068306,-0.338968951744923,22,916.365852649054,430.940674972053,22,0.202603485417724,0.324795988078893,1.22542845041289,0.0144295104555558,-5.40491136380044,15.8599463034822,-4.82988107235543,0.277931005416538,-0.238401123533827,4.10169593032327,22,0.171581764941411,22,0.0611038973359072,1.40315503526316,0.280270087489262,0.0282416580092412,-5.43208182043516,24.9170969615008,-4.65567726267204,0.25202593207032,-0.540474925191452,8.88962878546962
"23",23,23,23,23,-1.13584291014232,19.5430726239531,-0.0573946782530407,0.127678304533252,4.13269801819045,22.3974229845333,-530.801197419295,15.0967420770607,-9.50962645571354,-11.4099028755512,13.921238516822,-0.508915562297294,-18.3860802228301,-0.519126267668434,-6.0888262049171,0.0128634701170196,-6.4507981013681,-0.131111913008199,5.13483249702588,-0.225790948475138,-5.37920337597236,0.016717874531724,-7.01457844513906,-0.167387914995296,7.1146858589837,-0.0928687551870491,-0.0808094851235223,-0.143587705386702,-0.571345059430697,23,410.349394716148,-258.023049685695,23,0.151892254668957,0.879441077125272,1.94123617767501,0.023324398981074,-4.62024833624197,24.4279955224744,-4.71215971330495,0.364358044235585,-0.209045542290805,5.48393190240697,23,0.1689844811157,23,0.0466736612508975,1.65278611161551,-2.07227735484375,0.0232749370801403,-4.64680941566615,17.8257506229047,-4.42775260812455,0.196374974170422,-0.359106396987563,5.74192173699512
"24",24,24,24,24,-10.5932685320846,17.3490104683156,0.311393707410421,0.00865887283375255,3.231414739019,2.2008302030447,-390.230549424398,-222.766438698879,-3.4236147723819,-5.224731676425,-3.99147124706578,-0.4579969465192,-29.5320607953696,-0.467698158055465,-5.24144057901515,0.00505088507485379,-4.51693825662499,0.00543722949473653,6.34650167128752,-0.292096338195431,3.89630483840839,0.0342849860982983,-3.83225872623772,0.0285298624272292,30.7382688475302,0.948030271555403,-0.0740352047530934,-0.128683229192458,-0.491871880167837,24,-327.529593709053,-905.682290612002,24,0.10079722500211,1.01647158742723,1.12151553791483,0.0261532295784909,-2.7024625339265,23.9429837732432,-2.97573465601293,0.468657998040639,-0.225115532827621,6.26704701054209,24,0.0632801597089284,24,0.0500859313107508,1.25747657556047,-3.94012776868763,0.0172178795435361,-2.37727776024493,10.6849893614353,-2.7491658573191,0.191693865745663,-0.0887447122131399,2.67260350262537
"25",25,25,25,25,-11.8638701417952,10.6526305324275,0.300979166202531,-0.0171337508876651,-0.814673336673041,-8.358145409179,-427.185448939972,-382.106448938892,4.47332810575428,4.86437980809846,-29.4603637327546,-0.284703861600472,-44.8517161082184,-0.293796219740333,-3.66256957041099,-0.00262947962413678,-1.12663094305079,-0.0165874223312614,3.79096349089887,-0.315712777110484,4.25203902808649,0.0210859920748578,-2.11057167829282,-0.0445917759723028,28.4736920423541,0.909176959327293,-0.100630377070258,-0.0746749321023332,-0.284494528748181,25,-807.463772346507,-1442.75432171293,25,0.063303539697333,0.449000379962012,-0.749889199171387,0.0187695075974987,-0.88055395713285,14.3585934764135,-0.902902613999823,0.402692233729528,-0.240394519631364,4.36227516577871,25,-0.076445863986395,25,0.059400329254812,0.440600957135771,-4.00775370994413,0.0103534589373322,-0.102471851806482,5.63203834339481,-0.864981790598015,0.19921283556604,-0.110500751526304,0.584237270974056
"26",26,26,26,26,-0.64410999278839,2.67903860907823,0.312207688949771,0.104051065871778,-3.75423763129636,-5.37715675953297,-196.248165976897,-240.051974434611,7.62505313391732,7.39166010068938,-33.5608751953362,-0.205895014114541,-53.1862890647189,-0.234344039935862,-2.48232004867857,-0.00426900867160866,0.930823949266366,-0.0881348123309646,0.719373780295273,-0.200638360328119,-0.0347435125997556,-0.00327400637300131,2.40786122493525,-0.174320351174033,3.37303683013495,0.0550490113429858,-0.052146815908551,-0.00108778329215151,-0.187483099011324,26,-673.410192138743,-1398.14978557908,26,0.0431607099659017,-0.292795364882086,-2.16193327094933,0.00758625448001844,-0.17454097848282,3.68118935889156,0.591328121165929,0.19176375983748,-0.20103289575649,0.689691464165447,26,-0.0611795487274333,26,0.0541696889040831,-0.294660854359151,-2.51620227614129,0.00393300978073005,1.02763343230362,2.13827385639139,0.447450601011049,0.170884078559186,-0.220591428036613,-0.510932070397123
"27",27,27,27,27,17.5215320386937,-1.68307639397726,0.746969946960206,0.302096443856486,-2.70757613083594,3.59280517334853,-143.134469443601,192.894662416898,3.46541241384436,0.25114514163441,-4.152768962465,-0.236679189895201,-35.4250127291777,-0.301080335398742,-1.81769343629151,-0.000299751600525708,-0.8381885076986,-0.0686726185773785,-0.422694584943572,0.0242334596922385,-0.0350988675336633,0.00646371912970387,1.58419368496435,-0.0323462625013344,-5.4630067035047,-0.00637373912303808,0.0589376327023602,0.0676582606995188,-0.224485638642724,27,-38.3030441700295,-602.122136967549,27,0.0336845592399222,-0.57177974328776,-2.12046245097331,0.00321919662136192,-0.609441829268052,0.0458006504295829,1.52652428035808,0.0378533188652613,-0.136519524103838,-1.93124722362677,27,0.162630557771199,27,0.0280012319881887,-0.670483194264964,-0.775817538116954,0.000899482722825522,0.924992920655911,-1.01924980892113,1.32636086252675,0.0988078137010667,-0.114737166757833,-0.893551811130312
"28",28,28,28,28,31.0399323655463,-3.33264321049252,1.18011397020818,0.42841721625251,-1.83168553175944,10.7061944205717,212.79596592863,609.991594066861,-2.37276640754371,-7.70172916225405,27.9102622319015,-0.212972945817918,-0.471725606778605,-0.32343992768186,-0.76202611752849,0.00406515099855933,-4.45098045802284,0.0457665645024889,-0.223491101311404,0.237927309203869,-0.275442678362333,0.00391183760725197,-4.48154732526465,0.0573774585822194,6.1924879159622,0.0399720645453895,0.114958248260348,0.109287910238753,-0.233844973526403,28,609.749607018204,531.969406734607,28,0.0233350649135312,-0.499792895282735,-1.11192893469262,0.00818546537051774,-1.21461691056438,3.95675300514557,2.44003341467194,0.0462306093658362,-0.118131297354697,-2.12863153414728,28,0.313928613456867,28,-0.00397644706176952,-0.818318210821941,0.104361954792815,0.00181821237637556,0.422741744767208,-3.82099409898552,2.32053240309632,0.0167442212411428,0.0415729451650413,-0.773739419972395
"29",29,29,29,29,30.7542399966436,-5.4740683537858,0.85294111391664,0.368902199385416,-0.992482040937954,8.46395919544402,211.949231209499,696.391853606026,-4.7377482496902,-11.3912798420837,29.7835135591185,-0.0298843506984714,19.2250122696862,-0.198216693129852,1.64945902038724,0.00586070108051299,-5.67693558425278,0.169970712644519,-0.123284502849545,0.415445765163433,-0.410697492304116,0.00034802276531342,-4.40401662749296,-0.0751780107718021,8.39740594869407,-0.0820570442196322,0.0880366082048284,0.11643831964803,-0.113281399909481,29,833.352266088512,963.368397465738,29,0.00500741935077863,-0.641411198239422,-0.388778377773782,0.0143064014328471,-0.965448873560218,8.78205176542999,3.49629244210628,0.10537575642777,-0.145188109392885,-1.08285337506403,29,0.169703756177804,29,-0.0207472905237758,-0.942779961187364,-0.0219186302350692,0.00301406183273114,0.390045792714249,-5.07467245963851,3.50612017069866,-0.0350143408044607,0.0606745587714329,-0.302548795963775
"30",30,30,30,30,17.7855873622664,-7.00742056093216,-0.206691330232461,0.130837740068936,-2.00074158401544,0.642854684813102,263.255390489785,416.283788723675,-5.32840671855501,-12.6206851260185,10.0939315699827,0.220528979180917,13.8188911514577,0.00760401189532472,5.22326152544394,0.00780184759516377,-3.43831990086325,0.254513212165049,0.492145339165971,0.673824092119013,-4.36409226840593,0.00283892508820499,-2.20094739221642,-0.0363083790489233,-3.7371038159471,-0.537487090875641,0.0733768536601104,0.090258791475098,0.0732264337950443,30,574.02561674479,481.361653156425,30,-0.0181146024522439,-1.09486450664204,-0.53170437819775,0.0123581765752545,0.208452938361761,7.75639862393116,4.0672021104905,0.0551607149764342,-0.135457503271512,-0.229376936561119,30,-0.0666825213259074,30,-0.0159988576571205,-1.07579945014489,-0.504532482228748,0.00083825665194911,0.929638005109401,-4.22623229757728,4.14619326585768,-0.0459352001936644,0.0797020667773627,0.222843954962645
"31",31,31,31,31,-0.929367087209557,-5.72359270441483,-1.03626848366662,-0.147934127724072,-0.107385121572446,-6.3568643605572,11.3933719001195,13.4849228130859,-6.49847137364765,-11.4723032294734,-0.639578254751549,0.353049210133443,9.63998255703435,0.140041277392953,8.37095647550211,0.0138892129603741,-0.732527965189672,0.294418940532553,3.49947563693349,1.06120893157393,-2.24125812304473,-0.0124856580294069,-0.353153221976127,0.136677653459168,-6.52483622645306,-0.237910143357172,0.0933159629339151,0.0424847478498499,0.173476565025406,31,145.726983373502,172.711119377397,31,-0.0346838623168743,-1.3582830220033,-0.938632830830244,0.00226060699810108,1.32322631582222,0.458692825560447,3.23981866490004,-0.101554986933227,-0.0477511373546524,0.761789489310976,31,-0.122013514820618,31,-0.00218217492979419,-1.06604351836386,-0.628046403136694,-0.00358100770333762,1.38760825520209,-2.48842584620623,3.29033420875199,-0.0400913718945022,0.139942657807945,0.403259474134688
"32",32,32,32,32,-14.9056577745116,1.65260729529293,-0.839356810152404,-0.312571011847825,-2.37166923442215,-8.65748497746513,119.624578944883,-249.251086904518,-5.53530239049762,-6.58912086370556,4.00894879556532,0.284271642802711,24.1768257311024,0.11613703351818,9.32873391049559,0.0232238769453246,-0.226460399776923,0.266707544014633,8.60738502642416,1.38349788571234,-1.15279232066439,-0.000937680246409582,3.02842056913144,0.0442085186381157,2.67474962886856,0.0643396258593904,0.0509629083335725,-0.00992808094689214,0.123323562699965,32,-80.0427789098273,502.321551000638,32,-0.0331960180487012,-1.06884209684919,-0.700338655656933,-0.00726145234908034,1.22200302715337,-7.0703086009283,0.793336721108218,-0.205007984313715,0.0390680542931675,2.89619356326013,32,-0.0634371462387781,32,0.0037528948885292,-0.706984505200947,-0.199908673951887,-0.00627593342280764,1.07250827807901,-1.89185202229299,0.76778703421658,-0.0483354868463396,0.0877064327623717,0.0152408692422119
"33",33,33,33,33,-18.1158427213714,12.2463235640814,0.0610115228467737,-0.28306522145932,-1.26246187376384,-6.57282508782907,57.1520173770301,-320.127496555641,-1.09315068955892,-1.1589205389577,7.48226800198715,0.0962330821635836,38.8078352403527,0.000631786162816575,7.78549696746227,0.0300890048449956,-0.865478692927903,0.14627843958101,12.485218460842,1.37316536126944,7.46538890590787,0.0164642547454072,0.736654487025924,-0.114329396828137,3.8781041197353,1.08731453359325,-0.0520002392364957,-0.0543822977487452,-0.0110351634846959,33,9.03611161421258,856.349469398291,33,-0.0100123334650125,-0.451586367014112,0.265920436444533,-0.00818753978703597,-0.297608144580838,-8.28568562980803,-2.31924721312508,-0.128717378097335,0.0188859228570332,5.63857662288147,33,-0.0703065674637724,33,-0.00269534269505476,-0.063435813879957,0.413540330155913,-0.00619293393834942,-0.0260855211583045,-3.2086088109505,-2.39536921475881,-0.0737865357345775,-0.0382766337211048,-0.773856768854875
"34",34,34,34,34,-15.2476923565278,16.2494723061452,0.617688295286459,-0.132681476608798,-1.37048726409691,-5.34475848165446,131.607183218578,-324.610188535476,2.04134801984075,-0.0367122084141803,2.82052850723376,-0.0842407453517613,25.8178277812435,-0.114505433831543,5.25395009021689,0.0299308401311305,-0.135318678518358,-0.0166397575902083,12.2053242906641,1.01986683342606,-4.51507564221975,-0.000893064672954841,-2.77233093694738,-0.0238386284840772,-4.44478631991129,-0.496688888913544,-0.105975937804819,-0.0807388462679313,-0.140985260269041,34,195.25749324481,674.547140438227,34,0.0273562943086832,0.0100056446733125,1.14934546976337,-0.00126423619953337,-2.19505328103585,-1.93695640772474,-4.53007075518291,0.0805090255851671,-0.0908942451205626,6.54008725154303,34,-0.0968153022040304,34,-0.0111445503349014,0.427732083802853,0.720100150351331,-0.0055010907310172,-1.16748377376347,-4.90626349496882,-4.58555016978725,-0.08397022990672,-0.0887755329212179,-1.40217812084264
"35",35,35,35,35,-13.5346466629086,8.36538813342437,0.294819630015478,-0.02665124264955,1.21604736413681,-5.63408373340363,-151.145971446097,-372.206645219429,1.11892785361699,-1.15481763452846,-2.69662150298408,-0.203547811650999,-11.145646307159,-0.19340975044596,3.70716797742423,0.0241641944753421,1.76697492017662,-0.110298115481722,8.94252933784778,0.624548741885208,-0.854255138796467,-0.00133990685237145,-0.655776957557095,0.000729399431028597,-5.90704686146985,-0.193465395703585,-0.087121173736382,-0.0850034671733126,-0.225712320283008,35,168.953823853693,-184.672156095682,35,0.0633618164879749,0.226464283244648,1.21183991914299,0.00599995707682637,-3.04753204882371,7.49764550208982,-4.80576864174448,0.260495265992457,-0.151642655156806,4.2628775698417,35,-0.0299027726962514,35,-0.00926829945565639,0.459012038885448,0.563248838902064,-0.00461881230064741,-1.51118001849367,-4.47711836884108,-4.77152798071216,-0.040358387357485,-0.0953819444732586,-1.26374160320941
"36",36,36,36,36,-15.5315021253979,-6.75996806059857,-0.36140191684629,-0.0903408752377303,-2.318401710326,-7.51241294335767,-126.094836510731,-410.851329764765,1.16007273591387,2.44367157091682,-8.09612709860349,-0.265369978716193,-36.5475777048644,-0.228444513817099,3.8370656950284,0.0185006198971549,2.4330204153196,-0.0780849048049179,6.89609637575841,0.48908689799386,2.81584123000547,0.00255463897989766,-0.219137519683451,-0.175957486048006,-0.354393523863096,0.254324385729534,-0.0785303776561275,-0.0688984522447703,-0.248941611648004,36,-168.810449187591,-1109.59582605499,36,0.0818237441365923,0.584426806762406,0.553149734797879,0.00825110285947527,-2.22133327600181,13.9198485267721,-3.34326049369112,0.300171858963335,-0.0764729300968855,0.668802124667022,36,0.0425419098350026,36,0.00383524488063362,0.2245018787666,0.178565011653379,-0.000961245136503688,-0.834822035586588,-1.10194257616734,-3.20891534724522,0.0561383341619913,-0.0889519025388615,-0.270420139739724
"37",37,37,37,37,-18.0659009740545,-16.091148068558,-0.510468827679198,-0.315565099474086,-2.60223322653619,-6.76676981662633,-192.513008129798,-347.956828586101,5.96372775047065,10.4026339506,-17.5796059385204,-0.266883542492951,-27.2894823421483,-0.214985937696438,4.63802766940281,0.0168000340563132,1.44327519956941,0.00707422598713213,8.13593826515494,0.610132304264564,1.52702360672068,-0.00275496144754252,-0.13841670252002,-0.154136127397575,0.479841174019071,0.024713113441919,-0.0946829448225231,-0.0381882412048884,-0.214584583454222,37,-604.555800230376,-1090.37243184941,37,0.0753147386742948,1.20905937348276,-0.17207541952588,0.00695761409020055,-0.316058669220542,14.2560256103473,-1.22453706790638,0.226871491560901,0.0427503534671573,-1.37395874889237,37,-0.00271036991842773,37,0.0175144593920322,0.0998794673805384,-0.132962456801697,0.00615037140131497,0.341086869887765,3.11511221574577,-1.06349287512268,0.15115211185557,-0.0263275047097973,0.89904107606488
"38",38,38,38,38,-15.0903037466842,-8.80915873795566,-0.0829200431751364,-0.53874924458798,-1.21664458801465,-1.13046866569346,0.687393534943624,-224.451382441845,11.0296365254452,13.6909861201099,-25.8627625515384,-0.19127325556594,-4.90165612851602,-0.159867437426358,4.48642833343693,0.0173161673517883,1.35009763408599,0.0126013314329136,9.87933733879815,0.696042730012663,2.82028245858774,0.007697371161763,2.85462183088462,0.0286896259145431,-1.97107727364061,0.0338352317918202,-0.0496157720252426,-0.00109564087267101,-0.129249349052575,38,-825.566556731985,-483.403682573364,38,0.0497410691162488,1.47024998770477,-0.562269685614019,0.00592209649601972,1.41360092161579,9.6743430764594,0.539313361706043,0.136273147671813,0.0338893435229359,-1.42810641920712,38,-0.0853723785767536,38,0.0209050807734181,0.191406660825261,-0.280948456570508,0.0113441941962422,1.27978928952323,4.8135937003616,0.604504697896241,0.176622641707848,-0.0528507372956147,1.23501966413559
"39",39,39,39,39,-0.347085862176515,13.603206593438,0.239418005734401,-0.569727715672512,0.31377887875478,7.57716612446668,-77.3066888371908,-201.674301827721,11.8228607720157,8.81067090993791,-23.8710509207175,-0.061484710757273,-4.14840081963698,-0.0858043129330948,2.84865815242173,0.0155282427079009,3.62895397735309,-0.092914615986765,8.11388687331978,0.509057951514938,-0.736077954862273,-0.0039884302815148,2.43628067441702,-0.0292042666168736,-1.51281367353243,-0.351358974578308,0.0503922490953682,0.0324693120494492,-0.0266936496441242,39,-703.290450209417,-572.865057074913,39,0.0190113788294956,0.673031727235689,-0.769626326807825,0.00510896005806579,2.10149583818335,3.34533183438313,1.69588218791267,0.0764731980869061,-0.143215709706213,-1.39631687669046,39,-0.0883571149205921,39,0.0130558532856596,0.262542723861282,-0.359276155478035,0.00842947112310202,1.62868849139941,2.57639780086312,1.58031795349983,0.112909488507164,-0.282010205692147,0.360187717993302
"40",40,40,40,40,23.215557660346,37.6884124691045,-0.0166587920760884,-0.313234056503799,-1.73973813708891,14.2570193942349,196.677355141541,-346.899530987322,10.7301287202196,3.0278357131577,-14.6874199449068,0.0597234716587041,-19.9577879666375,-0.0118529000994722,0.839995744415446,0.00996910257835826,5.90916486281811,-0.194443822669405,3.21481074632789,0.151064038695489,-3.3199814515722,-0.0179826778027735,2.02022250053816,-0.14632774959853,-2.83834594048584,-0.685924646165481,0.102056820126619,0.056413837271485,0.0569614453803404,40,-378.248562195725,-1047.57062065478,40,-0.00402480202324566,-0.870749757615723,-1.05530375212792,0.00168960382441543,1.78745953801742,-2.04715094205632,2.59858290565258,0.0331085826020947,-0.335660193213324,-2.31834451138478,40,-0.0610910520618288,40,0.0022504940605462,0.00954531453232735,-0.440759241261898,-0.00059258961398498,1.5458878177199,-1.46274159622135,2.3356437154848,0.0112345879573453,-0.421908317778107,-0.993829255493128
"41",41,41,41,41,46.7986663712823,48.829907451952,-0.507070622274794,0.144371527696757,-3.05994750155067,12.0896940894199,403.839352687728,-503.117445873224,10.855546576692,2.27403274060426,-7.0542262325965,0.139620051012339,-18.3775345755374,0.0653249006631468,-0.00247450732108889,0.0040372419908529,5.06898424637945,-0.190462779185007,0.234440958207152,-0.0396617900755516,-2.88818089164062,-0.000888294573659452,3.03558258148554,-0.0406781410600329,-8.0624712052554,-0.430906193639831,0.0864593528064647,0.0658088867055586,0.122699468200785,41,-91.1141990509905,-688.078257560785,41,-0.0137626176585175,-1.98545357186142,-1.30712386901697,-0.0042412535307044,1.04024339848964,-5.29431580762903,3.47346501782946,-0.00918719291545815,-0.372796718412942,-2.67115195256777,41,-0.0760622113846817,41,-0.00329464530697013,-0.477394072594322,-0.477189435756926,-0.00656997715350317,1.31457172291852,-3.49327671379092,3.21152237595493,-0.0407895188923476,-0.242809907830953,-1.40952646450019
"42",42,42,42,42,59.6125769073713,42.4077634736229,-0.530456895962703,0.580224826243845,-0.0209537400129487,4.8499948463065,764.944901352595,-414.665491686782,9.89905514559181,3.86451440684487,-0.736263570607558,0.224618269396549,8.56195052692864,0.196273458492568,0.626724733522718,0.00168170071837884,1.73435127372656,-0.129118284989029,3.025444154415,0.110692086560407,-3.30657891521946,-0.00264439735575269,-0.15146469321123,-0.0329821972439867,-7.55427971247725,-0.430843964729752,0.0786188677272906,0.0596814586752935,0.235155054261113,42,37.8707321285572,276.833416731743,42,-0.0130446381605401,-1.88378571961065,-1.16250056252173,-0.00851826083452038,0.269585492406073,-6.44386067729354,3.91866680598824,-0.0411094640768434,-0.264374257509958,-0.620898558841482,42,-0.0922258065749797,42,-0.00269911050415574,-0.66550364466594,-0.402967590585569,-0.00328492527880619,0.947800046450254,-1.58555712549897,3.81658797754792,-0.000677084631943707,-0.0557030014546019,-0.144507012710204
"43",43,43,43,43,54.7103553517958,28.9835510071371,0.0466463391468126,0.782434387628344,0.246565588096185,-3.65714571848008,574.765818603472,-5.77493260445513,6.1413484046112,4.1191553949273,6.69846460701441,0.353021276234966,32.2727569732403,0.387569718869706,1.48724428318449,0.00245143688047817,-0.628702561610796,-0.113480801309665,9.03407354758263,0.377049589725188,0.458765011300591,-0.00972376670985585,-0.372594168486023,-0.236444132931278,0.359544583485276,0.0991887522718518,0.0972476053477212,0.0410155527676801,0.403256986608417,43,76.3294219858856,823.011119808196,43,-0.00991621978108093,-0.959298937242694,-0.512162602555877,-0.00838834716023018,-0.588833086421099,-6.44492737936164,3.1821890739796,-0.0609581161533516,-0.151494730398464,3.15001026007868,43,-0.0690319037811013,43,-0.00113535185758091,-0.245955211734041,-0.236349981641883,0.00583661010699686,0.218330455447151,2.46765492143566,3.28204176063406,0.0842268702465037,-0.139088423838955,2.09657130897742
"44",44,44,44,44,36.6953021674081,24.6498530500864,0.644684938175974,0.678546199413671,-1.21847882397004,-8.08015008932912,432.633840640705,505.602899595973,3.80043208993911,4.28798440413753,9.03796130563941,0.447476294385545,30.7578146731441,0.522411736670353,1.07176564048325,0.00220896414979685,-0.497712331384827,-0.140476654623291,11.3103061244406,0.36882685729206,3.94713097659644,-0.00482034130325574,3.41202720305596,-0.240430060631068,2.91936406423678,0.411301606478804,0.0566398752527529,0.0155736251912433,0.509653290510715,44,160.733085444367,676.987866574883,44,-0.0121504687634478,-0.233811077159751,0.306784327049057,-0.00630940205258224,-1.73974278965323,-6.87377025265843,0.977718376645297,-0.0894246157583942,-0.111964281337668,5.71975056466269,44,-0.0646202792287544,44,-0.00326602788325179,0.413953351489085,-0.0199541602208927,0.0106095709132725,-0.923729729538754,4.75118479511926,1.1693541969618,0.116967564435764,-0.244326790931105,3.58231765777061
"45",45,45,45,45,18.6447362708889,35.4156256477124,0.717538982519182,0.397792231317034,-3.75874938162596,-7.73686262336295,168.378592725123,776.152267088488,6.24629395408254,5.19461083149998,4.10175072475571,0.358680524690685,16.0749005834208,0.427738224893745,-0.810512680028079,-0.00137986359444188,0.20868093304101,-0.127202314566422,6.22092677141246,-0.0111851695262915,1.88012803215491,-0.0130436355912999,2.42466961297456,-0.0633464455280881,-3.39922544112605,0.0575508418812659,-0.0491956604718378,-0.0115459696502489,0.37990243483447,45,311.344155313293,208.557074725463,45,-0.0223302236665313,-0.168112172700145,0.859255304062374,-0.00625806819103352,-3.02273697742267,-8.78898071860495,-1.99020367139473,-0.131699158646227,-0.0887511267657528,4.92402654219327,45,-0.101664329188303,45,-0.00881179596322621,0.737383921199917,0.270331071337728,0.00553221187782568,-2.07198400213555,2.98679622956604,-1.86619116830878,0.053753274018244,-0.131655895263541,3.10664065750157
"46",46,46,46,46,10.085993579747,51.6268524067177,0.425700670237776,0.139054302054475,-1.16151231224337,-4.8090243537183,235.875943773765,661.020601116902,9.22273455392352,3.16314269909269,5.04530886042975,0.0632885294509034,10.2568520144698,0.0903662832396684,-2.69173100061542,-0.00567496966553942,-0.279316493134884,-0.0623469226383379,-2.20180465339736,-0.422969461785964,-3.28537713633866,-0.00381836014034992,0.818910440391598,-0.0630676708476629,-6.78902726550787,-0.573504136219934,-0.105007652288111,-0.0348519387136609,0.0214954360136521,46,403.477500223917,-10.1581232093293,46,-0.0363506388325222,-0.307718115939724,1.01821215673783,-0.00793160649944999,-3.81631019049417,-10.9744897858053,-4.3325677838597,-0.156291157119251,-0.00985501457169986,1.55284352993541,46,-0.051022189544261,46,-0.0139029031008736,0.575670424777118,0.653641582166134,-0.00376013253247707,-2.57629724290971,-1.1837182471653,-4.33716694107835,-0.0446614722119783,0.0382913834624223,1.14504024733951
"47",47,47,47,47,10.0864428894882,54.7611516893139,0.282464853067716,0.0349978463893477,-1.51804380209411,-2.67643006227947,7.08360632360452,305.126063718959,7.69941508402174,-1.64995188455749,15.4529459241953,-0.251933291857273,8.89105117676701,-0.277539422455888,-2.79727447419539,-0.00624088345978792,-0.631854290258849,-0.0252181977428369,-6.87219912761956,-0.464580317366148,5.74035348759248,0.00558917725484869,-0.147012610861867,-0.0523340533602422,-3.58911517257725,0.375179657660027,-0.0839907639443704,-0.0516618148226065,-0.334475813851931,47,290.502000307449,90.9715549289455,47,-0.0464107467553977,-0.0838307854132208,0.946902427424934,-0.0070435298685472,-3.51112807463918,-9.86818472017996,-4.92330897891138,-0.135139808858483,0.0912137431371667,-1.77746312843408,47,0.140586697262745,47,-0.0154663365932778,0.277834040838327,1.01192229706316,-0.00800015359677326,-2.07754090739761,-3.74501633234485,-4.97223485127772,-0.0818688990997262,0.112610010764279,-0.846894523882007
"48",48,48,48,48,14.4727972792203,35.3478260391909,0.410258039124596,0.0955100019081962,-0.620119921578662,-4.39963278609381,-59.8802724895274,-20.5292397954349,4.44493933691743,-1.29950352578052,13.290790853872,-0.354178688590272,-9.50242325406998,-0.432924137362434,-0.777666803015792,-0.00224703047622705,1.42465969436885,-0.0442785271572953,-5.41073343799518,-0.119630874146068,-2.96316183943442,-0.0132771927655272,-2.31509020413147,0.19785851996792,-1.88592850653341,-0.666958001379258,-0.0727306127657869,-0.0599144630148153,-0.442164961671419,48,-42.2010791883807,-229.166194739478,48,-0.046596207573829,0.389013896340221,0.776338449626844,-0.00115148350169758,-2.11598128341118,-2.65262646001593,-3.68025165173234,-0.0833618680964839,0.121379406152731,-3.11821762669708,48,0.244466079203442,48,-0.0136490578242685,0.281270595700441,1.13680724241791,-0.00335561638959985,-0.854914365455201,-2.03137959955988,-3.64144834655384,-0.027361949193738,0.138726211249726,-1.79279880373522
"49",49,49,49,49,16.3301778844508,3.35945672343649,0.450010232041056,0.201920639117157,-2.08234530158297,-6.93559887650557,-164.133799442808,-182.959340949021,5.08547613638418,6.72450047752096,-12.8631500913533,-0.208982046521882,-40.2947385579736,-0.325608471751885,2.01475703385605,0.00254344253567559,5.18800514716793,-0.0245249948123009,-1.91572655995598,0.255857197009559,-1.08052565917198,-0.0106630279396088,1.70688971706816,0.33115166395993,-2.86752620365144,-0.586493525857177,-0.0982395153544523,-0.057556773555515,-0.281836228251289,49,-443.605757005828,-1043.30891310197,49,-0.0370758511666619,0.541350944448093,0.467382594609256,0.00693119464920068,-0.366075546132678,8.9546659010568,-1.51482594895378,-0.0375564407374316,0.0660926128520145,-2.38431894478969,49,0.101281568434598,49,-0.0108040646537227,0.576344383050715,0.953838616096258,0.00634633733116019,0.370520064458201,2.94049160085077,-1.35487310529197,0.0569848647380648,0.122210052750338,-1.67666982777243
"50",50,50,50,50,13.9510995802349,-20.013902983211,0.167856280756385,0.248888207278378,-1.1158672404843,-8.13373668950157,127.251544219373,-204.190063952685,8.19009320439092,12.4837550701027,-34.226843661603,-0.01239435290554,-50.8684474451373,-0.122284434733289,3.591843296738,0.00304389915250339,7.22273533141176,0.133474604523693,-1.79893234725588,0.326271632821946,-0.513199841596439,-0.00244290739258467,6.02639559776267,0.207357626622921,-1.99144835674869,-0.318829440041476,-0.0674028053336115,-0.0429579925870125,-0.0565618918152059,50,-680.394529707305,-1349.1068993285,50,-0.0238892058663762,0.150234138326859,-0.0115483922551844,0.0117277667157501,0.748959500742687,18.1631854500946,0.476439387763064,-0.0164484702628405,0.019962293530172,-0.699087483065959,50,-0.0732552650682647,50,-0.0088701588796417,0.607068717712845,0.573723929530742,0.0119817014261045,0.984013098314916,7.24227717678469,0.641656114450915,0.0795198838390307,0.0743624055077151,-1.22174287618744
"51",51,51,51,51,11.3507769264114,-13.2814952407794,-0.170572722815087,0.190347524517116,-3.25748068959319,-5.87996858708081,182.767298982471,-128.657124479365,8.61825941639162,8.40611390454544,-24.8955218035221,0.0320642566451897,-31.2861299686403,-0.0321190381203177,3.23534229794934,-0.00149276000835011,6.05667461906557,0.363864181131807,-5.43735067443342,0.101339246736383,0.0825410269866337,-0.00924870547757376,3.37138181130649,0.182698053268858,-2.24083832579159,-0.207220971523068,0.0402176803219356,-0.0172948331934254,0.0241556937881425,51,-687.773979914712,-843.9212605711,51,-0.0140718661622381,-0.420354737428156,-0.47645164041109,0.0103196764909606,0.857625833266818,18.6355417798112,1.7855503948452,-0.0198522948309991,0.0575577397950279,0.824009124418421,51,-0.0794897896727717,51,-0.00825322316593994,-0.0237123785251591,0.186616825722234,0.00742961424408995,1.00959992487621,7.62277716925608,1.792806995576,0.0109614377530077,0.0940256929854053,-1.01551808841521
"52",52,52,52,52,12.908453711974,23.2801524253558,-0.0911057185865883,0.0793050923722108,-2.40170828977126,-2.80302352632938,299.579644648325,74.1434145734819,7.32183941422055,0.586555467358303,-5.10215588884252,-0.0362613976994407,-11.5212324929714,-0.0515818916230377,1.95514212144186,-0.00723702320709467,4.1795622003947,0.458769507066588,-8.60308383332835,-0.107535155145015,1.18526585039635,-0.00398508528159022,2.91386942430593,0.218079620357338,-7.10924426683464,-0.0509309992534383,0.105252121011361,0.0155572774198583,-0.00525979565827015,52,-544.099084866106,-328.806393235222,52,-0.0137010238686839,-0.778570927097986,-0.675730475890809,0.00480719408702954,0.517941272422188,9.89554283347704,2.62375489198221,-0.0455165252866162,0.125096765756995,1.45416595755214,52,-0.0325894109103257,52,-0.00886389221596944,-0.923189431829778,-0.0733484519497443,-0.00315405722265399,1.04883067053815,4.05488093146653,2.40890687231498,-0.080755307307611,0.131850457783702,-1.03362289779705
"53",53,53,53,53,17.842042657322,63.8898340791178,0.422005381563545,0.00337419843366103,-0.897594582778661,-1.72931301827304,267.821972064822,401.916583356815,7.56411702511198,-1.60365581282837,-4.73998116742356,-0.00245493185871919,-14.6305471425052,0.00409733689573356,1.36187981369497,-0.0101469208707294,3.90184917684024,0.29598179618914,-8.12531432019553,-0.060831496084212,-4.03975581941906,-0.0108339221001077,3.74714849852147,0.0115210596651003,-9.26301903539127,-0.556856660366583,0.0861715663135432,0.049962516818401,0.0486575329150309,53,-313.583633250715,-290.633513842956,53,-0.0232627066296091,-0.905875727066083,-0.592991107528766,-0.000434708419849124,0.494361628487003,-1.70709923409557,3.33809863835622,-0.0899654350920468,0.112196454291347,1.08361233109414,53,-0.0493776916279921,53,-0.0103024200027238,-1.18486532806538,-0.189510641518333,-0.00925984608087038,1.57662895340307,-0.557412377508217,3.0109774670044,-0.0911123005385393,0.0387463646381698,-0.856360133667418
"54",54,54,54,54,21.173354406379,75.2926385864638,0.87584273960728,0.00401236715335677,-0.28000742048896,-3.12513305053355,541.362699173683,735.891087300293,5.79976502803821,-0.128816169894702,-8.98510406037856,0.235167108320102,-18.4664737414705,0.237736954064301,2.00464580726954,-0.0103410867796302,3.67658904740341,0.00342268015276491,-5.52681221824352,0.13693040166652,-3.58634157045014,-0.0156150642598068,2.56370152087345,-0.187967936426875,-3.59206965547101,-0.454397491341893,0.0680033492192305,0.0773159651091138,0.27541282140807,54,60.6303485046158,-290.454654795506,54,-0.0371101061638342,-0.844363477856059,-0.450425170561922,-0.00270080941212093,0.844912205051465,-8.31223303891596,3.7644916790742,-0.125357941991655,0.00879155298728195,0.527444202205607,54,-0.0461908673493157,54,-0.011569506933266,-0.264988826635209,-0.207058228247508,-0.00416916340326168,2.28899151608284,-3.2588471459309,3.53399114470548,0.0228064050543805,-0.0716577474526384,-0.265645168842244
"55",55,55,55,55,15.2631645346305,41.1107329025122,0.843141077349529,0.0466905253420872,-0.114075517027766,-6.20305662511243,447.229728109398,840.92908109737,-2.92412091138022,-2.79875578511392,13.7604845931997,0.502576686297553,13.2142501384123,0.506330473621432,2.83633982175871,-0.0110548933846661,0.721405925637131,-0.173314346184358,-4.4802014553063,0.172193133092346,5.64999768463929,0.00305931296355324,3.3105045779639,-0.10737496106206,0.821997588374719,0.83509003751539,0.0920516494590585,0.0886482218568151,0.502073035822279,55,635.751198623561,651.515693940285,55,-0.0471828192006465,-0.422768449256066,-0.360785814514616,-0.00238656672983212,0.786026107168221,-7.23760102786761,3.23670243119905,-0.10894360196615,-0.0668734970565931,0.807115724051068,55,0.036763424469279,55,-0.0113329507966819,1.45186733790884,-0.127922412652346,0.00768489278606308,2.1990320591995,-3.49238756871854,3.24656892599694,0.195309238389387,-0.00995135742275353,0.435037529310825
"56",56,56,56,56,-4.6715422697643,-21.4174056128615,0.356964125464071,0.0379576005006203,2.47668647538246,-6.96264323608624,141.284345833616,572.222598608596,-14.2518261113104,-8.77446210888189,51.7451882322328,0.527059870123388,71.1137573215959,0.554711293072537,2.29679285972675,-0.013924289849872,-4.25110066924411,-0.137027405730592,-6.10542125177231,-0.105248369334182,4.49743067432347,-0.00291218074293983,-1.54407433397288,-0.0486567372997636,-2.94313138628535,0.436712112619529,0.0752858712979813,0.0749918562939768,0.471559063144356,56,1274.68099656493,2612.54664205367,56,-0.0481658446078849,0.34494777725098,-0.119170426809312,-0.00186210844793722,-0.517332996626528,-2.86784172143761,1.28692125034917,-0.0392704936049853,-0.0110181496940955,1.80556888542604,56,0.0881780142217238,56,-0.00918048327902851,2.77346951961397,0.116090776210126,0.0134889693446301,0.504401948411093,-2.91151408491535,1.50387136569851,0.294419066363796,0.0788595877707805,0.67537180610693
"57",57,57,57,57,-31.0697211394284,-75.1862835321143,-0.274219444722689,-0.0520383384367759,7.43449326378622,-4.22280909416437,-478.282721720004,34.7161600928818,-19.6200934723085,-11.7478636829575,63.7260488960967,0.249748154288661,99.9411566508552,0.292729140818988,0.0527393948524178,-0.0166784969396126,-7.65925116200191,-0.00409135249176429,-8.07718207111888,-0.504402275594498,-2.32881788462057,-0.0131617222082141,-9.79522440647206,-0.11123878980907,-6.90530165957482,-0.330285343559454,-0.0252730757667051,0.036761497813607,0.145790891148957,57,1630.86874955681,3705.15163620444,57,-0.04009558606976,0.873376603773255,0.511369448106076,-0.00338884046945408,-2.96954409148934,-1.69782351568644,-1.64206861270226,0.0173132382881295,0.131943476878854,2.11661655522483,57,0.0171950290662824,57,-0.00639421581120196,2.62649688807918,0.550955032684467,0.00676101097458092,-2.46393664391155,-3.03714800547453,-1.39198365685654,0.236059289689427,0.0149419314266455,0.159419200181389
"58",58,58,58,58,-53.0670215228323,-90.7634390776554,-0.748694372638446,-0.201093175888567,4.40659149437956,2.01086513646711,-642.162750187638,-457.406308268869,-18.4457849996401,-11.9917131829543,41.2269086584142,-0.101518058134773,67.5352637000099,-0.0848020379567908,-2.41279776205377,-0.0161585051392738,-7.89282713302021,0.0764355995644231,-8.09441881963008,-0.703638686929442,-2.36784926896465,-0.00437137063277337,-9.87677523477314,0.0282740822257009,-4.8392367296149,-0.43692713301575,-0.102216682375533,-0.0184830802899861,-0.223283955178389,58,1412.05708676048,2479.35067411149,58,-0.0272896349262012,0.466634572147999,1.34677435432604,-0.0073399217325026,-5.31332042988661,-5.33872450220063,-4.22402452376872,-0.0117455316827956,0.212277523146636,0.641896953934839,58,-0.0754441381617211,58,-0.00490007273121791,1.11725721733387,1.0176329550132,-0.00418758875798963,-5.12347591828489,-3.45004116141083,-4.10149374402995,0.0654563237152921,-0.0335614453868424,-0.806692084069201
"59",59,59,59,59,-62.5626650238215,-65.7972580255266,-0.855819686447831,-0.341226913547625,1.4548208742182,7.95821094864052,-737.412794292037,-660.522308605322,-15.825901330472,-12.3054715615788,12.8091664423385,-0.266804731080973,8.02918746978448,-0.293421332392879,-3.20956604368268,-0.0126821770988237,-6.92878806809907,0.0904405751846911,-6.86656326388072,-0.596069275998168,-2.00006717570783,-0.00817698474190937,-8.20400503431991,0.266106557554945,-2.57971940614975,-0.360942908331072,-0.0914308876038629,-0.0727161312276586,-0.370341927369307,59,664.516330535797,394.785703339162,59,-0.0154589836753766,-0.757414944362335,1.80209025439041,-0.0110929493661016,-5.98783545639155,-8.52389069681509,-5.1466641645818,-0.110768356746942,0.14571520401949,-1.68478290567256,59,-0.0720406352971924,59,-0.00514785580470608,-0.504543157367131,1.22031081613799,-0.00676553722147267,-5.73609176152204,-2.42346626920293,-5.15974554473703,-0.0833157157645376,0.0729208795405814,-1.50287078531006
"60",60,60,60,60,-58.3863945602071,-24.0529516028872,-0.503589617712261,-0.42150954216775,0.767380513024146,10.4175528711918,-673.082782446169,-592.556495427178,-12.0546341124245,-9.16083822405082,-5.11959969602847,-0.218678741008729,-28.2690733123756,-0.267189361328491,-1.92020211332674,-0.0100982570007431,-6.72152861645619,0.112223436928883,-6.75756995421981,-0.369120740354009,-4.37250433445078,-0.0050877938686419,-6.65571196377375,0.254105112770776,-4.17136949814642,-0.725948039349508,-0.0688344376451443,-0.107579359595032,-0.281664469049836,60,-225.698838702017,-668.695156996502,60,-0.00896034507540614,-1.61690566833626,1.46596244961652,-0.00993284005493004,-4.32473705022049,-4.53474177021802,-4.08639165817864,-0.162004965533452,0.00743116765853982,-2.00736764177878,60,-0.0283879300679975,60,-0.00537884392528135,-0.942698987805553,0.981012846176674,0.00143790112543922,-3.78539792614054,0.78763372838895,-4.09581339187424,-0.0943230473132528,0.145741891720589,-1.3860021718585
"61",61,61,61,61,-45.6270616398041,4.90483904037615,0.14464152949202,-0.45204269851723,5.56706441226519,8.34764474765443,-792.092899671267,-461.183678717321,-4.31750929559868,0.368499212046345,-19.0387058467468,-0.132244071432152,-35.7844095797679,-0.166843285735634,0.176031383636008,-0.0113242116615163,-6.22890002328478,0.156455997931914,-8.09642319023221,-0.253995864948763,3.47722253375983,-0.00335147637184932,-1.55594988085099,0.181834750305031,-5.34917678031259,-0.0285278402390732,-0.0859060503363221,-0.111044423922568,-0.153329751012034,61,-802.406141823896,-958.30751739158,61,-0.00904858457014149,-0.887252697835284,0.582619250293126,-0.00135117253485776,-1.07790666147332,7.08348462151385,-1.84929857283229,-0.0614887401279267,-0.0626483378562703,1.35557022381012,61,-0.0312867589149215,61,-0.00362543848804426,0.100797672072127,0.44228575988752,0.0106102648882824,-0.370250063370619,4.46608319822726,-1.72689144612337,0.041036223514733,0.0809919102958191,-0.586451234727132
"62",62,62,62,62,-33.9494205583545,7.54740898436561,0.640340392904297,-0.467102562106004,2.75180088184629,2.40902629910605,-511.009172014681,-415.735780176149,4.33830722661114,9.20741747970773,-29.2741315070366,-0.1339647680272,-40.3848951668844,-0.146434852529979,1.32381554031944,-0.0151260332970567,-3.44391291935083,0.153513476566671,-8.56264973041244,-0.297117261062336,-0.488390580546111,-0.0208819404220278,-0.274717644817305,0.262224052334013,-4.84751953120189,-0.435975255398819,-0.0727272428755789,-0.0795157395375549,-0.125554704513542,62,-879.855589279672,-1257.92667725026,62,-0.0135708059222178,1.33336471598212,-0.156902944466848,0.0106564788717925,2.20360987989924,18.8042835780031,0.363609570298904,0.149954818577114,-0.0173204642815803,6.31343395573229,62,-0.0547829506734304,62,-5.28242584737211e-05,1.72262772085862,-0.0187775889363296,0.0109634202728337,2.62696397515999,5.71863538801406,0.580397812552081,0.21328647676429,0.049352531142742,0.158669735464515
"63",63,63,63,63,-27.9309245181562,-8.76263727122536,0.566183562393243,-0.499929657296548,0.647629594577065,-2.88446052287006,-252.628999350223,-426.991128697656,7.86625472711767,8.27331614555501,-27.6487371144818,-0.167914505531545,-50.5579451500349,-0.202425883010492,0.938519152334862,-0.0174129435828954,0.684986625940365,0.0601572987958441,-6.63136075460659,-0.361473047728156,5.39588143006834,-0.0145987159519746,0.057076595208701,0.204410544248775,-6.30624583214404,0.148672616777192,0.018143036966438,-0.0213533563238167,-0.166192372706849,63,-650.11941524574,-1473.09005518981,63,-0.0185437010114006,3.40484097786615,-0.316094828106802,0.0173275835286037,4.25103712481472,21.601899551473,1.8617892598608,0.303555573407522,0.054864879672691,8.26552085898805,63,-0.0451721682595399,63,0.00300396593403015,2.51814237644581,-0.137654805593766,0.00359769381081459,3.88737182846904,3.23504155825671,1.98029454845034,0.280299736646092,0.113937818609211,0.163390928147172
"64",64,64,64,64,-25.8788342980992,-27.4206294948578,0.00688820265863188,-0.518399292452669,0.412498193145566,-5.41184584092911,-25.1752966814761,-369.092512650863,6.88593945615439,0.306300980820418,-19.3031018653886,-0.100957987337797,-49.0131286725843,-0.211301820345323,0.0688567214301226,-0.0154873929924091,2.69800648620239,-0.0684417380653621,-4.24950717798894,-0.309270179187887,2.00814885231386,-0.00628141669581632,3.14639085269313,-0.0504109339789927,-8.65135835404547,-0.097489315567095,0.0927648181770132,0.0450081216304757,-0.13915176928702,64,-455.324878727575,-1330.82987420285,64,-0.0210762790938471,3.69826192194719,-0.109548128689752,0.0134567164287372,4.76167088784733,13.5645078423862,2.73189694570913,0.280228391271404,0.0567414510034355,5.02079912738853,64,-0.0161061138071065,64,0.0033813037356182,1.82967746211872,-0.0191302462031518,-0.00359510255713252,3.45679894261217,-1.30730642638071,2.5821733173624,0.185858658267876,0.144985419905543,-0.606772847323485
"65",65,65,65,65,-22.5751047605882,-37.1222133877964,-0.515884958528545,-0.448280722444897,3.05978694286154,-4.65182803406852,-224.175854965303,-211.008319350723,6.72884909449463,-4.37015435063085,-15.8190333178438,0.0894643558298458,-25.3383768233138,-0.0952299149453756,0.27127220324368,-0.0106864798554038,1.24796294415571,-0.146723012952639,-4.60462636763143,-0.144507239419272,-2.10170865788155,-0.0172428603587289,1.2160986693164,-0.143052095137854,-8.32320668667342,-0.570708876390291,0.0893735770794307,0.0987053201100134,0.00194514371815226,65,-442.057449569016,-786.328292073628,65,-0.0208953340858322,2.22079960505472,-0.0521264652762106,0.00330096656507431,4.29274782474089,1.83109049663121,3.33538748819757,0.135690114692773,-0.000930469337053794,-0.308275788102482,65,-0.00586892566684622,65,0.00134970504354064,0.29666697872696,0.00765085368357123,-0.0060920957158979,2.44754832040717,-4.60689598624716,2.95367539302114,0.00509066582018468,0.103288653513236,-1.51796162910111
"66",66,66,66,66,-11.5668166156104,-38.0982482949725,-0.615530109224461,-0.247178900580782,-0.310359413543853,-2.52841572641857,-135.033955428161,-58.0568299686178,7.40067022719772,-3.57031995803903,-13.3416138356292,0.291242617862408,3.96396060270675,0.100673624060084,1.96731688899906,-0.00652207236717554,-0.980601731882595,-0.169758940381549,-7.4783719997561,0.021941320238669,2.31920896335662,-0.0143452900294385,-0.409024731035106,-0.124108812119349,-7.58574775099356,-0.00379823086577717,0.0750710408750489,0.12179520347541,0.181434660796223,66,-445.125206404524,-113.62699008161,66,-0.0194638196806748,0.287242141777631,-0.299095442211425,-0.00436495157096113,3.43844214479206,-4.86608368678003,3.64448429744303,0.00898800495975052,-0.0360610841668583,-3.00071428736861,66,-0.00920841157567435,66,-0.000701585134545049,-0.970072836382758,-0.198428345817633,-0.00555809429125441,1.87482648912334,-4.74756313931358,3.28350969694373,-0.133039459508793,0.0304138985108143,-1.90528229059926
"67",67,67,67,67,4.27649229975368,-35.2082198534134,-0.372460357736376,0.0609691413225061,-3.12466178759247,-0.79362649318962,95.7835639104306,-8.12403824353348,3.73177547855431,-4.10701529240621,-1.75255188821946,0.384441575388274,18.8934060960895,0.255932690002114,3.88481374504522,-0.00454374084469858,-1.14524524247624,-0.196578258871498,-8.54134867974875,0.104191188600916,1.4087651657298,-0.0161364297238518,2.6295796112287,-0.270065034701132,-8.50518533243508,-0.0682247112989426,0.0860529007415841,0.107157854655334,0.282608623219364,67,-213.358610396746,265.379061054379,67,-0.0187652593460348,-0.954399810855656,-0.470517706036696,-0.00573903852243016,2.29816961556128,-4.54696856540046,3.13671938437293,-0.0448016272605826,-0.0130460136045856,-1.9518313201917,67,-0.000671815687038432,67,-0.000909084617592759,-1.36700300993588,-0.401688003614991,-0.00473205036249318,1.78719481504859,-2.86884061668171,3.06975722804806,-0.158006843769572,-0.0691417133439178,-1.636228722003
"68",68,68,68,68,14.2294109456842,-28.8532242006289,-0.0856187091474454,0.335308395269115,-3.12332347011085,-0.59937666354072,461.258784562944,-23.5759942041487,-3.83083152696827,-8.15446388626637,13.0654991133165,0.349824132694913,26.313299790775,0.295924605921175,4.22684011533275,-0.00290918662096269,-0.155048259246261,-0.233947556459673,-4.35979859318567,0.104077376544046,-4.12477173095468,-0.0165152700894284,1.78052943433679,-0.366744870922882,-6.63936787740169,-0.735747187686442,0.0670379474558664,0.0625303717482288,0.273453043218797,68,266.12414018744,524.470138394142,68,-0.0209661966058509,-1.31271409849933,-0.139517302272287,-0.00425672886444529,0.674383245642871,-2.2122675637676,1.37232633953261,-0.0847801920133966,0.0197668761213149,-0.374643706479634,68,-0.000976105174776219,68,-6.10923342942364e-05,-0.959724767600332,-0.249191326625909,-0.00377445864901155,1.43572774763795,-1.83610542218318,1.65162011294098,-0.0984576839374867,-0.117834481243588,-1.10040019029028
"69",69,69,69,69,10.1035035872358,-16.4241821090984,0.132616621714272,0.428223446848628,-2.17407478005429,-2.64481626688165,323.825447945034,9.72068335020745,-8.14345246524343,-10.3463771428749,18.5134750782076,0.232518729322224,42.5334821528297,0.233395141275329,2.42640640263617,0.000502899211032048,-0.654337864594393,-0.212794295943076,2.7230651468559,0.0539597981609966,-1.42963694820575,-0.000629616923993031,-0.675497992764423,-0.212401340430297,-1.84375765130985,-0.21749288025152,-0.018080650041648,-0.000152932719148482,0.188109072040469,69,690.604116580018,990.849708819257,69,-0.0266286682837475,-1.15027299200016,0.625264686352332,-0.0043946003636841,-1.31462305435552,-3.02708446020093,-1.32490552470239,-0.16698957693733,0.00798830012368327,-1.52953591381863,69,-0.037301288108777,69,-0.00041815522907189,-0.200084450829885,0.332558126858137,-0.00253456521840839,0.20541374824613,-3.27048500040463,-0.928493550536557,-0.0342667323036411,-0.0435155037904056,-0.741607489662785
"70",70,70,70,70,-3.7070358846272,1.7414355186992,0.398895384643162,0.295692696381364,-1.51142853507414,-4.99814866858497,189.291797009257,113.164706249058,-7.04971779904531,-8.07624041903405,15.2554276384023,0.0656201926464506,55.1216250388501,0.10009893048522,-0.272939903249587,0.00465265972339848,-2.47238190102333,-0.102317662155235,6.41712291949044,-0.0352217423918945,-1.3115525184788,-0.00589461600380254,-2.38699535812222,-0.110226034053567,-1.9770456459683,-0.430595334005986,-0.0881958269754555,-0.0627355664295765,0.0597017320498481,70,676.14867189876,1190.20029377902,70,-0.0330738745082454,-0.738519815193082,1.29874649711803,-0.00580456061353049,-2.9476700534544,-6.60530614315352,-3.82927558553465,-0.248772654559426,-0.031495919431303,-4.47486555221426,70,-0.0758300931042453,70,-0.00292947908835868,0.435349781908811,1.03320789201437,-0.00248752911496542,-1.60999177308168,-5.88741836957019,-3.62833909230833,-0.0189347470656584,-0.00281045373204596,-0.678865383726124
"71",71,71,71,71,-18.0424624076718,17.7787586874936,0.722693372142375,0.0323551444416303,-1.6088707405583,-6.64200496467887,52.5601886803579,177.819061842443,-5.37132749840594,-4.15997655084571,9.33995374908586,-0.124317243644594,35.2141924797797,-0.0666908551014397,-1.89742036787933,0.00643104707073438,-2.75054672649201,0.0254492711394653,3.79095257685835,-0.129816667089016,-4.94452526914269,-0.0108170667220465,-5.7529301458732,-0.145214385530828,-6.4409832949546,-0.709590347750365,-0.0841585697029905,-0.107035111789021,-0.0960588634115499,71,147.749166524785,583.71833510377,71,-0.036760095815818,-0.175461323240575,1.44501229177053,-0.00501060518299626,-3.37688612150305,-8.19448510601535,-4.93192772879951,-0.238133844653042,-0.0369533067048217,-5.20631342476585,71,-0.0866777909590218,71,-0.00642061236682261,0.720710858109841,1.42921132129254,-0.00432904824314859,-2.9573482636185,-6.80522864155758,-5.04002246316614,-0.045066102652161,-0.139499488508273,-0.737151152064721
"72",72,72,72,72,-22.2777397265814,21.4083620923738,0.830536189422894,-0.188010191664643,-0.119556754160222,-6.8891839364748,121.532579308021,104.585395200842,-3.85323979534454,0.731385479890307,-6.64150901030696,-0.266312003786747,-16.660236824867,-0.197955230510799,-1.37922099284973,0.00485709283740484,-0.329285180164936,0.0771280853264697,-0.755193676182022,-0.134565930780974,-2.27521862533024,0.00317725343879962,-2.45910627582368,-0.0123187209923551,-3.97344855343852,-0.498812983273022,-0.0734399219141996,-0.120640542456324,-0.211201258294624,72,-563.179832436183,-686.49837633312,72,-0.0359599787521396,0.292058201033144,1.11485759686451,-0.00146006065050545,-2.37379107590567,-4.50638152461322,-4.17410885230194,-0.128071817170775,0.00927737843891323,-1.69998078486957,72,-0.0915341197974854,72,-0.00874627891920988,0.617367458705958,1.30318041598665,-0.00557486684455382,-2.89476954356971,-4.48169445818547,-4.402839091332,-0.0720142733553077,-0.261051999906041,-0.726946147845594
"73",73,73,73,73,-13.1057937824023,11.1937438134676,0.47791076589977,-0.241128203087529,-4.27930609244048,-6.63323352921342,-133.062515452072,-47.1515449339435,1.69905130250142,9.16818618316007,-33.2874909512362,-0.270904423123092,-57.7003994159346,-0.215600971690017,0.592545913935296,0.00262480459128596,2.39432744954071,0.0378736824189799,-0.414108780608137,0.0104782640890425,1.35604266328496,0.00400071111900883,5.03715210007889,0.191701401966127,5.9760467357301,0.149138111794437,-0.092198555393351,-0.0999707294602522,-0.207702349333504,73,-968.773176552529,-1850.33182127031,73,-0.0312844898677794,0.320715349789851,0.680247107978541,0.0010032818722142,-0.583673507030644,2.5540881181061,-2.11850186451869,-0.027970677902423,0.0536600193548502,3.39426463648104,73,-0.0959277719084807,73,-0.00886177537498511,0.16669467069444,0.775485380995444,-0.00377130055616875,-1.41080256702942,-0.469653925697367,-2.16387406159434,-0.0750171807127213,-0.16379571116431,-0.686472438494766
"74",74,74,74,74,3.12643482184223,-3.28501377783964,-0.145376443174358,-0.124992047819691,-4.07334500294685,-6.47136025224186,-256.583964088716,-90.8064745663468,9.02095776243609,17.3739541823016,-41.5265018276119,-0.136587348377319,-48.818702666667,-0.117057675861796,2.32960031643513,0.00329651761306474,2.78875338508464,-0.0282280480550978,6.08974394888047,0.221388428798992,4.11093714465046,0.00606573834777641,5.2272875090895,0.164757532234996,9.51167094833415,0.576129326041624,-0.0740959226065317,-0.0514920720531847,-0.0840159786954236,74,-806.76983842741,-1762.98646225513,74,-0.0248994177129494,0.00794607334968466,0.38873852836318,2.9011559990709e-06,0.994395711891727,7.66119214030575,0.147685346157741,-0.0217637894134485,0.0449297792283125,5.62898504883685,74,-0.0863098028205682,74,-0.00793970241284756,-0.374039837922642,0.214923058750185,-0.00103743789912186,0.522241207864634,1.82664078800153,0.382877178691387,-0.0669516118118864,-0.00939320324115811,-0.798312563590658
"75",75,75,75,75,17.6405066294096,-7.13164134976436,-0.481277005150066,0.0455590575113723,-3.18538334896757,-5.82175259576445,-200.835563724645,101.542383927102,9.78310720126867,15.7394434263238,-11.4528046881655,0.0232876023009245,-5.69223898591349,0.022731173328319,2.97950643100315,0.00799213418232976,1.56889781149291,-0.0499163272836521,13.1698659815366,0.363401122460198,7.30431611466611,0.00780799974377241,3.12024190650732,0.109641116031483,3.24372795471171,0.853056053126788,0.0200610781988267,0.0104505568146914,0.0620037058131346,75,-251.730903585804,-291.257072252227,75,-0.0193404376743368,0.104954657878213,0.181034265415063,0.00013645360563311,1.87147573860394,7.07307576191065,1.84263750743522,-0.0278437633956223,0.00800299751561263,3.88738587559943,75,-0.0795558831674453,75,-0.00790816284121756,-0.647759797054677,-0.0733334844095485,-0.00117257437056468,1.7587842314066,0.385813753584755,2.11149895175906,-0.0770779425190524,0.00261597301842227,-1.04178328290999
"76",76,76,76,76,22.1434007031607,5.89759591065203,-0.181435406005946,0.134906159733961,0.380282498179984,-5.14047992732235,191.724610600415,438.400059311613,3.52369644466976,5.01935707022825,22.6102628331304,0.093392560458122,17.4620473565979,0.110692598301353,3.3755861846842,0.0147782022077884,1.47960848187879,-0.0053709807815273,14.8006933997879,0.430093613899993,-5.2527200380299,-0.00218983624978549,1.70430703904543,0.216344294278187,1.14380002679885,-0.353251626092652,0.0950311798719336,0.0697356909489383,0.139201864847462,76,241.621651190541,727.767316883128,76,-0.0166483956154238,1.2203415565065,-0.0949773272497633,0.00787686891758536,2.35428708695917,2.03663217123229,2.87054663095888,0.109643344416623,0.0164960636256476,1.3301398161437,76,-0.0884253417181641,76,-0.00921878281886791,-0.589450971159419,-0.078696968740429,-0.00392519469758631,1.81316307109959,-3.4194245067755,2.79255019201324,-0.112183351846621,-0.0367858203331446,-1.06681327045817
"77",77,77,77,77,14.344933537983,25.3571807590735,0.496450464382123,0.0873912283303941,-2.42056663902154,-4.17585908639079,203.439008113568,666.761593042064,-1.42434018960465,-1.24514795025842,15.999290094417,0.110176060682678,-0.993605341408962,0.157531803131525,4.81252930807418,0.0203879530153062,2.94910184794493,0.0683227484110622,11.2435650105978,0.534189550635001,-0.147217967238728,0.00782842240604727,-0.0509821091537761,0.205268293977794,6.99356895643228,0.220403670971218,0.0801624865639591,0.106364735839275,0.183673887083444,77,332.498126200665,33.7783573904326,77,-0.0175399652616659,2.76961999027226,-0.415200793067488,0.0202616564394402,2.95942479551534,-3.05050174745072,3.48354865765902,0.371263027096237,0.0970827581644043,1.02194326777287,77,-0.0933037843122398,77,-0.010756532509494,-0.415982573923455,0.0106262707865931,-0.005879093170619,1.008171775075,-6.16204132108088,2.92712204539699,-0.144545615753874,-0.0176790871503571,-0.501622005753985
"78",78,78,78,78,0.424064611552779,32.9972469507385,0.855892749376548,-0.0478222308090974,1.62605006028207,-3.56485453919513,57.5524454628847,626.508841488911,-2.39348172318752,2.09051922864965,-11.1723351663007,0.217899994512603,-18.0013533669156,0.281251317569583,7.23595987352654,0.0224658652790723,3.21073913349032,0.105889676908708,8.34763940631864,0.726896135112724,2.82370896044324,0.0148965126708895,3.56533562872595,0.0353574579781687,9.11598708469075,0.683425217301589,0.065198091337346,0.112206740066361,0.314805017220388,78,133.466301431824,-696.91283461916,78,-0.0210490108269615,3.2533940586181,-0.57369150466038,0.024481930726543,3.61033515272763,-5.30272712671175,3.68662834234269,0.508286896546063,0.185071210900251,2.30056544358332,78,-0.0854861758477285,78,-0.0113119938807025,-0.294187566656878,0.0523176402772094,-0.00524011444564645,-0.00607371958753256,-5.6031482593572,2.9667982306962,-0.139251932266108,0.00164511767415795,0.613772775627186
"79",79,79,79,79,-7.67274003748787,17.3165676606798,0.514971212591852,-0.137541712079716,7.10222283006235,-2.78175250061771,-101.058621795474,392.954194657222,-4.48565805740564,4.52657204028525,-7.95226305879776,0.441649841744336,4.91220518689568,0.50040373190076,8.96945989945741,0.0209460767369744,0.60402932355534,0.0702293423547172,10.0991883740533,0.89132632683373,0.119704297109051,0.00140370709956405,5.05110519571277,0.0217472374252063,5.50413481172934,0.165761172871043,0.0971382369215745,0.0865173055543011,0.526505000259584,79,39.3107395655275,124.69701118908,79,-0.0252789611080358,1.98490510567546,-0.413616074612814,0.0129448636896607,3.54480031270354,-5.39338317237037,3.08468180891324,0.327399768105983,0.187422079807643,2.40248160345095,79,-0.0791055282774408,79,-0.0107122536891434,-0.231830794999653,0.0809230002563201,-0.00384386678760797,-0.865043194132331,-2.64879048304551,2.72832065847325,-0.0923345541398413,0.00282875243441565,1.70942960258007
"80",80,80,80,80,-7.61708896084818,-12.9301283593671,-0.121109298549981,-0.0862630872977922,9.09784419142765,-2.72120203579296,111.813466171645,154.42068805474,-8.15936317601555,-0.670481285123797,20.8395897314332,0.596703814054361,42.1631271114835,0.651804793318573,8.2315997624425,0.0172202895503516,-2.40351468537695,-0.0145788753445512,13.7705180028597,0.834833289125639,0.626565672633084,0.00159045116836951,-0.784368256887393,0.0939487434353021,5.51145296549773,0.214636016778506,0.0872326178671569,0.0351505873563914,0.644024915651548,80,261.139603041976,1348.01751641868,80,-0.0287461209986917,0.0596359919048609,0.000598892997744432,-0.00532381475096131,2.10547533762061,-5.51288056421399,1.35655701665283,-0.042779083397855,0.0889930383632131,0.502919040018708,80,-0.0848502059259461,80,-0.00997300594756961,-0.158772215591956,0.222240829385469,-0.00418445024842172,-1.60297483775261,-0.335089063588738,1.61884272868936,-0.0390253787071226,0.0286295471961913,2.00990598359761
"81",81,81,81,81,-0.644748818272741,-34.4633478042039,-0.365692706069155,0.108603230856292,0.969556802164018,-3.46629872286691,134.152328818303,43.7758981463855,-7.5917351310476,-6.18179713064029,29.3315411608837,0.482424613566059,44.7135569238896,0.562858340964902,4.72575582129549,0.0115762477890024,-2.51931061285155,-0.0883212781953106,13.4271983295731,0.45833512290134,2.28317542673948,0.00017446585332787,-2.32795498265953,0.00582834443738387,7.19619790745706,0.328984696596516,-0.0119293283513982,-0.0236749440461089,0.496141834702316,81,602.892750841842,1374.44551902047,81,-0.0309242538901061,-1.01151520401702,0.463792379830112,-0.0144596265206873,-0.488911442607076,-6.4274848910362,-1.20526298119801,-0.295274147604915,-0.0209383467239819,-1.63526819215939,81,-0.0938573516393092,81,-0.0101225932488709,-0.0584850096850503,0.51513650935564,-0.0055588513494897,-2.27210973549601,-0.890109107346204,-0.568204744923138,-0.0228242109465654,0.0318210253439325,1.15544674918675
"82",82,82,82,82,8.69297001032595,-33.4869671001211,-0.10276647456294,0.330107537702887,-2.23310685836805,-4.30505235399706,0.633278979703707,11.9361752252938,-1.77700661046433,-4.93280335777825,12.1542396659847,0.123533217101612,11.7556319499444,0.217454780105432,-0.0242930366890625,0.00318836123543557,-0.213999515527424,-0.085143004411957,6.96034458623896,-0.127095514263906,-0.766853118468171,-0.00353086382400723,-1.20547482984767,-0.039760623188087,2.07093979644772,-0.177609233585832,-0.102481630696446,-0.0723445497481535,0.114438672088793,82,694.50040931793,423.54594819599,82,-0.0317845556444648,-0.990104426582189,0.808059337750824,-0.0102061158584287,-3.02759583495205,-6.98133564028565,-3.64461829015999,-0.29787723145872,-0.044020442738752,-2.46619396995094,82,-0.0897589332286735,82,-0.0110702067222247,-0.101284816551789,0.825862309689361,-0.00585638676573054,-2.61861314230319,-3.74629625248622,-3.13263622797064,-0.0593964292952894,-0.012947000350274,-0.424212722152316
"83",83,83,83,83,15.0267428177716,-14.044578194123,0.167906890540308,0.431619295111505,0.322495750021376,-4.94308653311897,-251.005764942131,-30.2376636307311,2.89995958288221,-0.745226941648432,-0.115260378561541,-0.208650159796918,-19.5784109224701,-0.169944500864363,-3.78222673251065,-0.00699197192731725,1.44111797003322,0.0432292338885246,-1.77309644949174,-0.635239680177614,0.790327413773673,0.0018746863385788,-1.33032761627804,0.102813765618466,-4.81850270534196,0.0511099289305665,-0.0895398439293182,-0.0976502307381586,-0.24414324797469,83,326.516721746181,-502.454804630659,83,-0.0314675452432835,-0.775289414120004,0.96203428582532,-0.0029999825815687,-4.03065616547972,-6.12786753540543,-4.84965682083797,-0.193601383743059,0.0190476410482135,-2.46036509231025,83,-0.0773522291939795,83,-0.0119093465919996,-0.460543170931344,0.947455877719173,-0.00540379301606628,-2.22925016029791,-6.2899142433028,-4.77306748384196,-0.12342219740024,-0.0287451133039213,-1.86459308537575
"84",84,84,84,84,15.3370174089673,4.66457077156759,-0.023550197537394,0.338868796592172,-0.1030185479095,-5.04046037517216,-210.594566101879,-110.495051557916,3.43071255408024,1.98093194802661,-3.56301446175781,-0.26614982587714,-30.2599717262208,-0.31818172851122,-5.22291652492645,-0.0149784954868104,1.52633090926752,0.251580147426635,-7.16460957608451,-0.825847796331276,-0.905070338358473,-0.00859580197996535,1.93796096450201,0.148716675232779,-4.63522956044207,-0.416396097419667,-0.0559443852027644,-0.0937282463847145,-0.310426426674623,84,-326.836058818729,-876.723641996016,84,-0.0309938774040773,-1.07428491309523,0.898999000417306,-0.00321995340471546,-2.87053565374903,-4.79113415322303,-4.26725223310649,-0.17122270142801,0.0792011091855579,-2.92472718531966,84,-0.0656606997120929,84,-0.0121143683896224,-0.945624828858909,0.78654029899852,-0.00537396185287463,-1.03934102922188,-6.37990852325133,-4.50448065680884,-0.167570201981085,-0.0122606698604845,-2.46415116807625
"85",85,85,85,85,13.0526678048743,4.90493211944088,-0.532312164454412,0.114970347042018,-1.8355216607087,-5.36006332727084,-227.639060322735,-160.859147125338,5.04269684697773,6.18723798288319,-17.9324148338883,-0.0832574354664329,-37.1140101850421,-0.17060795523773,-5.05150472156253,-0.0176136233606008,2.32749356979382,0.373072555013468,-7.78730781888587,-0.758860780073933,-1.46212039720906,-0.0143087064734842,1.91880736457464,0.0521932003440629,-1.62644236591733,-0.244801961143529,-0.0849225701250104,-0.0651476182086451,-0.104597168251128,85,-843.359965157594,-1046.02627589123,85,-0.0314321925042398,-1.6185935021528,0.624888181791289,-0.00851522115415853,-0.30386937668999,-4.59662908746436,-2.30446912864918,-0.235427793739938,0.0738036654982271,-3.86669080987659,85,-0.057228029549564,85,-0.0118746676192046,-1.20496983346002,0.473523287983377,-0.00553927435782132,0.524692537044214,-4.23498541971925,-2.48574089125126,-0.168651698278758,-0.0245757422246667,-2.2427484878572
"86",86,86,86,86,13.7572080264759,-12.3628669213934,-0.735883467807209,-0.0864604755959497,-1.98147317975024,-6.23996026554843,-272.374951210198,-158.879708185574,10.5241414429765,11.9888295744129,-33.7110164665232,0.0814387612642538,-50.1934582935181,0.0425077176451648,-4.68225336159921,-0.0150309991946493,5.17796725432003,0.298574251885364,-5.98380902136671,-0.676263885878943,2.6182643992066,-0.00348468470461525,0.473271456497253,0.0815831979020112,-4.06428606818989,0.0385731063770999,-0.100024696747447,-0.0230826517823594,0.107166607336782,86,-885.314874752027,-1332.54953701347,86,-0.032226807832115,-1.75783559673201,0.217372832498638,-0.00915228549921427,2.13682464567767,-5.7151889528,0.0105375617732562,-0.261684485057367,0.0402014222706392,-4.10938771390776,86,-0.0650945974293465,86,-0.0118107525301153,-1.13940169571059,0.228288982620014,-0.00498000899940012,1.74418774124957,-1.83460839747299,0.0977286008168137,-0.145057009777568,-0.0164035373354408,-1.77063636269198
"87",87,87,87,87,20.8409086703348,-31.3152344949247,-0.386496618243575,-0.160725394376839,5.17274953124124,-7.08367992825078,-248.032051151798,-170.455556480641,12.8077059249298,11.8833546897702,-24.5168876933769,0.0750908490582099,-47.3417121904958,0.113856915365019,-4.58428838419403,-0.0099821182638973,7.70331498959799,0.116195228377938,-3.55170254314393,-0.690808557156847,-2.82094484393021,-0.00646835973392463,4.43885046380642,0.139328264122602,-7.69894984976371,-0.522681043585069,-0.0135230017335905,0.0210332277951373,0.14131604608622,87,-496.947065702581,-1141.77263513892,87,-0.0323689116019018,-1.47714119674687,-0.167958603483685,-0.00233278681419521,3.31103878142712,-6.734059551246,1.79754249706704,-0.20406505543316,0.0611154872082498,-3.33057519475166,87,-0.0705070183024755,87,-0.0122210998093924,-0.922572006535925,0.134764228797116,-0.0036301013690305,2.18407484835056,-0.77248705681003,1.98808478985625,-0.128206236759538,0.0588416149694985,-1.5709798573865
"88",88,88,88,88,33.6938492116715,-36.311524686113,0.0625686961454292,-0.0710986467614472,2.11717797975246,-7.21937215081438,205.789669148936,-281.209332659815,7.05750235602085,3.41771225993796,0.243622617031363,0.0092354924991461,-14.1558582341908,0.0834222384312585,-4.04959901951014,-0.00523531601005093,6.80999527978485,-0.0262547886589146,0.0168246947770481,-0.660452856965775,-5.37336368943961,-0.00753574054838372,3.90667449000901,0.0145683171863431,-5.86788063467564,-0.725597408694457,0.103317666271093,0.0547132282625426,0.0994403771351311,88,-42.4771487361607,-199.256510426735,88,-0.0315856172275897,-1.39165890205488,-0.392462831204131,0.0040754576222301,3.22312615886698,-6.62831035562528,2.82622315245412,-0.151034109599907,0.156345214697917,-2.62590784563733,88,-0.0427247330594028,88,-0.0126293639356421,-0.745045101185582,0.0885414569990659,-0.00289309126774116,2.07363507662314,-0.77284311638482,2.74850125027958,-0.122939741412291,0.100658658074196,-1.73463073040481
"89",89,89,89,89,37.2419503114141,-25.4419784278069,0.10351337584411,0.0555862422584742,1.60185404845286,-6.08231332368605,622.207727106589,-439.011988609323,0.788581449751518,-3.7573594038427,7.9321252330667,0.082852965128173,17.6873126000756,0.11224444367811,-2.44207449055897,-0.00234790690825782,3.01615454398502,-0.0877722474129809,4.68483153454517,-0.419715499091618,0.474337864938006,-0.00381503059885923,0.616692452770226,-0.0816012266685556,-3.20545761588564,-0.1894206037546,0.102420366828882,0.0716597315873499,0.155761319977846,89,147.308828708098,471.149735249598,89,-0.0299977771904682,-1.69413915970539,-0.456256485823949,0.00221336280975041,2.79202228859147,-6.35537520640137,3.35263516470675,-0.178522470151804,0.25038363736792,-2.63092675460887,89,-0.0183952801947603,89,-0.0124679979964365,-0.697409977397795,-0.0455404540356889,-0.00364861500731018,2.11817326333375,-0.340674341471859,2.82583902693876,-0.106052480512881,0.0559244059127534,-1.98548370317156
"90",90,90,90,90,26.6728961390179,-14.5277878988527,-0.214947293635805,0.131356372250707,-2.21520594104306,-4.45953109154283,621.648475786277,-507.793229941545,0.603029943524503,-1.91621952119064,0.382009395866607,0.338965499408165,15.3190410427379,0.312286255490951,-0.268890540696434,-0.0017089191409927,-0.3292640779128,-0.104141303808849,8.06240720530977,-0.0520551845273593,-5.65390362000424,-0.00825001064223615,1.95117764600896,0.00184978964313749,-3.76992583862092,-0.700448970193971,0.0459520936512873,0.0729740858730237,0.375892638813413,90,129.797379689766,346.750787086008,90,-0.0279837236585449,-1.74861694531192,-0.47552781968899,-0.00604028648485878,2.7412361819574,-7.5120783998509,3.53238439145574,-0.233773953145305,0.258350115129536,-2.52512867362619,90,-0.0394671671806934,90,-0.0117521760849726,-0.714093180642967,-0.252063105552735,-0.00404700054386133,2.7881282076191,1.36031258850115,2.79525402222656,-0.0606894178653268,0.0365610088400139,-2.04251208861817
"91",91,91,91,91,10.17664307969,-19.6224758116896,-0.464812524828746,0.154188328675195,-0.896505300441445,-3.03769553082944,197.881332413276,-378.842316139398,0.156656530415141,3.15118183006351,5.57915062345515,0.573599577446783,-1.12186599643896,0.558189850602224,0.963001309195995,-0.00286967744980845,-1.36600710755125,-0.0957741347051002,7.71100034724666,0.141814768462145,1.29720160960277,0.00233104813935508,0.605753612175931,0.0260232749132991,-1.64831965329179,0.0376200231869516,0.067964787718025,0.0612139797398533,0.57259056778282,91,253.923909513315,108.033139573283,91,-0.0262397901054429,-1.07381655120002,-0.528626508919695,-0.0120991858946306,2.92273614216011,-9.62377657517166,3.10779897472644,-0.216497077717111,0.182549652776178,-1.80524653633819,91,-0.074295500424805,91,-0.0109712703115929,-0.62770581547653,-0.366670278205826,-0.00293398560034409,3.73624558532163,3.40862802154236,2.63435561877734,-0.00689872384471248,0.102899526097507,-1.85570518402346
"92",92,92,92,92,-1.32503233840609,-40.6478215579271,-0.426629510980871,0.161585424637144,-3.8570478622669,-2.74380861130832,-122.81593630133,-133.146715892689,-6.43084801332208,0.605740406729433,23.5682515941633,0.576688089271287,15.0052986430169,0.651101117914773,-0.0154246142449272,-0.00511442767006457,-1.79314104378635,-0.0554200957890748,4.25112503736299,-0.0321763708760232,6.09417123973484,0.00928604412879523,-1.12849941462949,-0.00224134054961665,5.11231597517373,0.646713971805164,0.1017471793171,0.0371176135711628,0.569518874543167,92,666.169422997983,563.341125311692,92,-0.0254269584868457,-0.0950306956614241,-0.535971706604231,-0.0116911789415292,2.5073832386275,-10.0661083077805,1.64134628592831,-0.129120271088571,0.0941090144646204,-1.41865203973466,92,-0.0926671076454798,92,-0.0105889176794416,-0.363082237231131,-0.248466282664899,-0.00263133708836448,3.87740985246039,3.86055087269255,1.74826774496231,0.0127999125922913,0.166430074376093,-1.56040131888785
"93",93,93,93,93,-5.56869058705413,-61.6089610576095,-0.259844391796933,0.216746852626091,-1.22873251135584,-3.87387115814338,-222.49088239975,108.749558716185,-12.0642481428206,-9.50666496104017,37.121560657117,0.344123542793607,72.3226711647356,0.484894070868619,-2.81523379214305,-0.00754016115676009,-4.23394910817217,0.0185005727209845,1.32585821112506,-0.428162876359675,6.81681781158537,0.00172244181200339,-2.44127163704341,0.125963217381163,9.7696140618579,0.538610005470938,0.046933297364799,0.0120124999377495,0.322461342312964,93,1177.46796174237,2115.0288296506,93,-0.0255143186228855,0.35573146495331,-0.326929877926547,-0.00949595371420896,0.868408458356791,-7.25003964088037,-0.82226933129961,-0.0810597135038031,0.0451445045402898,-2.47463415154995,93,-0.0985460811136057,93,-0.0104470159787793,0.0288599601810376,0.0587088614075574,-0.00450200279176869,2.23197791256456,1.73517473457518,-0.227516569905213,-0.0168877049599059,0.166281507978299,-1.28239270597008
"94",94,94,94,94,-3.20769874107232,-64.2461639816056,-0.203365767722123,0.333416326714187,0.772882691418445,-5.5222443692118,-236.063814026415,150.841898989297,-10.7896308837976,-16.2990176239107,40.5495043134393,0.0615011370612319,112.801550655814,0.173881845573476,-5.61806747200268,-0.00930664132133281,-8.12423611152053,0.123230779996073,1.25325312561858,-0.749828928689845,4.35670491838046,0.00833398973579635,-9.60497865009526,0.28353801564991,8.5857946847789,0.277719948441505,-0.0755308792382319,-0.0169659107335401,0.00966504625534244,94,1342.38092752728,3501.39630591382,94,-0.0255681268110561,0.141748526540608,0.131614413192655,-0.0117223544708537,-1.67301937030612,-3.06029138614212,-3.43937842275321,-0.140983299598842,0.0266704522009884,-4.05939264870992,94,-0.0990312167673535,94,-0.00983659742970303,0.513186109825361,0.390693627868712,-0.00690968700384974,-1.07765775371186,-1.96461203712706,-2.77313866230401,-0.0692596445349193,0.13076364478245,-1.035856302288
"95",95,95,95,95,4.17371847572543,-43.7288109627151,-0.237187621188973,0.463664039217978,0.572744233739818,-6.35363869910124,-297.22218179309,21.2241500318977,-10.2192078636248,-13.7744055224965,36.1687942055461,-0.0985132886573932,84.7745220168254,-0.0417178020829856,-6.60735439671642,-0.00967303816438152,-9.76717773209824,0.221119291146408,2.01158567088344,-0.810150067140777,0.043606274754332,0.0085280166620566,-11.4419901630582,0.279694671710837,5.14517379415607,-0.109023210912386,-0.104300268474524,-0.0448798572045375,-0.158473599831515,95,943.460752298365,2770.67725539836,95,-0.0241718971224694,-0.032113389741041,0.583628681240754,-0.017234017343292,-3.74559432481687,-1.26626195873688,-4.93453263385251,-0.235861564688293,0.00756812150687181,-4.41245268984885,95,-0.0991946243487345,95,-0.00844771052742865,0.970005185300193,0.584467391117947,-0.00752173766051055,-4.25368355107662,-5.05529732204451,-4.56439352554041,-0.0998010365062537,0.0921618309408581,-0.869005248590818
"96",96,96,96,96,2.9393002418279,-9.35836360283763,-0.122362844395821,0.506682555865441,-1.22784040303805,-4.25225304883398,-273.653807491858,-234.963481307041,-13.8740548112808,-6.94387474126672,16.0107327900146,-0.111360959692199,8.92255058334801,-0.0624242950305353,-5.11743318844571,-0.00772874537599457,-7.3274659974734,0.24766594266942,-0.0127611222164818,-0.584588972530506,-1.55141606715037,0.00389940613344672,-4.98042916902636,0.260709500506996,3.84715641247902,-0.254483775041608,-0.0488616235583518,-0.0655879485655696,-0.122592981871512,96,210.221227101339,245.108887052932,96,-0.0207400725950368,0.260943843265649,0.700410543011324,-0.0190111701589156,-3.97910740654089,-3.58248303105971,-4.42900138862769,-0.24119377770533,-0.0122911374159339,-3.46630668264976,96,-0.0988094314651387,96,-0.00679769276673125,1.1018997612696,0.552419593668985,-0.00543015445181402,-5.07301125499771,-5.94227455230259,-4.37701117124522,-0.0706488939183415,0.0659238471464307,-0.902156929856489
