"","eNH4","eTOC","eDO","eTP","esal","eturb","etemp","eTN","epH","echl"
"1",-0.0191174630025552,0.454381321668751,-3.14948999882512,-0.00763372272092659,-1.65760057609638,-2.56586565758116,-1.22972164719528,-0.0740272743424267,-0.064826305014144,-1.43708825079579
"2",-0.0100417980065724,-0.0386443043254625,-3.70925798887377,-0.00600454662399226,-0.823747744920305,-2.85144065174055,-0.152717851092786,-0.100071492246295,-0.0280741138482402,-2.28254965517568
"3",-0.00815697864998491,-0.719202311447911,-2.39476136176,-0.00528672069899164,0.253214904948082,-3.05715002863648,1.15071511865159,-0.124083612273593,0.0200493610022297,-1.83772873601076
"4",-0.0140386065966599,-1.21289153269362,-0.734348234737759,-0.00388272597275152,1.10317586308916,-2.63333984052019,2.69920249398638,-0.121825150217682,0.0287001319962316,-0.476245756747628
"5",-0.0183117044159439,-1.08295256651188,-0.0205512641354691,0.000332286459726047,1.22477204722137,-1.14251574624328,3.94283327891183,-0.0858761844190609,0.113826722464447,1.17900097084462
"6",-0.0119089558813065,-0.288809793960356,-0.145881296583237,0.00368407771621934,0.396421442887138,0.720507450421486,4.00968862954859,-0.0370322598480289,0.194961125718132,2.15277984310499
"7",0.00261384736859188,0.611467366010602,-0.256281982718477,0.00280424032873943,-1.12061083748218,1.45525083564581,2.41334433846525,-0.0060405278872187,0.0684796177682096,2.04621673249611
"8",0.0115616677076588,0.925677261258184,0.105990511241305,-0.000975044124132721,-2.4793097743867,-0.0592606906824775,-0.330315209769483,-0.0176464533109657,-0.085148377969736,1.30865822616189
"9",0.00369966683087202,0.578604179490923,0.635079157994075,-0.00506456915198663,-2.90523295314158,-3.56182053697416,-2.92839959205077,-0.0731937355885457,0.000774147481568122,0.243918235151871
"10",-0.0165055093986492,0.104367725211536,0.799252694181923,-0.0070505411987631,-2.27994326687045,-6.92244305431578,-4.19287794504728,-0.13350348862403,0.112128054991323,-0.918936189837671
"11",-0.0310511039010387,-0.0870228255645035,0.488893982025986,-0.00680457754844637,-0.919157709654032,-7.44287803690009,-3.777720705072,-0.146332820799296,0.0205583456891201,-1.63319200212532
"12",-0.0257588042597156,-0.0425947347408272,0.105433009443418,-0.00609480460421757,0.647219680912455,-4.36837059589821,-2.31699272719282,-0.0982791210529247,-0.00392640718302896,-1.40047519350849
"13",-0.00544256330088698,0.0221143268937902,0.0736822288417892,-0.00468353345185848,1.86360276574577,-0.0369410196238837,-0.816917970563273,-0.0298481659982347,0.221062346268681,-0.433294950752289
"14",0.010693345151505,-0.0198873302073666,0.353632963096884,-0.00241624444245562,2.50910246602172,1.8686689344244,0.232236459132912,0.000859534818526259,0.379762496930126,0.253161228903809
"15",0.00968090726986127,-0.112637614473135,0.470582134775922,-0.00170792242393633,2.86924897471008,-0.221913840375725,1.12734796526919,-0.0218410006180078,0.290370791983056,-0.141564070144725
"16",-0.000467772470767803,-0.171620279634358,0.0607708522727762,-0.00355487889994256,3.34087967282892,-3.81839450895366,2.34054703526431,-0.0471924030915292,0.180702249624953,-1.13027658223415
"17",0.00156201745425514,-0.273384204406937,-0.631422163375513,-0.00454620074924794,3.77361302380452,-4.0852137336185,3.69860405224333,-0.00442858570796458,0.16861109005348,-1.09639414803685
"18",0.0274330695422443,-0.460936196636588,-0.870460058882936,0.000324659247670797,3.45414328791546,2.09805676850852,4.2548204976429,0.123542642321632,0.159076988670589,1.25339929271269
"19",0.0650344073425142,-0.490044480202357,-0.171094095559563,0.012053646637583,1.73765006906631,13.1528154350084,3.08636444030926,0.275928287495066,0.118144976888906,5.44292232183157
"20",0.0882100893872834,-0.0791064902890311,1.00970908096043,0.0242660859669939,-1.16255978851714,23.4735031355062,0.29235912210553,0.359100650207081,-0.0250994326913348,9.22108960526162
"21",0.0828581947393197,0.6878187090627,1.45931445024484,0.0297638676618997,-4.04428483823086,27.7798300812904,-2.83130896047882,0.333141805878211,-0.336593451310765,10.4683594616478
"22",0.0611038973359072,1.40315503526316,0.280270087489262,0.0282416580092412,-5.43208182043516,24.9170969615008,-4.65567726267204,0.25202593207032,-0.540474925191452,8.88962878546962
"23",0.0466736612508975,1.65278611161551,-2.07227735484375,0.0232749370801403,-4.64680941566615,17.8257506229047,-4.42775260812455,0.196374974170422,-0.359106396987563,5.74192173699512
"24",0.0500859313107508,1.25747657556047,-3.94012776868763,0.0172178795435361,-2.37727776024493,10.6849893614353,-2.7491658573191,0.191693865745663,-0.0887447122131399,2.67260350262537
"25",0.059400329254812,0.440600957135771,-4.00775370994413,0.0103534589373322,-0.102471851806482,5.63203834339481,-0.864981790598015,0.19921283556604,-0.110500751526304,0.584237270974056
"26",0.0541696889040831,-0.294660854359151,-2.51620227614129,0.00393300978073005,1.02763343230362,2.13827385639139,0.447450601011049,0.170884078559186,-0.220591428036613,-0.510932070397123
"27",0.0280012319881887,-0.670483194264964,-0.775817538116954,0.000899482722825522,0.924992920655911,-1.01924980892113,1.32636086252675,0.0988078137010667,-0.114737166757833,-0.893551811130312
"28",-0.00397644706176952,-0.818318210821941,0.104361954792815,0.00181821237637556,0.422741744767208,-3.82099409898552,2.32053240309632,0.0167442212411428,0.0415729451650413,-0.773739419972395
"29",-0.0207472905237758,-0.942779961187364,-0.0219186302350692,0.00301406183273114,0.390045792714249,-5.07467245963851,3.50612017069866,-0.0350143408044607,0.0606745587714329,-0.302548795963775
"30",-0.0159988576571205,-1.07579945014489,-0.504532482228748,0.00083825665194911,0.929638005109401,-4.22623229757728,4.14619326585768,-0.0459352001936644,0.0797020667773627,0.222843954962645
"31",-0.00218217492979419,-1.06604351836386,-0.628046403136694,-0.00358100770333762,1.38760825520209,-2.48842584620623,3.29033420875199,-0.0400913718945022,0.139942657807945,0.403259474134688
"32",0.0037528948885292,-0.706984505200947,-0.199908673951887,-0.00627593342280764,1.07250827807901,-1.89185202229299,0.76778703421658,-0.0483354868463396,0.0877064327623717,0.0152408692422119
"33",-0.00269534269505476,-0.063435813879957,0.413540330155913,-0.00619293393834942,-0.0260855211583045,-3.2086088109505,-2.39536921475881,-0.0737865357345775,-0.0382766337211048,-0.773856768854875
"34",-0.0111445503349014,0.427732083802853,0.720100150351331,-0.0055010907310172,-1.16748377376347,-4.90626349496882,-4.58555016978725,-0.08397022990672,-0.0887755329212179,-1.40217812084264
"35",-0.00926829945565639,0.459012038885448,0.563248838902064,-0.00461881230064741,-1.51118001849367,-4.47711836884108,-4.77152798071216,-0.040358387357485,-0.0953819444732586,-1.26374160320941
"36",0.00383524488063362,0.2245018787666,0.178565011653379,-0.000961245136503688,-0.834822035586588,-1.10194257616734,-3.20891534724522,0.0561383341619913,-0.0889519025388615,-0.270420139739724
"37",0.0175144593920322,0.0998794673805384,-0.132962456801697,0.00615037140131497,0.341086869887765,3.11511221574577,-1.06349287512268,0.15115211185557,-0.0263275047097973,0.89904107606488
"38",0.0209050807734181,0.191406660825261,-0.280948456570508,0.0113441941962422,1.27978928952323,4.8135937003616,0.604504697896241,0.176622641707848,-0.0528507372956147,1.23501966413559
"39",0.0130558532856596,0.262542723861282,-0.359276155478035,0.00842947112310202,1.62868849139941,2.57639780086312,1.58031795349983,0.112909488507164,-0.282010205692147,0.360187717993302
"40",0.0022504940605462,0.00954531453232735,-0.440759241261898,-0.00059258961398498,1.5458878177199,-1.46274159622135,2.3356437154848,0.0112345879573453,-0.421908317778107,-0.993829255493128
"41",-0.00329464530697013,-0.477394072594322,-0.477189435756926,-0.00656997715350317,1.31457172291852,-3.49327671379092,3.21152237595493,-0.0407895188923476,-0.242809907830953,-1.40952646450019
"42",-0.00269911050415574,-0.66550364466594,-0.402967590585569,-0.00328492527880619,0.947800046450254,-1.58555712549897,3.81658797754792,-0.000677084631943707,-0.0557030014546019,-0.144507012710204
"43",-0.00113535185758091,-0.245955211734041,-0.236349981641883,0.00583661010699686,0.218330455447151,2.46765492143566,3.28204176063406,0.0842268702465037,-0.139088423838955,2.09657130897742
"44",-0.00326602788325179,0.413953351489085,-0.0199541602208927,0.0106095709132725,-0.923729729538754,4.75118479511926,1.1693541969618,0.116967564435764,-0.244326790931105,3.58231765777061
"45",-0.00881179596322621,0.737383921199917,0.270331071337728,0.00553221187782568,-2.07198400213555,2.98679622956604,-1.86619116830878,0.053753274018244,-0.131655895263541,3.10664065750157
"46",-0.0139029031008736,0.575670424777118,0.653641582166134,-0.00376013253247707,-2.57629724290971,-1.1837182471653,-4.33716694107835,-0.0446614722119783,0.0382913834624223,1.14504024733951
"47",-0.0154663365932778,0.277834040838327,1.01192229706316,-0.00800015359677326,-2.07754090739761,-3.74501633234485,-4.97223485127772,-0.0818688990997262,0.112610010764279,-0.846894523882007
"48",-0.0136490578242685,0.281270595700441,1.13680724241791,-0.00335561638959985,-0.854914365455201,-2.03137959955988,-3.64144834655384,-0.027361949193738,0.138726211249726,-1.79279880373522
"49",-0.0108040646537227,0.576344383050715,0.953838616096258,0.00634633733116019,0.370520064458201,2.94049160085077,-1.35487310529197,0.0569848647380648,0.122210052750338,-1.67666982777243
"50",-0.0088701588796417,0.607068717712845,0.573723929530742,0.0119817014261045,0.984013098314916,7.24227717678469,0.641656114450915,0.0795198838390307,0.0743624055077151,-1.22174287618744
"51",-0.00825322316593994,-0.0237123785251591,0.186616825722234,0.00742961424408995,1.00959992487621,7.62277716925608,1.792806995576,0.0109614377530077,0.0940256929854053,-1.01551808841521
"52",-0.00886389221596944,-0.923189431829778,-0.0733484519497443,-0.00315405722265399,1.04883067053815,4.05488093146653,2.40890687231498,-0.080755307307611,0.131850457783702,-1.03362289779705
"53",-0.0103024200027238,-1.18486532806538,-0.189510641518333,-0.00925984608087038,1.57662895340307,-0.557412377508217,3.0109774670044,-0.0911123005385393,0.0387463646381698,-0.856360133667418
"54",-0.011569506933266,-0.264988826635209,-0.207058228247508,-0.00416916340326168,2.28899151608284,-3.2588471459309,3.53399114470548,0.0228064050543805,-0.0716577474526384,-0.265645168842244
"55",-0.0113329507966819,1.45186733790884,-0.127922412652346,0.00768489278606308,2.1990320591995,-3.49238756871854,3.24656892599694,0.195309238389387,-0.00995135742275353,0.435037529310825
"56",-0.00918048327902851,2.77346951961397,0.116090776210126,0.0134889693446301,0.504401948411093,-2.91151408491535,1.50387136569851,0.294419066363796,0.0788595877707805,0.67537180610693
"57",-0.00639421581120196,2.62649688807918,0.550955032684467,0.00676101097458092,-2.46393664391155,-3.03714800547453,-1.39198365685654,0.236059289689427,0.0149419314266455,0.159419200181389
"58",-0.00490007273121791,1.11725721733387,1.0176329550132,-0.00418758875798963,-5.12347591828489,-3.45004116141083,-4.10149374402995,0.0654563237152921,-0.0335614453868424,-0.806692084069201
"59",-0.00514785580470608,-0.504543157367131,1.22031081613799,-0.00676553722147267,-5.73609176152204,-2.42346626920293,-5.15974554473703,-0.0833157157645376,0.0729208795405814,-1.50287078531006
"60",-0.00537884392528135,-0.942698987805553,0.981012846176674,0.00143790112543922,-3.78539792614054,0.78763372838895,-4.09581339187424,-0.0943230473132528,0.145741891720589,-1.3860021718585
"61",-0.00362543848804426,0.100797672072127,0.44228575988752,0.0106102648882824,-0.370250063370619,4.46608319822726,-1.72689144612337,0.041036223514733,0.0809919102958191,-0.586451234727132
"62",-5.28242584737211e-05,1.72262772085862,-0.0187775889363296,0.0109634202728337,2.62696397515999,5.71863538801406,0.580397812552081,0.21328647676429,0.049352531142742,0.158669735464515
"63",0.00300396593403015,2.51814237644581,-0.137654805593766,0.00359769381081459,3.88737182846904,3.23504155825671,1.98029454845034,0.280299736646092,0.113937818609211,0.163390928147172
"64",0.0033813037356182,1.82967746211872,-0.0191302462031518,-0.00359510255713252,3.45679894261217,-1.30730642638071,2.5821733173624,0.185858658267876,0.144985419905543,-0.606772847323485
"65",0.00134970504354064,0.29666697872696,0.00765085368357123,-0.0060920957158979,2.44754832040717,-4.60689598624716,2.95367539302114,0.00509066582018468,0.103288653513236,-1.51796162910111
"66",-0.000701585134545049,-0.970072836382758,-0.198428345817633,-0.00555809429125441,1.87482648912334,-4.74756313931358,3.28350969694373,-0.133039459508793,0.0304138985108143,-1.90528229059926
"67",-0.000909084617592759,-1.36700300993588,-0.401688003614991,-0.00473205036249318,1.78719481504859,-2.86884061668171,3.06975722804806,-0.158006843769572,-0.0691417133439178,-1.636228722003
"68",-6.10923342942364e-05,-0.959724767600332,-0.249191326625909,-0.00377445864901155,1.43572774763795,-1.83610542218318,1.65162011294098,-0.0984576839374867,-0.117834481243588,-1.10040019029028
"69",-0.00041815522907189,-0.200084450829885,0.332558126858137,-0.00253456521840839,0.20541374824613,-3.27048500040463,-0.928493550536557,-0.0342667323036411,-0.0435155037904056,-0.741607489662785
"70",-0.00292947908835868,0.435349781908811,1.03320789201437,-0.00248752911496542,-1.60999177308168,-5.88741836957019,-3.62833909230833,-0.0189347470656584,-0.00281045373204596,-0.678865383726124
"71",-0.00642061236682261,0.720710858109841,1.42921132129254,-0.00432904824314859,-2.9573482636185,-6.80522864155758,-5.04002246316614,-0.045066102652161,-0.139499488508273,-0.737151152064721
"72",-0.00874627891920988,0.617367458705958,1.30318041598665,-0.00557486684455382,-2.89476954356971,-4.48169445818547,-4.402839091332,-0.0720142733553077,-0.261051999906041,-0.726946147845594
"73",-0.00886177537498511,0.16669467069444,0.775485380995444,-0.00377130055616875,-1.41080256702942,-0.469653925697367,-2.16387406159434,-0.0750171807127213,-0.16379571116431,-0.686472438494766
"74",-0.00793970241284756,-0.374039837922642,0.214923058750185,-0.00103743789912186,0.522241207864634,1.82664078800153,0.382877178691387,-0.0669516118118864,-0.00939320324115811,-0.798312563590658
"75",-0.00790816284121756,-0.647759797054677,-0.0733334844095485,-0.00117257437056468,1.7587842314066,0.385813753584755,2.11149895175906,-0.0770779425190524,0.00261597301842227,-1.04178328290999
"76",-0.00921878281886791,-0.589450971159419,-0.078696968740429,-0.00392519469758631,1.81316307109959,-3.4194245067755,2.79255019201324,-0.112183351846621,-0.0367858203331446,-1.06681327045817
"77",-0.010756532509494,-0.415982573923455,0.0106262707865931,-0.005879093170619,1.008171775075,-6.16204132108088,2.92712204539699,-0.144545615753874,-0.0176790871503571,-0.501622005753985
"78",-0.0113119938807025,-0.294187566656878,0.0523176402772094,-0.00524011444564645,-0.00607371958753256,-5.6031482593572,2.9667982306962,-0.139251932266108,0.00164511767415795,0.613772775627186
"79",-0.0107122536891434,-0.231830794999653,0.0809230002563201,-0.00384386678760797,-0.865043194132331,-2.64879048304551,2.72832065847325,-0.0923345541398413,0.00282875243441565,1.70942960258007
"80",-0.00997300594756961,-0.158772215591956,0.222240829385469,-0.00418445024842172,-1.60297483775261,-0.335089063588738,1.61884272868936,-0.0390253787071226,0.0286295471961913,2.00990598359761
"81",-0.0101225932488709,-0.0584850096850503,0.51513650935564,-0.0055588513494897,-2.27210973549601,-0.890109107346204,-0.568204744923138,-0.0228242109465654,0.0318210253439325,1.15544674918675
"82",-0.0110702067222247,-0.101284816551789,0.825862309689361,-0.00585638676573054,-2.61861314230319,-3.74629625248622,-3.13263622797064,-0.0593964292952894,-0.012947000350274,-0.424212722152316
"83",-0.0119093465919996,-0.460543170931344,0.947455877719173,-0.00540379301606628,-2.22925016029791,-6.2899142433028,-4.77306748384196,-0.12342219740024,-0.0287451133039213,-1.86459308537575
"84",-0.0121143683896224,-0.945624828858909,0.78654029899852,-0.00537396185287463,-1.03934102922188,-6.37990852325133,-4.50448065680884,-0.167570201981085,-0.0122606698604845,-2.46415116807625
"85",-0.0118746676192046,-1.20496983346002,0.473523287983377,-0.00553927435782132,0.524692537044214,-4.23498541971925,-2.48574089125126,-0.168651698278758,-0.0245757422246667,-2.2427484878572
"86",-0.0118107525301153,-1.13940169571059,0.228288982620014,-0.00498000899940012,1.74418774124957,-1.83460839747299,0.0977286008168137,-0.145057009777568,-0.0164035373354408,-1.77063636269198
"87",-0.0122210998093924,-0.922572006535925,0.134764228797116,-0.0036301013690305,2.18407484835056,-0.77248705681003,1.98808478985625,-0.128206236759538,0.0588416149694985,-1.5709798573865
"88",-0.0126293639356421,-0.745045101185582,0.0885414569990659,-0.00289309126774116,2.07363507662314,-0.77284311638482,2.74850125027958,-0.122939741412291,0.100658658074196,-1.73463073040481
"89",-0.0124679979964365,-0.697409977397795,-0.0455404540356889,-0.00364861500731018,2.11817326333375,-0.340674341471859,2.82583902693876,-0.106052480512881,0.0559244059127534,-1.98548370317156
"90",-0.0117521760849726,-0.714093180642967,-0.252063105552735,-0.00404700054386133,2.7881282076191,1.36031258850115,2.79525402222656,-0.0606894178653268,0.0365610088400139,-2.04251208861817
"91",-0.0109712703115929,-0.62770581547653,-0.366670278205826,-0.00293398560034409,3.73624558532163,3.40862802154236,2.63435561877734,-0.00689872384471248,0.102899526097507,-1.85570518402346
"92",-0.0105889176794416,-0.363082237231131,-0.248466282664899,-0.00263133708836448,3.87740985246039,3.86055087269255,1.74826774496231,0.0127999125922913,0.166430074376093,-1.56040131888785
"93",-0.0104470159787793,0.0288599601810376,0.0587088614075574,-0.00450200279176869,2.23197791256456,1.73517473457518,-0.227516569905213,-0.0168877049599059,0.166281507978299,-1.28239270597008
"94",-0.00983659742970303,0.513186109825361,0.390693627868712,-0.00690968700384974,-1.07765775371186,-1.96461203712706,-2.77313866230401,-0.0692596445349193,0.13076364478245,-1.035856302288
"95",-0.00844771052742865,0.970005185300193,0.584467391117947,-0.00752173766051055,-4.25368355107662,-5.05529732204451,-4.56439352554041,-0.0998010365062537,0.0921618309408581,-0.869005248590818
"96",-0.00679769276673125,1.1018997612696,0.552419593668985,-0.00543015445181402,-5.07301125499771,-5.94227455230259,-4.37701117124522,-0.0706488939183415,0.0659238471464307,-0.902156929856489
