"","gchl","actn","actp","acnh4","acdoc","aflow","amaxstage","aminstage","gTOC","gTP","gsal","gNH4","gpH","gTN","rTOC","rTP","rpH","gsrainfall","gsmeanstage","gstemp","gschl"
"1",-5.12392254410545,-24.195364659808,0.393804947508197,-1.91233521096247,613.100644716124,12.1757311373925,0.49692510497768,0.320704536948109,-3.29698969176952,-0.00767899890984822,0.964059669257956,-0.0438445636750015,0.179608190942263,-0.290244757644946,1.00892864784324,-0.00240680137925478,0.0375027319011472,0.0313207140827408,0.317642467264529,0.883520714185724,-9.07317099921051
"2",-6.51164196558162,15.3233103095425,1.2221941986333,-4.85135764662643,899.132278964581,21.0499296153977,0.118711660258524,0.189962403469453,-3.81907683910849,-0.0135056982182947,2.045272037077,0.169537281690267,0.0776488721009593,-0.186186784563987,-0.271073130968174,-0.006320185650139,-0.0512381615231622,0.0110931115928368,0.178267567300748,-1.59107717139142,-10.350496693313
"3",-8.03973864959805,45.1763935062976,0.908636872323756,-6.63179900480249,765.689263895306,29.8456854170694,-0.116973421798076,-0.0198760704441683,-3.66925807050041,-0.015473062002704,2.40096944148262,0.454732140732316,-0.117274007935722,0.0411902681691948,-0.23063869648452,-0.0158192023237855,-0.226223648897659,-0.0170932697068913,-0.0619027776463421,-3.67109219099434,-5.62002225782205
"4",-9.62499204192582,53.7248185427534,-0.147815601201171,-6.73870337675487,483.643263857495,33.5638496741153,-0.164257076266865,-0.236538207385683,-2.44321963410354,-0.0113582310968841,0.128823991350996,0.728543912196876,-0.330218055390506,0.459372889725709,-0.282945487360063,-0.0141913360984304,-0.132082886660394,-0.0499528246336822,-0.280828907413102,-4.77440003836092,0.904127041530955
"5",-9.90541987155078,47.7577277980729,-0.626619555459261,-0.631585534151267,179.482892437216,25.2480212204307,-0.230211644429684,-0.34399013156279,-0.455387459926347,-0.0040400498353738,-2.58493000311132,0.876508757256562,-0.460165928246335,0.931038819907011,-4.25383265226619,-0.021872638651144,0.00295912450512521,-0.0730630242499969,-0.349846368332807,-4.56529759589687,-1.37657821301153
"6",-8.01435519466644,46.2941268788383,-0.404508285573633,4.90183799064837,132.903489709899,5.25150707304872,-0.313154295386954,-0.307981381313734,1.2065384316545,0.00122364435835988,-1.86362105051004,0.816279309634126,-0.442492671911591,1.12906282197304,0.969560439034788,-0.00682233947159022,-0.0659506985315057,-0.0746562454301357,-0.257759474496925,-3.10765501188897,-8.18895029535029
"7",-4.97567817981383,53.6913123501581,0.0543678388858142,6.73672278573419,12.283407527343,-17.2610274169098,-0.241220952933262,-0.193995300146917,1.78794484310847,0.00322664214225888,2.31465207462198,0.589797585006197,-0.30259373483479,0.944641076619918,2.41418730897091,0.0134830417772926,-0.00482255042822534,-0.0531388480263539,-0.11153740423602,-0.829201341739967,-9.06943780411892
"8",-2.24605795658927,57.6254323201045,0.376221124478894,4.47089953034637,-289.28968073652,-30.5187598918379,-0.151621447605008,-0.094679068914229,1.42662636085664,0.00458897300811739,6.00343302665014,0.286291130442978,-0.126691280576537,0.588366967502607,3.13295141112753,0.00298594747302619,0.234007905029569,-0.0116366801556218,-0.0208043512689552,1.67043335554354,-4.4872190223477
"9",0.162908667371858,45.7406407794292,0.386510248056305,-0.472795256213832,-591.669097688941,-27.4633587302419,-0.169712232317297,-0.0444190240017377,0.965427803305437,0.00712290666464665,6.18156249389955,0.0192600556347329,-0.0105093927029072,0.37385978325533,-4.4507639755662,0.00943787714218503,0.206107019593216,0.0393148779818588,-0.000418739463857582,3.70296553965749,-4.71772777485275
"10",3.11197146735539,24.9990517086339,0.264412744538494,-5.21387174828708,-448.482040532257,-10.640992409052,-0.102021242717878,0.00343270456009162,1.00638655238104,0.00913737886945191,4.19265153737905,-0.130797016409735,0.00604191101639399,0.379280922722551,1.19421869944691,0.0270533660966267,0.00761066478473423,0.0811635805524377,0.0369901604047878,4.72786779157463,-10.0071373304615
"11",5.75488873551822,12.6919467736921,0.194338444980922,-8.63107227342185,-14.9092325898703,10.1265141716535,0.099940175941669,0.0976047136590656,1.19120655217987,0.00721853073971382,3.08635181951498,-0.161406821399054,-0.0429351809675684,0.379924880270983,-1.028729075409,0.0290087169951588,0.022956261359627,0.10098205979309,0.15750346123809,4.46657125742058,-9.62581533295197
"12",5.30269227651067,14.6689304463376,-0.0387582267533579,-8.45533552347023,294.901827752821,24.5855949258623,0.186769253515761,0.208115851357456,0.558487238811507,0.000203919764980917,2.81005203201854,-0.116245621179976,-0.0991586316537461,0.141243725388985,0.911792444479052,0.0374747984560283,0.012350068255765,0.0897643535159403,0.310326845559647,2.99881319695184,-1.68149304630889
"13",0.633397868618977,12.6607088927066,-0.632924502449346,-8.35621542320612,236.135118805128,27.0632369092813,0.112244397136759,0.236938255642719,-1.36065522339693,-0.00852984231954352,0.684720682651946,-0.0516271365563288,-0.124459063811546,-0.285033274030747,1.52844566701517,0.0260292648023173,-0.227068068548492,0.0533248741409688,0.360042588139223,0.715212233560154,0.768931366205415
"14",-5.07523259331591,-8.38324483895607,-1.19912576758807,-7.86981193325232,0.337523888394607,19.5761185597689,0.0274340472051784,0.11025534099996,-4.0006389210342,-0.0138393382675021,-3.45689214725264,-0.00307467007489575,-0.110390947593729,-0.623355512610508,-0.208548023204636,0.0104657157857189,-0.264559786250694,-0.00183831166031979,0.214620572058413,-1.75383001475272,-7.32270153713357
"15",-6.59129041845758,-38.5858511960552,-1.21643213184388,-5.65978003854514,-215.701859928339,7.12130292687382,-0.099696431338399,-0.138915567670279,-6.16083777235038,-0.0137946624829659,-5.68803124662846,0.0213432562081303,-0.0673606885297345,-0.682610215537509,2.75692848056759,0.024155555433272,-0.0310761986000427,-0.0599306213115645,-0.0706473631097482,-3.74471168163922,-13.5101110263853
"16",-2.69035906266762,-51.4924774331258,-0.452661810691615,0.0177331350910923,-284.103299305748,-6.66587360265822,-0.358850974650695,-0.372463795906286,-6.842389389412,-0.0116791837721286,-3.15467980971495,0.0292928024900378,-0.0113419404569487,-0.542038412239852,-2.84365972947537,0.014607496627788,0.0207913781364916,-0.106939572923639,-0.318259222239847,-4.73830655475793,-11.0206322674714
"17",1.48858769723081,-33.5518035023647,0.714824904823851,8.89019415840336,-270.789926557487,-19.0163063218247,-0.592640962732375,-0.461788028798815,-6.05892786975648,-0.0125605266386068,1.72928135888489,0.0276365182558285,0.0438726860525673,-0.456214141091409,-3.41701174440442,-0.00673765798010946,-0.00352500414877271,-0.127129421163487,-0.382772657645624,-4.45582418305373,-11.2068466913509
"18",0.165176385404948,-0.272080379559481,1.3298453777597,15.6429575930483,-300.910564005059,-28.4883092550953,-0.536192942950254,-0.38926537291459,-4.95506772179703,-0.0173604048123134,4.73584596989474,0.0141768628241359,0.0902589112155439,-0.591694094582909,2.98052380150415,-0.0050316325945973,0.211569082247823,-0.110601280916255,-0.268598273155135,-2.97075001482883,-20.914463343178
"19",-6.44003220881458,23.2191896397188,0.916343707985814,18.6312767664602,-409.856456793827,-33.801824367608,-0.278674616341803,-0.251838018724074,-4.59334797598728,-0.0215194831821925,5.34344248241491,-0.0152606166836333,0.120279028525986,-0.834718099627482,2.03900102273331,-0.0108372838580656,0.3143846068744,-0.0599369011229939,-0.109369337378767,-0.683653568799346,-27.688828126104
"20",-12.6601297207078,29.012965744937,0.122126168480948,14.1950129697767,-369.643965814601,-33.1318348641084,-0.156546075191269,-0.156371991197976,-4.93808940733581,-0.0206091757135717,6.09832408796537,-0.059853249719695,0.124897700961489,-0.933700172804755,0.839795093649618,-0.00373122866821905,0.081924793597951,0.0115497701431062,-0.025589547622919,1.78843091385571,-21.1524637219261
"21",-13.4731795911418,25.638271124256,-0.278551174074935,5.91557915327842,-50.7442387930166,-25.2443896428142,-0.199736038146355,-0.112857573644089,-5.00862105019695,-0.0155664911545073,7.42691244188975,-0.105529649854081,0.0946410899880694,-0.785285048323313,-2.48628930897486,0.00672617920061535,-0.0433575525507329,0.083718567012193,-0.00704348837060799,3.7759925232816,-11.2090145211417
"22",-9.28347570224175,19.6553176168993,-0.221815871381617,1.15605407166655,393.055209729904,-10.7889970439804,-0.159836493153283,-0.0510534880868863,-4.01610129424315,-0.0109632598782014,6.31836813649753,-0.123596167393909,0.0179889831798946,-0.522524001843547,1.17723045889767,-0.00948539933186396,-0.0013046689518999,0.133124114886793,0.049746875114538,4.74520133496327,-9.46703213802957
"23",-4.80973580123989,7.16225832912681,-0.153350990039854,6.37250420312428,642.200464055374,7.50776986622222,0.0251866505957381,0.0742814984158195,-2.34578351195949,-0.00918800641981032,1.07095373732728,-0.090738411150426,-0.104771447573594,-0.343000221755434,-3.38426388362637,0.00186701747696614,-0.171971825066512,0.143638592624174,0.199725897207574,4.43562264998351,-8.09859639136822
"24",-3.50068199722072,-17.2438634518667,-0.437227224171481,21.5147763973343,572.2229460385,24.7621135300365,0.187448255015652,0.204733958426816,-1.34460411789804,-0.00786254913159053,-5.30937499177903,-0.0121791006097559,-0.245740997673974,-0.301238525435722,3.07579699049423,0.0257729308787353,-0.350199533066306,0.110510183060426,0.362082819238954,2.93206687724861,4.34676924795577
"25",-4.14380801318246,-39.538030264015,-0.85587811035255,36.2921112118575,306.767694503028,34.8811388570851,0.231275554823032,0.218547733653545,-2.06736082219562,-0.00346606794599328,-8.41819264891971,0.0744279035613785,-0.352041544715378,-0.303723399389375,-1.00438189011819,0.0200140484884245,-0.189498496255739,0.039982286956741,0.38270409023579,0.64137359885582,19.3345348665207
"26",-3.21459194737404,-38.5616278422669,-0.854410328655019,44.3298585381013,59.323706501441,32.9348684702456,0.12168000177375,0.0568928872173978,-4.16745104191128,0.0036271849091483,-7.89367140032176,0.12234775117829,-0.372491927830382,-0.268241035624594,3.46389712059665,0.0237547582141069,-0.0482014081454477,-0.0423916378812547,0.193672321342725,-1.81818832641972,21.3291942813395
"27",0.413601525006117,-10.5998575224516,-0.418435114301542,38.1182971761607,-73.4084546148139,19.3991248899235,-0.196556593979598,-0.204693679045172,-6.04772294372836,0.00868674122016826,-6.96100055754338,0.107512135905766,-0.293539158778742,-0.223965549225612,0.255418971760206,0.0211575622289532,-0.138252659972746,-0.109366109012521,-0.106409363481579,-3.79094052479613,15.3889677105702
"28",4.17439718540738,18.9299196723854,-0.122731730630152,21.309240002845,-166.73764714346,-0.316062549114343,-0.536165851186616,-0.411004921003135,-6.26093412749583,0.00747187648974918,-7.04446791723304,0.0477219328450852,-0.155207132310378,-0.245189188845719,-5.54209516041253,0.0147667132182612,-0.0759504155433523,-0.140148038948223,-0.329899213449931,-4.74117126125774,16.2459162256666
"29",5.07034458060347,20.6375840599982,-0.296527393023031,3.75377708032525,-325.233929807656,-17.4926052623047,-0.534861975021643,-0.455466871547551,-4.79606882086093,0.00120979582340888,-6.08651031081092,-0.00592280665159799,-0.0310062258654852,-0.325842341514362,1.17268989481229,0.031982688393102,0.117234706487999,-0.126384854608797,-0.359526456436411,-4.41414918326837,21.0471178587967
"30",3.19457714291946,-5.24983832898549,-0.635585582461853,-5.5537340492085,-443.270572070979,-24.1372080363067,-0.259969792646485,-0.362866639976507,-2.90211079084539,-0.00424172117836433,-2.8300040431641,-0.00744179934442951,0.0255907483041422,-0.357665829899187,2.49423431354562,0.0197006618856625,0.0468017470939184,-0.0742020948950804,-0.240014971406508,-2.90534154761611,15.8616873630198
"31",1.29010281923659,-26.2757436542815,-0.592191864292048,-3.90400443789173,-277.454564986722,-17.5171380261222,-0.15107513930725,-0.241605823976016,-1.73778473758837,-0.00427400991001654,0.172548608544279,0.0496862280182596,0.0200415684294731,-0.246083524325005,0.218411448271168,-0.0027068907614244,-0.0867708795646874,-0.00203669713281145,-0.108178350595361,-0.615618548857634,3.58861506072817
"32",1.07036403811225,-13.5427176683483,0.0321795362920231,2.40896197982724,192.36048841581,-2.13755382290029,-0.270126798656179,-0.167108903701713,-1.29100224544128,-5.80364032692039e-06,-0.109069804649049,0.125680380773547,0.00368662860440067,-0.0280472968928183,0.508037646936942,0.00692124205813017,0.0465819463643456,0.0664513392508631,-0.0490930878010757,1.83481015545195,0.114558190875463
"33",1.4179971619671,23.7952261428655,0.67566982624165,8.20534346505898,653.858559237952,13.1765901556752,-0.258480639354601,-0.119200966891332,-0.496261950751382,0.00382343836228083,-2.66311448229104,0.157983323937111,0.0288787882387674,0.186915845704367,-0.6772530700484,0.00370972805417266,0.134480484350243,0.109305104958643,-0.0262304938988756,3.79046854066023,6.52950698488742
"34",0.833566221984946,48.9103168109497,0.61960129711249,7.01841092993743,798.113254610725,21.2243941500073,-0.0116807680438754,-0.0317851398754823,1.63908654546671,0.00511783305252811,-3.83239600513332,0.111546116493191,0.109114428741223,0.390681338361458,-0.217957991026055,0.000523700502811684,0.00289382048884573,0.117892646003634,0.051060848942432,4.7223897369223,8.62053002084855
"35",0.339749344124747,41.291180875615,-0.0310131142405859,1.1704277094028,590.245188426563,20.0843718561821,0.214879291566272,0.112352126235185,4.85872606344138,0.00675861037789537,-2.40653144957241,0.00989948580189561,0.207504073726028,0.682266136190345,-2.04914310925945,0.00327506642997836,0.0370912017960513,0.0922046447623143,0.207930410549776,4.38174341173428,3.51640378458229
"36",2.42394619330323,16.0154427742289,-0.582878840961651,-4.80155316902631,233.452731610101,13.799226590873,0.289488797428055,0.241472354704356,7.62965059445843,0.0121451005759389,-0.844708080357343,-0.0898785922186182,0.263626040230376,1.06696560092626,0.339418708153478,-0.0120175088578804,0.210779834071298,0.0434507940491428,0.356127210472223,2.86259249870913,3.79684755448929
"37",7.34274278779613,1.04285814316454,-0.61736940413511,-7.6948089927468,-31.1801542051045,8.45774950354175,0.268712910893499,0.249105314271062,8.43317549378281,0.0200807571680303,-1.19754665402523,-0.139708284768281,0.23867696331596,1.34293505818869,0.176613779099622,-0.000727279719473191,0.125166965488195,-0.0111647310319403,0.364524442630954,0.574018947526691,13.4469802353697
"38",11.9936117841518,2.93482531876023,-0.333898595202033,-6.76150194197726,-137.896878473782,6.99983154581214,0.149634847307232,0.0946444285414916,7.17828149826282,0.0255780081734307,-1.98082906570606,-0.126196565760886,0.142775577288564,1.28984399710821,5.98076631695489,0.0157258696968913,-0.0333643260848657,-0.0573396037427374,0.183728719139907,-1.86769884924718,19.4130822810458
"39",13.0907507522028,4.28365983660406,-0.270958925401998,-6.29852065769897,-199.77597702227,7.14516273362418,-0.0763869587572053,-0.146979640443018,5.30366976542757,0.0251609454292032,-0.661636311816004,-0.0741066722688102,0.0282553165015064,0.945363056347507,-5.37261740280963,-0.000877243827338822,0.0520993015820884,-0.0836942921429179,-0.0945417164549496,-3.80304988831609,14.4859590334434
"40",10.9635713866785,-5.97645611215836,-0.657271430119486,-6.21561519262718,-339.706871970372,4.30363093201594,-0.256265157880089,-0.337849415145919,4.40934622627332,0.0204580342235382,2.16804447080744,-0.0258578728770285,-0.048034038252451,0.600838709699217,-1.66097097069155,5.35319320195847e-05,0.0740238228106881,-0.0862775770518552,-0.305702725067202,-4.71248213038417,9.58010093845266
"41",9.07837974766319,-15.5068172114289,-1.04106981438823,-6.94889560532849,-470.621622959124,-4.11384898798978,-0.25672223410186,-0.383634743146842,4.78925158642463,0.0164049750347485,3.50383091146437,-0.0130345882279819,-0.0637044234162739,0.508352605139975,1.43680017313032,0.00531105572682225,-0.109451622631036,-0.0678664675155958,-0.344905703085466,-4.35139858224739,13.1761693350588
"42",9.35572640492151,-4.8370556250583,-0.930513855865726,-5.56632287043395,-462.935743587915,-15.8912398668216,-0.196882306825941,-0.300977726843823,5.3131821611379,0.0159986598807558,2.44877364287672,-0.037034112871035,-0.0419407783346573,0.629733758858537,-0.361542216534089,0.000912218055606754,-0.100219619130859,-0.0355314109678379,-0.243434834867524,-2.82092191741024,16.5137178265062
"43",9.55649325666991,24.6069531092211,-0.47691766107459,-0.519042410060548,-355.410302866704,-25.5053957577366,-0.198989999597885,-0.181787865798603,4.59093510633965,0.0172225743878801,1.53375795813907,-0.073177971423163,-0.0287068716701748,0.681577820166618,1.52540387224852,0.0108632521617904,0.0724840798606432,0.00170830072751531,-0.118296168659699,-0.533942373116039,11.2237081873189
"44",6.55330113293346,50.3049267405042,-0.18552962860404,6.44662858435398,-338.853580545654,-27.9515626166374,-0.135172504368785,-0.10022446546905,2.44777817546862,0.0156968854257978,2.77106932902538,-0.0961323545710337,-0.0522144239038059,0.459785707799065,0.559425260272005,-0.00122823043613773,0.00849461728188639,0.0343353226650916,-0.0537815793285473,1.89288214583916,5.68371168540122
"45",1.37987708746861,54.5590263614076,-0.33930001765942,11.8542137985875,-477.514474051582,-22.251223288216,0.0675855258629183,-0.0475410432800874,0.199886276068827,0.0100344644232651,4.49588351860036,-0.100189534330082,-0.100799117721807,0.0926067144471816,-0.47076770235867,-0.0149487451416684,-0.115164489440286,0.0563535440249896,-0.0265672856994951,3.80581081086298,9.97936646221734
"46",-0.882203596125339,42.3951417621643,-0.757452389287796,10.1144880287679,-621.810846460601,-11.8708609628263,0.198422167237672,0.0374867359165928,-0.624909346403842,0.00354352747545789,3.89176170526169,-0.097645800385942,-0.140605443879082,-0.0845030727111433,-0.76272122977431,0.00184522729042116,-0.0151740185975416,0.0638542911070082,0.0488513173404292,4.69102808336051,18.4098352066371
"47",3.09747152332306,29.8199478715663,-0.933169239591577,4.17673898668637,-518.083495818485,-2.10020535391553,0.19732382686053,0.180727504464494,0.186284075053044,0.000198747055076636,1.35557656966144,-0.101665387982198,-0.150158748596966,0.0797696502901295,-2.77378386595662,-0.00101339187544573,-0.0115773668248595,0.0570873806032374,0.205796790919563,4.31387982069628,19.7254826047548
"48",10.0671563558034,24.5886166384495,-0.607791512387495,-3.32869661133419,-84.7369548335862,3.88963464768893,0.292464512316211,0.316628441130893,1.32897522305636,-4.51196828926117e-05,-0.0817046434262024,-0.110354126805604,-0.135946777056474,0.347914847301085,0.369646920922958,-0.00982416631816047,-0.22361331860765,0.0391363406160941,0.36221643027875,2.77624098249406,16.447337727439
"49",12.7264160206133,21.0352211417314,-0.1262877045026,-7.91058274822558,485.464234089522,6.84868818989163,0.476773949813418,0.334685165618716,1.28091216536908,-0.000720341801030616,0.704023556898525,-0.106817218738347,-0.122489625337058,0.346095505345032,4.07939219113852,-0.00580871203806402,-0.242766888856978,0.0153622168071196,0.382001179551133,0.492052991622329,18.6453196236635
"50",7.0580727540315,15.4638632194733,0.0320807904096293,-7.80245092934198,814.552716070688,8.55069101752243,0.403748819900236,0.176829015578727,-0.27988616233629,-0.00401553162453822,1.46271972415624,-0.0710865497454918,-0.12669165285739,-0.0301372697661025,0.999169936403647,-0.0140472805600208,-0.0786966631948955,-0.0107091011984253,0.200251161881711,-1.92374939555391,24.0544424493639
"51",-2.50573803982374,12.6119047021627,-0.152185844969821,-4.75968183548407,741.117222229848,9.92559300063963,0.0259809818381628,-0.0833769215922215,-2.05102960310949,-0.0077614029523816,0.352437360787665,-0.00200388287030293,-0.140850751419647,-0.454142960646593,-5.26832349709675,-0.00493306334385469,-0.0923469984146272,-0.0340978565770692,-0.0930228335043624,-3.81725382325949,21.5237172816942
"52",-8.15344039833857,16.1477842010047,-0.324004079685811,-1.94503106999945,417.437501278963,10.130782650237,-0.283985628516886,-0.28839116748615,-2.32321883603814,-0.00784519565951626,-0.884764656015301,0.0743771107074487,-0.128508639957705,-0.514020357407367,3.24751743523919,0.00427738956597634,-0.0936030048775118,-0.0507488335039154,-0.31664372802232,-4.67808431584036,11.1960723470287
"53",-6.90574624611547,16.3974730852077,-0.207959616827202,-3.13052219277343,134.847175811336,7.33902042637218,-0.307405139675012,-0.330201036824714,-0.637633268906002,-0.00325390772274893,0.583410398679999,0.115311143043735,-0.0495820652031187,-0.162797732405349,-2.97958117923686,-0.015049528742275,0.158916568009118,-0.0584560007463686,-0.353441105607049,-4.27889519394442,4.43366792151886
"54",-2.79394689149427,-0.687578337106933,0.00765011711947153,-5.90840034351394,-41.3617122258526,0.527058411946447,-0.181202928095015,-0.232620846591147,1.76755333250353,0.00230146417449518,4.27013389850456,0.0913429367064314,0.101767281719076,0.245183070891708,0.973273992452974,-0.0118680434067154,0.298238711444226,-0.0558552429429676,-0.240415552130986,-2.72973910870998,3.95846542240763
"55",-1.53366964533566,-30.4188167815413,-0.141488360805101,-8.34295575738107,-132.757690459296,-8.75875868057629,-0.0602504976120512,-0.109103987825707,3.09142347847969,0.00377332065905329,6.7557977237075,0.0148289003600577,0.277798715427613,0.331617691871011,1.11919413196114,-0.00207251809568019,0.17337721974213,-0.0418373381508367,-0.11188836012368,-0.445453598079093,1.10129003395498
"56",-4.24552589929746,-44.3998241512016,-0.658196958665022,-7.92583451081547,-128.808101174687,-16.6349864089127,0.0128738456700138,-0.0408375146710788,2.65863528517739,-0.000207344379903012,6.3861761588469,-0.0694048375060524,0.397253852658115,0.0817756893837682,0.625900676700622,-0.00944804799576192,0.154548125707531,-0.0170606642289455,-0.0566437768076199,1.95600267441658,-6.550011055693
"57",-7.23411517287177,-20.5838122936968,-0.917802538330835,-5.04420919293842,48.1324464391912,-18.7970360399268,0.0176199062237951,-0.00216676872225021,1.48750561584584,-0.00608628630149737,5.13605790990567,-0.114434563023813,0.394501838510332,-0.171630364971475,1.07605212584808,-0.00504397241421232,0.198193028558189,0.0149148613733854,-0.0362361244347044,3.83081518966342,-9.78955979499545
"58",-7.36273883135549,25.7243652079481,-0.394205087941646,-2.87524164332443,371.276620903341,-12.3638765138436,0.0164517650606471,0.0867030746287968,1.15603056059494,-0.00963333513009324,4.83627522174109,-0.0988193546589453,0.267354313774941,-0.141454341970542,-3.16693939325049,-0.0125972546823809,-0.014515487246988,0.0489525448163001,0.0479572655189313,4.67408514359483,-4.17746915978662
"59",-5.75655178839997,51.3072592845794,0.720492753809816,-2.89108662148369,701.959763453786,2.50698168833521,0.19159783223935,0.247891934219482,2.15022520601659,-0.0105773139067873,3.97151317680874,-0.0394833540447155,0.0871596142591196,0.0938003422983218,-3.378527892549,-0.018585505164058,-0.223647749713581,0.0762803209072397,0.222956890746033,4.26135107771522,1.81223512357719
"60",-5.53588474516416,29.0927496385063,1.57954168328272,-6.05485595312997,783.125833681878,21.5091367672356,0.504979508110843,0.392176286488207,3.31921643955029,-0.0120158913692006,0.274988177218746,0.0206069823637798,-0.0476211683801151,0.19274469709037,4.11745055795783,0.000693838825159308,-0.142948629476168,0.0880826948426795,0.385668675668447,2.70311907348531,1.01214590619137
"61",-7.41481739124013,-21.0716569729357,1.4096992060894,-7.84242752787672,457.445415810063,37.3163452180558,0.572604439105655,0.391036185997927,2.95853737003777,-0.0157048149626366,-5.01933632964585,0.0403318988310925,-0.0758342737476748,-0.057637213832089,2.62545516380163,-0.00508750709837512,-0.0854831703952966,0.0751742250598594,0.387787581014305,0.422086946497619,-1.17162494454483
"62",-8.99394875155708,-54.3358845656542,0.31428960827573,-5.49155130774069,-137.221816376851,42.2964161071955,0.21640331562246,0.20627849419052,0.58815472383581,-0.0192903239916469,-8.17981931109807,0.00895043180068442,-0.00777807623649604,-0.499046290871289,-2.47526258074699,-0.0161612116276302,-0.152880942205459,0.037690010513262,0.184955364602252,-1.97229713340211,1.3635491800324
"63",-8.21194276644688,-49.1731549358699,-0.83965400216726,1.16900793803976,-615.229141098159,33.1612932789639,-0.184066761958812,-0.0586487528903224,-2.34063769128268,-0.0190800252316155,-7.84181252810481,-0.0467930232283174,0.0904582643762798,-0.770226159860693,0.0149783733449897,-0.00626089099043739,-0.00627619943126201,-0.0169321303671287,-0.106717191530193,-3.83543385617842,3.1980717363689
"64",-6.24215736946797,-28.469213258881,-1.46915646864663,9.00332004166462,-739.628240242075,13.6290954062453,-0.254772211665638,-0.245056685581657,-3.7228701865401,-0.0148502295191679,-6.37085829646604,-0.087749552876787,0.151444071925107,-0.694952187494097,0.28962574436493,-0.00879156882922174,0.245618226775052,-0.0713490424376656,-0.308779506271019,-4.65939266394497,-2.80824519436125
"65",-5.99910899949288,-24.8270699574388,-1.65960694154147,12.9465697318903,-596.80025315014,-8.2827570064123,-0.153269625758391,-0.270270220039642,-2.75379368422549,-0.0105558431415046,-5.95061252735072,-0.0938337478838284,0.15168884342057,-0.437324319000107,-3.47086355382706,-0.00438430485024003,0.237172753822996,-0.107133072236163,-0.329177894660083,-4.22842644659403,-12.28809484593
"66",-8.04642535027766,-38.6048032961403,-1.62156146566093,10.8637996790287,-430.735966340812,-24.5851690409187,-0.162367772776857,-0.181398557218344,-0.475545068745279,-0.00992045500245267,-5.58229005238865,-0.0724045050312536,0.113777938499368,-0.265129017353468,3.15489343237554,-0.000767536083152673,0.164045608057187,-0.111789816909162,-0.224838089549498,-2.6620232440291,-16.4910439753607
"67",-9.70052770283543,-42.988236822292,-1.22253867916763,2.78137954963887,-371.366985120607,-31.1589068435871,-0.202189314608934,-0.0826634576884912,1.21618374227495,-0.0126187149140082,-3.29609334394195,-0.0467980567444453,0.0748550565961737,-0.280454755832054,-1.05846177042672,-0.0180781715261482,0.251248435659338,-0.0810503954143024,-0.119388414657822,-0.383525106325605,-16.1551996774146
"68",-8.74160767440929,-20.2155325853945,-0.103058603141247,-4.56475473603687,-371.416711604363,-28.9694107253845,-0.137891598552023,-0.0295219517984023,1.34504263231202,-0.0148691380405955,0.0457258094013567,-0.0353843526586492,0.0516859315292886,-0.363305130407726,3.85594614535576,-0.0116704572026323,0.195170692062484,-0.0227932792621842,-0.0753552010155037,1.99310452167985,-18.0798020602166
"69",-6.61587910889749,14.9409642871554,1.67180861101938,-7.59155766243481,-291.487148991932,-21.9016144643316,-0.0456207627801941,0.0123805877762738,0.656020826129703,-0.0135359035113449,1.45978010342502,-0.0392192061896695,0.0288771788018337,-0.344441147321494,-0.937155039463737,-0.00234503907970664,-0.0674373953474255,0.0443350372912155,-0.0481185421509608,3.83086765561152,-21.6260818305596
"70",-6.44023187965079,32.7683241050632,3.23257737128977,-6.16107545398097,-102.595670846587,-13.0746939051417,0.0543173847186132,0.108726922059502,0.69133588638724,-0.0093621848644875,0.10471795516924,-0.0452212101262063,-0.0203560314476947,-0.192086955967142,-4.81514720444462,-0.0142653313188608,-0.156479916815017,0.0991352280447293,0.0451017038807819,4.63591624439968,-19.5420790950072
"71",-8.32096351633333,27.2458571286489,3.65225444912896,-2.45292149007373,55.312518635139,-3.28859861780156,0.24649918627814,0.266294293481618,2.09103852381205,-0.00578258698147278,-1.51423719816379,-0.0400601575066001,-0.100920820118806,-0.0160003390264313,1.16300271399977,-0.0121084878610463,-0.122129671755814,0.123360642048577,0.216318072993637,4.19344875235008,-11.1782174545467
"72",-8.46044191029198,16.360619749431,2.87748338960127,0.0274842570636933,72.6207343401104,7.313494738934,0.409540390462799,0.401178750408137,3.81732516731057,-0.0046819563685725,-1.28012063011209,-0.0243470723486269,-0.180708532168772,0.0753197147647708,3.13900726194681,-0.0137003414213809,-0.261525165624714,0.108833323934533,0.369870187560192,2.62449478000865,-4.45011679843196
"73",-3.82698542601721,17.9696988343736,1.65877840790883,-0.51045581645148,29.9732705933053,16.7213232107831,0.35891492011518,0.402913501710698,4.11152102550362,-0.00418905550033174,-0.429465406114512,-0.0149361092983656,-0.208761573479693,0.0746303919531704,-1.6550389904911,-0.0157654654564844,-0.355503251138342,0.0634573383784607,0.379059667810418,0.351529084033061,-3.20212561459788
"74",3.13576202704499,28.160247514904,0.727248992029219,-3.83026074984164,68.1218442875351,21.0050393910309,0.175109834230695,0.233871799886346,2.24534318542842,-0.00144072463616022,-1.20139971041026,-0.0300748101579239,-0.154393369420935,0.0255419770218921,0.983961607624582,-0.000665550843100456,-0.187670618869562,-0.000739611413465388,0.199788604145596,-2.01408791069431,-1.97248813518771
"75",6.1844797079165,29.9249811984967,0.18617940395927,-6.56628527553901,154.279780886553,15.7853623876085,0.0299320398731978,-0.0237977473823818,-0.656274267838224,0.0032698712430824,-2.95608876658753,-0.070719681501679,-0.0384353985852639,-0.0564162118844786,1.08974344200414,-0.0061471746516623,-0.0787527108184084,-0.0647478502577935,-0.0769024422517706,-3.82826316429677,2.38911758187423
"76",2.67509487258036,15.5658885194824,-0.378634985663075,-7.58505183962817,145.988160512517,1.48746976713457,-0.105607619462692,-0.226164703034219,-2.49226940326441,0.00666928799546658,-2.88722292809646,-0.117435281001529,0.0755252275096914,-0.153232679039783,-2.91092169375891,-0.0115501860796257,-0.125842048296283,-0.109694995612885,-0.290733872989633,-4.60996657900491,4.45560581204412
"77",-2.32616295778609,-8.07533996991379,-1.15480639700347,-7.30695597641477,-4.87941297073934,-15.9190469740506,-0.278831352768002,-0.276105325952636,-1.91793126175232,0.00675896114597861,-0.21676642693357,-0.144346127038306,0.123085744724627,-0.176031826206896,-0.931114422095414,0.0035885560709521,0.00267838892196905,-0.122768218168784,-0.338561812292302,-4.15050116870324,0.00169916662897657
"78",-1.54338668485565,-30.5200858898296,-1.68553109124749,-6.70904570202042,-171.415871220932,-28.1657253257541,-0.326408740897278,-0.190369358191593,0.513485466954685,0.00530174772444854,2.49658474621247,-0.138380048271514,0.0849771739801754,-0.0390118406701328,0.539659397714703,0.00456517499859975,0.211030056008583,-0.100597048125669,-0.243941676292159,-2.56681736923319,-5.66115212275021
"79",6.05098222762537,-46.4164596651483,-1.40706496141788,-7.1684896904518,-160.146600879341,-29.4800133456899,-0.134509293516857,-0.0715935870459272,2.89967046434617,0.0057510471033838,2.84384403443241,-0.108367462015116,0.00361500741447826,0.202070769769374,1.58753139102004,0.00606055885508062,0.174013367707244,-0.0507287465609166,-0.121783700781671,-0.296052206000043,-6.23568815455072
"80",14.1843221623691,-51.2503391978156,-0.342787949670739,-7.22543436390644,126.993776656185,-19.8590836315075,0.0861393924091288,-0.00351362366703713,3.8982152474956,0.00976527740043885,1.73901140541233,-0.0772163351678955,-0.0491861239511306,0.398276477825704,5.07665148578144,0.00909800296221889,0.110364124530133,0.0121632293377325,-0.0616711589385613,2.05489819730169,-3.73633468943232
"81",16.1270513228244,-37.4579971589556,0.927896966889378,-6.40773116708183,530.523650285015,-4.90314634768387,0.0817391979042151,0.0266544811355494,3.95654090434061,0.0158935442753141,1.69763094605656,-0.0678829783609491,-0.0263022533722789,0.484959809949839,-6.08585730578246,-0.000988229542270968,0.22933822593475,0.0718939509065164,-0.0431926213178098,3.845465525875,-3.41703910053779
"82",11.91488345612,-4.85747259909019,1.79197478016338,-4.3459450626156,731.657686482737,7.55884503426085,0.0286597051257964,0.105526597007415,4.51386847751555,0.0208728154401528,2.78112229343006,-0.0878914991620503,0.0585836309847576,0.530183167225733,-0.494242681767502,0.00744788259625733,0.223141425823547,0.107764737074347,0.0334566677595613,4.60076779859258,-4.22261352905712
"83",8.02431073482294,27.4401757320714,2.08114235571236,-1.50948136032053,586.864292053832,14.7700001894859,0.239685942333843,0.271982094115498,6.17670750554257,0.0220922152447857,2.40987085797534,-0.12119610896317,0.138226426128445,0.613800015394847,1.89432443714388,0.0138615425086951,0.0411002551833774,0.112368916067377,0.213063277447007,4.11775200348137,-0.716717080276634
"84",9.20334179849216,30.6546148356928,2.07644556575742,-0.0660807936340543,289.697712651035,19.0269312452277,0.564072393829595,0.438235308507791,7.87112269329269,0.0197257832172818,-0.399654345548073,-0.141678218220623,0.149376473918791,0.715221089167236,-0.358225266898055,-0.000615150395243429,0.0272157930811114,0.0857051160021962,0.399530291864681,2.52656713140743,6.15322962340259
"85",12.7801396443998,-4.62077052895888,1.92284688680422,-0.995709828884896,70.6234924126973,22.3408663580245,0.623410912966082,0.454553270010202,7.82179694276693,0.0162148185235903,-2.92987069566424,-0.135009841234475,0.0938824692952651,0.728621462883159,0.380789989518835,-0.000523749136559694,0.100791368944645,0.0333339938068892,0.42725814908012,0.260045185018065,8.61670910027351
"86",12.525588169422,-50.5812723647098,1.43100334608208,-3.91473667809168,31.9733991769148,23.6483241753723,0.395275764406578,0.259317445734086,5.20222667041407,0.0125498892963019,-2.46850366671681,-0.107561482979471,0.0337072411371995,0.521641890295917,3.02523820436916,-0.000560096422999715,-0.00922369930744373,-0.0255590087457129,0.225012048566848,-2.06723867861452,5.44790502482189
"87",6.23502882012997,-68.1553020513182,0.558666100369446,-6.37761192068591,60.7178806956383,21.0395801092549,0.0710150517249354,-0.0450392840003935,0.949641834178812,0.00698484455990149,-0.132670136666009,-0.0788101084281267,0.0351596250535541,0.0410740006036959,-2.03287255408693,-0.00469904680098076,-0.0749346823784418,-0.0742034373293526,-0.0997814154025585,-3.83545788474059,2.59112126237237
"88",-2.34263590146517,-47.112732721297,-0.294172115186215,-7.86775498223564,58.4539187906825,12.6554758296966,-0.212193288063502,-0.268261726751238,-2.90713256143508,-0.0013801112228172,1.12680953092038,-0.0655453246646955,0.123823079086618,-0.552205162735481,-1.13102602964231,0.00164755412944427,0.0704323550443676,-0.0992662407331484,-0.340958524243104,-4.56730953169382,1.71663913348979
"89",-7.53127117931398,-17.1036112759196,-0.731541019473665,-7.17290235763961,-40.8148147775773,-0.434237723700641,-0.276966946492466,-0.29087700499554,-4.73516589339082,-0.0091914208122733,1.07643160215514,-0.0727764874550685,0.266748551342524,-0.92747890046485,-1.14857701482839,-0.00714264925577176,0.11753586449141,-0.0946193778698942,-0.368599746733022,-4.07396383490921,-1.37583737568866
"90",-8.1972496962362,-15.9825047512305,-0.584354315090222,-5.23619064207494,-150.23313756098,-13.8491947209163,-0.0610747452161233,-0.159123375924366,-4.83924509145602,-0.0125140888132095,2.41186915801057,-0.0914867863201847,0.373213145066987,-0.957802487552431,0.148240776928822,-0.0123771776447783,0.0158559419579663,-0.0641546552803497,-0.230249719932522,-2.48012959361557,-7.98907434446451
"91",-6.89044992412834,-44.2031446900654,0.120754823569243,-4.78103963359183,-210.850305766276,-20.6947108986986,0.123689531099232,-0.0292811699103525,-4.54448741415798,-0.0105316347436046,6.04037841976008,-0.104455956137694,0.360670584248328,-0.808352746068458,5.23858068069516,0.000608277913828537,0.0579493913918975,-0.0192759315323387,-0.0931224504628168,-0.217727429958714,-12.7453693591208
"92",-5.15823417096651,-67.6881325565569,0.990406903616873,-5.52262531352774,-270.784044801879,-17.1445443670978,0.0520087270693743,0.0106489242678125,-4.58513829921301,-0.00604290735385433,8.71642309097345,-0.0973206460108917,0.231182824483473,-0.695367823719546,-0.875534276748653,-0.00105095943506054,0.133167007973554,0.0281307336291838,-0.0552007004326679,2.10643115740928,-11.2834507306749
"93",-1.8084663191388,-60.51631066122,1.38202955238046,-5.45747163521093,-440.078017521906,-6.18243589210987,-0.0291197815144525,0.0146109300109931,-4.44443475106107,-0.00222425074594231,7.14670482377924,-0.0704851924289411,0.0597127992819568,-0.61433465999578,-4.38235970292102,-0.002231458555624,-0.00608210332281634,0.0629789805586462,-0.0634365203492266,3.8773535575428,-6.47380549327775
"94",3.08293604706588,-32.5968303184384,0.831977791314921,-5.48544153765216,-551.703169589863,3.3441636083102,0.125356042372271,0.0949377741821273,-3.20558814945958,-0.000375884133599673,2.77199201051949,-0.0420514729994062,-0.0707720312647676,-0.407199469954464,2.76243972277538,0.00322001866118141,-0.139581491479962,0.0777176009555196,0.00990880683358453,4.62791453392846,-4.22497052483835
"95",6.40717610053208,-20.5965269737145,-0.182075827673995,-4.57175862817113,-422.942922169038,6.65928259024544,0.431459669145978,0.285032170879279,-0.721640430012269,-6.32494497735016e-05,-0.448773853837001,-0.033017799508032,-0.121718336756269,-0.0148856432190731,-4.04402957963065,-0.00323077490361771,-0.0834474891720022,0.0758023227123996,0.210136874828637,4.13438497446611,-2.77498046787943
"96",6.02155545901038,-29.0322771809727,-0.758088376193965,-4.23200082455042,29.0860275669923,9.0283490922797,0.557343635379187,0.456876173289127,1.92570653654851,-0.000316351497219988,-1.37670726938322,-0.0423822429095383,-0.114005131306914,0.371115785131213,1.45602642532542,0.0061520582225133,-0.120314182759872,0.066912278930133,0.407904649017017,2.55491609560341,3.21565838637884
