"","mctn","actn","actp","mctp","mcnh4","acnh4","mcdoc","acdoc","mcsal","acsal","aflow","amaxstage","mflow","mmaxstage","gTOC","gTP","gsal","gpH","gchl","gTN","rTOC","rTP","rsal","rpH","rchl","rTN","marshmeanrain","gsrainfall","gsmeanstage","date"
"1",18.6987270458774,28.5950248318255,0.698858263543054,0.283304121275727,-2.30689073000522,-5.20799812085298,75.9687858774459,71.1947512947305,-4.40931475671197,0.865584888736255,-1.80963194896487,-0.32185386491572,-18.0854871678316,-0.308677141635287,3.39070517730111,0.00244753613151391,1.80064997163626,-0.481456211617902,-5.24344761933787,1.06228484997046,0.356806155291814,-0.00549008515234236,-2.58517599555655,-0.101927619153948,-1.69849925687122,0.0416704514486049,-0.0933464550853093,-0.0775696592786123,-0.271863784579653,"2016-03-01"
"2",25.4858708864581,17.4904761838885,0.132562704479526,0.555907667346101,-2.39967125880757,1.99816311815923,128.451283984263,-39.6522511200274,-1.680502318187,9.05064093515163,-19.1533892761744,-0.273783628017095,-28.5712004353563,-0.21883308095418,3.59299448544336,0.00370989965702042,3.90610825288228,-0.389814754650889,-4.62407222825311,1.03929898967753,0.562273075101886,0.0153920878470193,0.535085452423603,-0.0494096862902661,-0.63101827041252,0.5294079730158,-0.00614559387899923,-0.0486570163352698,-0.162623430562663,"2016-04-01"
"3",20.4000744200448,4.71149235481501,-0.164045850279757,0.4567250853958,-0.747886073244477,8.95817950519174,-48.1800765877795,-253.148617942201,-0.0866957661800818,14.8727375233853,-24.1329931326284,-0.222905448299259,-36.1290119577458,-0.200632333023271,2.44346209570904,0.00520366127593541,4.86615023672436,-0.0960023937075944,-3.32458871817152,0.690484019138667,1.3165987632624,0.00238254387123671,4.51637242759139,0.200835918534668,-1.70597917160446,0.327923825473704,0.104428057286705,-0.00341247346796483,-0.129224743559708,"2016-05-01"
"4",6.09601352313952,-14.5424645097755,-0.198684484215507,0.0664523269874849,-2.02969921281381,3.74934609158593,-23.9177477185361,-377.259938597048,1.91021431301961,13.6842181993393,-18.3621045117419,-0.154686790412925,-27.0102513312361,-0.219794227099419,0.933925312237112,0.0079827436409923,3.32864192892369,0.105703457368422,-1.5677660292043,0.354076529132817,-5.56802529906122,0.00820508702955671,4.38232811587971,0.173610441299574,1.20080236777015,-0.397029658402447,0.113517699363386,0.0482640930897157,-0.124740750095812,"2016-06-01"
"5",-5.36798935682312,-28.7784760821449,-0.199598533931493,-0.365660928130662,5.55425134588433,-4.12542345661279,-85.572065258846,-130.792765671626,1.99283024925057,7.38188309193455,-10.245284053109,-0.0537732386022603,-0.152953415612785,-0.163160558780136,0.0719060128007522,0.0110425256191667,1.36309294951866,0.0626732802930755,1.4585503598312,0.291478160158793,5.19519575641608,0.0275460864580807,2.14127925000611,-0.0169569676043035,10.5642628340091,1.06085136756988,0.0732562031468072,0.0842716758323231,-0.0889876746402397,"2016-07-01"
"6",-7.74620149522528,-32.6071698444325,-0.491267193824892,-0.628519421338864,1.84218585943364,-9.93326235974974,158.035540916348,259.038774158283,-2.84205769927757,1.39847410638634,1.809051341579,0.0567537151267332,23.7276529078489,-0.0134392251452179,-0.141704527887024,0.0108626403687673,1.75326369052197,-0.084030259002124,4.7272842068376,0.37859091862315,2.57789454711498,0.0270416641199541,2.28460420371591,0.0126746795108265,18.6663777179142,0.845997998226286,0.0973132350411647,0.0966721320699128,0.0201220253281047,"2016-08-01"
"7",-4.49478237021841,-31.5403672457235,-0.946790066607208,-0.613594299334121,1.22161146942745,-8.85900390962346,129.073134569086,424.69204987378,-9.63794208915567,0.676312679618952,19.3230416496386,0.134086429563725,28.3156276946756,0.149491339233518,-0.500101036112391,0.00476583431280582,3.37655075726578,-0.130570239014174,4.85200647983341,0.288157826637244,4.36473707635038,0.0369728662687144,1.86163886459753,0.00363578361500144,19.7913831723925,1.2366340776806,0.101218127336415,0.0804835305381105,0.142301722077491,"2016-09-01"
"8",-0.152813097390792,-21.2633767161147,-1.02152427314013,-0.40229894051708,-3.47853571239507,-7.57343889425694,177.914240513761,236.162616316729,-11.5953389880387,3.46247685109178,29.2968111313779,0.143797551002643,21.80665125413,0.230340225982265,-1.61326856687083,-0.00457807091115122,2.44738387619426,-0.0599540225053824,0.181287910349111,-0.0915879345267303,3.41045440492379,0.0293163569245129,0.0723913850970769,-0.243457963655049,15.2282477316656,0.890941392473854,0.00863609603138899,0.0466443636761405,0.199980105168447,"2016-10-01"
"9",-3.25463905876995,-7.87519441727031,-0.605312041460943,-0.167226489862358,-1.56887773716579,-6.03932794746471,-139.722398177665,-58.6043723459267,-7.95267188759273,2.7465341947596,24.247793880962,0.0437191406048857,24.0561306072361,0.142585531670412,-3.43264863274422,-0.0109248399579423,-1.55175124391577,-0.0209591092806468,-6.10853838447985,-0.531930087414142,1.46043751457403,0.0138058639098734,-0.823536514728448,-0.286231141117873,8.80782529529912,0.730349630928473,-0.101204319356769,-0.00248212861551116,0.100670711024234,"2016-11-01"
"10",-16.5777617573759,0.0959735459375874,-0.16128713270265,-0.109628510293739,-2.49799421977001,-3.29269773753571,-222.382415681666,-236.505896918183,-3.63630861823402,-2.07887910817526,10.9328959611288,-0.180431634655709,23.6577154355671,-0.123529223567691,-5.2725705109247,-0.010813863195457,-4.42348040478226,-0.0898053590413278,-8.31210872457518,-0.738938026876772,4.26232831477839,0.025901537607306,-2.80686611877731,-0.0622235084530339,3.05392295569497,0.889101012266016,-0.113678547583313,-0.054909886597681,-0.165169312796606,"2016-12-01"
"11",-32.5613734468313,-4.4734428522414,-0.0781581848062354,-0.260853583279918,-1.16272863127967,0.640858197721614,-498.990691984071,-268.859067844877,0.539961344976597,-3.05339756568457,-3.10558467800516,-0.43612501657943,-1.51888351712756,-0.417638772205591,-6.13606297897699,-0.00746227948048026,-3.01457532308051,-0.149580669499553,-4.77263062586485,-0.654786794599507,-4.3174914428906,0.0135239923704579,-2.33582710015834,-0.0236937653706279,0.712789119917505,-0.154667622567546,-0.0735006410910833,-0.101500349399484,-0.455641630203975,"2017-01-01"
"12",-42.9231168560091,-21.1059894746401,-0.270206074752773,-0.518228834300094,1.25961523520116,7.34166223682736,-454.589416460519,-303.127030467368,7.59450645366309,3.77840694945618,-17.8943946701713,-0.573921075470237,-38.9424208406903,-0.566580975932795,-5.62179070304395,-0.00742325927125143,0.71340150816459,-0.0452509598512902,-0.509630109839588,-0.485548358458428,-6.6656158706114,-0.00999251658167277,2.4402494065858,-0.0470067842147508,0.102949582733408,-0.655569154986007,-0.0893544684252041,-0.125749097866281,-0.594564810998548,"2017-02-01"
"13",-44.068165216834,-38.7701709321964,-0.485418731415179,-0.706911697915156,1.1040765723578,13.3858023188998,-578.6256523633,-447.25449319939,15.5739076528229,13.2729708129519,-33.4519151713369,-0.496684021942417,-54.8114348782507,-0.489689620365615,-4.67255534707293,-0.0130409601591524,3.37845672884994,0.190216429596393,-1.38925011073539,-0.492126240408167,-0.614785792286794,-0.00734490531034659,3.94877355639827,0.181594661330701,-5.08713048428488,-0.0637891659927975,-0.108376545415256,-0.114237622028258,-0.490003870960842,"2017-03-01"
"14",-36.9154959826962,-44.3126269213156,-0.785164865354827,-0.685843721215179,-0.914384828845601,18.3005602513311,-322.541163278577,-610.59087878001,18.2940872870612,17.6675282951123,-39.8673801566619,-0.289052931765186,-41.5523962501603,-0.286298493030632,-4.5063074833713,-0.0196400797690125,4.83683195574632,0.33802542451252,-7.30449577393288,-0.694122100702374,1.5337633090816,-0.0126997917548452,4.81334770702652,0.291329613942266,-10.9162227859439,0.195144675199064,-0.0308176059199005,-0.0668587306159079,-0.240827395209153,"2017-04-01"
"15",-26.4953754624254,-29.2922523501384,-1.13521224069286,-0.485760550422568,-2.83048673510422,15.4292769266523,-253.004021280232,-544.699674674853,15.2146554818807,15.057079793306,-30.9492638733434,-0.149001683572721,-25.3857521093361,-0.155012756187379,-5.27723271439682,-0.0211986352724273,6.97005400475099,0.260130366418864,-12.7531411433941,-0.867347037951674,1.45720985304314,-0.00746239399193423,8.09185505561377,0.0557254817875256,-7.92280637718842,-0.0938881901601541,0.0898357212526019,0.00448047453603636,-0.081912431394787,"2017-05-01"
"16",-20.0969498449795,1.00724405974447,-1.11505161919341,-0.204008819301353,-0.266503544407083,6.64033667731808,39.1123302590965,-166.503114267623,11.8457074058564,8.94445497304276,-17.0746802894856,-0.144956276984629,-23.6993967203625,-0.128051251112695,-5.8824033305255,-0.0169290010230763,9.23964302602578,0.0668159130901328,-13.0687398471761,-0.811702679981616,-2.30466889563639,0.00333245008385158,7.69038684042701,-0.0715688293090614,-2.34256361780614,-0.323742385118974,0.120821411589743,0.0797333207915072,-0.0524945113403803,"2017-06-01"
"17",-17.7118879883032,30.4326678131082,-0.341206238171339,0.05417505652187,-1.3317583635855,0.213311468435995,-1.65604446116642,329.469146358255,9.60256492213275,1.04509621187577,-7.57688572418707,-0.142982941662458,-15.3070776877232,-0.0508848560862916,-5.1267911275655,-0.0111017555270398,8.17875147924267,-0.0601875540919974,-9.06580925084671,-0.565235996771282,1.15498977906951,-0.0117652245704412,6.78855383247906,-0.0397510755456796,-6.05852033985852,0.0429572807882981,0.0739152884624293,0.134474199430399,-0.00620420715509803,"2017-07-01"
"18",-15.4380394437796,44.2643556949812,0.805838531133025,0.237248395761642,1.46709742081252,4.333476322051,190.022156278766,634.747376617971,3.26847045596791,-8.02033242479111,5.46690576087615,0.00834442309509563,26.147769699155,0.198071970627048,-3.08310597371277,-0.00739434761628558,2.13204987942199,-0.099917752923536,-5.46484079166785,-0.331140289344029,-3.24760662643183,0.00124926536664458,4.50734890507352,-0.231186956253172,-7.30668243244908,-0.28004277696994,0.0788327311507691,0.149760503233903,0.185056073513013,"2017-08-01"
"19",-10.0781497704543,39.6596246359887,1.35304258394865,0.353990026827082,4.39193562293394,20.5209055943101,118.994742547311,627.565402004491,-7.26280552457133,-13.0384527288219,25.9192140025119,0.243099794034743,78.038995443922,0.474495812786325,-1.21776822098974,-0.00468297220487399,-5.51627959057153,-0.169060232079757,-5.14738951682502,-0.236263818527165,6.10386033884169,0.028402966689885,-2.99794036869329,-0.42444037366366,10.770565990279,1.05014127361227,0.111621371553691,0.118407024771379,0.407373845910523,"2017-09-01"
"20",-0.934439913442018,26.8678572570246,0.808795744043955,0.378858613138402,12.899068978574,37.8854038801064,201.772632192252,444.205294470459,-14.3834453532296,-10.791173852938,38.411990194712,0.313358429631912,88.4762705371746,0.485116019287662,-1.11220515904383,0.000538340347341972,-9.64305315585617,-0.312402959204384,-6.18001632554465,-0.234557503335414,0.182673029618479,0.0220600222186487,-6.04781489403448,-0.268633221333262,29.3401247887844,0.491291474511326,0.0468180466067213,0.0450525336307466,0.403851396943194,"2017-10-01"
"21",7.86994991656052,18.0997690444409,-0.117983511068699,0.350405697282367,10.537747550859,47.9660109715797,-120.465238273304,279.018278523449,-14.8337528408318,-7.79780855973406,32.6316520642751,0.0857389172386012,49.4926317370991,0.160917840890033,-2.93671751929534,0.00846840648350757,-9.25633319313726,-0.410999951921823,-4.68208608328308,-0.228499699155327,2.58546729478498,0.0249090019052827,-5.73623268453922,-0.136367601881692,19.8221428388318,0.87483034060884,-0.0761930347766173,-0.0416622249417144,0.0853795892347323,"2017-11-01"
"22",8.11279769540509,17.7041482271877,-0.433437418614866,0.268566227637185,8.20958113655134,41.4866335796602,-255.294134497166,169.426429008108,-12.537620226889,-9.75365609700835,22.089812176572,-0.285183886366882,4.17887115006295,-0.273990966886796,-5.18480298046886,0.014267183077208,-7.5593561988628,-0.333964408059889,0.206118604162148,-0.206911902229829,-1.58536574912263,0.0230066809565513,-8.41625995303352,-0.233745734782554,-0.216725465839747,0.334203265602405,-0.120387704713773,-0.111852152068306,-0.338968951744923,"2017-12-01"
"23",-1.13584291014232,19.5430726239531,-0.0573946782530407,0.127678304533252,4.13269801819045,22.3974229845333,-530.801197419295,15.0967420770607,-9.50962645571354,-11.4099028755512,13.921238516822,-0.508915562297294,-18.3860802228301,-0.519126267668434,-6.0888262049171,0.0128634701170196,-6.4507981013681,-0.131111913008199,5.13483249702588,-0.225790948475138,-5.37920337597236,0.016717874531724,-7.01457844513906,-0.167387914995296,7.1146858589837,-0.0928687551870491,-0.0808094851235223,-0.143587705386702,-0.571345059430697,"2018-01-01"
"24",-10.5932685320846,17.3490104683156,0.311393707410421,0.00865887283375255,3.231414739019,2.2008302030447,-390.230549424398,-222.766438698879,-3.4236147723819,-5.224731676425,-3.99147124706578,-0.4579969465192,-29.5320607953696,-0.467698158055465,-5.24144057901515,0.00505088507485379,-4.51693825662499,0.00543722949473653,6.34650167128752,-0.292096338195431,3.89630483840839,0.0342849860982983,-3.83225872623772,0.0285298624272292,30.7382688475302,0.948030271555403,-0.0740352047530934,-0.128683229192458,-0.491871880167837,"2018-02-01"
"25",-11.8638701417952,10.6526305324275,0.300979166202531,-0.0171337508876651,-0.814673336673041,-8.358145409179,-427.185448939972,-382.106448938892,4.47332810575428,4.86437980809846,-29.4603637327546,-0.284703861600472,-44.8517161082184,-0.293796219740333,-3.66256957041099,-0.00262947962413678,-1.12663094305079,-0.0165874223312614,3.79096349089887,-0.315712777110484,4.25203902808649,0.0210859920748578,-2.11057167829282,-0.0445917759723028,28.4736920423541,0.909176959327293,-0.100630377070258,-0.0746749321023332,-0.284494528748181,"2018-03-01"
"26",-0.64410999278839,2.67903860907823,0.312207688949771,0.104051065871778,-3.75423763129636,-5.37715675953297,-196.248165976897,-240.051974434611,7.62505313391732,7.39166010068938,-33.5608751953362,-0.205895014114541,-53.1862890647189,-0.234344039935862,-2.48232004867857,-0.00426900867160866,0.930823949266366,-0.0881348123309646,0.719373780295273,-0.200638360328119,-0.0347435125997556,-0.00327400637300131,2.40786122493525,-0.174320351174033,3.37303683013495,0.0550490113429858,-0.052146815908551,-0.00108778329215151,-0.187483099011324,"2018-04-01"
"27",17.5215320386937,-1.68307639397726,0.746969946960206,0.302096443856486,-2.70757613083594,3.59280517334853,-143.134469443601,192.894662416898,3.46541241384436,0.25114514163441,-4.152768962465,-0.236679189895201,-35.4250127291777,-0.301080335398742,-1.81769343629151,-0.000299751600525708,-0.8381885076986,-0.0686726185773785,-0.422694584943572,0.0242334596922385,-0.0350988675336633,0.00646371912970387,1.58419368496435,-0.0323462625013344,-5.4630067035047,-0.00637373912303808,0.0589376327023602,0.0676582606995188,-0.224485638642724,"2018-05-01"
"28",31.0399323655463,-3.33264321049252,1.18011397020818,0.42841721625251,-1.83168553175944,10.7061944205717,212.79596592863,609.991594066861,-2.37276640754371,-7.70172916225405,27.9102622319015,-0.212972945817918,-0.471725606778605,-0.32343992768186,-0.76202611752849,0.00406515099855933,-4.45098045802284,0.0457665645024889,-0.223491101311404,0.237927309203869,-0.275442678362333,0.00391183760725197,-4.48154732526465,0.0573774585822194,6.1924879159622,0.0399720645453895,0.114958248260348,0.109287910238753,-0.233844973526403,"2018-06-01"
"29",30.7542399966436,-5.4740683537858,0.85294111391664,0.368902199385416,-0.992482040937954,8.46395919544402,211.949231209499,696.391853606026,-4.7377482496902,-11.3912798420837,29.7835135591185,-0.0298843506984714,19.2250122696862,-0.198216693129852,1.64945902038724,0.00586070108051299,-5.67693558425278,0.169970712644519,-0.123284502849545,0.415445765163433,-0.410697492304116,0.00034802276531342,-4.40401662749296,-0.0751780107718021,8.39740594869407,-0.0820570442196322,0.0880366082048284,0.11643831964803,-0.113281399909481,"2018-07-01"
"30",17.7855873622664,-7.00742056093216,-0.206691330232461,0.130837740068936,-2.00074158401544,0.642854684813102,263.255390489785,416.283788723675,-5.32840671855501,-12.6206851260185,10.0939315699827,0.220528979180917,13.8188911514577,0.00760401189532472,5.22326152544394,0.00780184759516377,-3.43831990086325,0.254513212165049,0.492145339165971,0.673824092119013,-4.36409226840593,0.00283892508820499,-2.20094739221642,-0.0363083790489233,-3.7371038159471,-0.537487090875641,0.0733768536601104,0.090258791475098,0.0732264337950443,"2018-08-01"
"31",-0.929367087209557,-5.72359270441483,-1.03626848366662,-0.147934127724072,-0.107385121572446,-6.3568643605572,11.3933719001195,13.4849228130859,-6.49847137364765,-11.4723032294734,-0.639578254751549,0.353049210133443,9.63998255703435,0.140041277392953,8.37095647550211,0.0138892129603741,-0.732527965189672,0.294418940532553,3.49947563693349,1.06120893157393,-2.24125812304473,-0.0124856580294069,-0.353153221976127,0.136677653459168,-6.52483622645306,-0.237910143357172,0.0933159629339151,0.0424847478498499,0.173476565025406,"2018-09-01"
"32",-14.9056577745116,1.65260729529293,-0.839356810152404,-0.312571011847825,-2.37166923442215,-8.65748497746513,119.624578944883,-249.251086904518,-5.53530239049762,-6.58912086370556,4.00894879556532,0.284271642802711,24.1768257311024,0.11613703351818,9.32873391049559,0.0232238769453246,-0.226460399776923,0.266707544014633,8.60738502642416,1.38349788571234,-1.15279232066439,-0.000937680246409582,3.02842056913144,0.0442085186381157,2.67474962886856,0.0643396258593904,0.0509629083335725,-0.00992808094689214,0.123323562699965,"2018-10-01"
"33",-18.1158427213714,12.2463235640814,0.0610115228467737,-0.28306522145932,-1.26246187376384,-6.57282508782907,57.1520173770301,-320.127496555641,-1.09315068955892,-1.1589205389577,7.48226800198715,0.0962330821635836,38.8078352403527,0.000631786162816575,7.78549696746227,0.0300890048449956,-0.865478692927903,0.14627843958101,12.485218460842,1.37316536126944,7.46538890590787,0.0164642547454072,0.736654487025924,-0.114329396828137,3.8781041197353,1.08731453359325,-0.0520002392364957,-0.0543822977487452,-0.0110351634846959,"2018-11-01"
"34",-15.2476923565278,16.2494723061452,0.617688295286459,-0.132681476608798,-1.37048726409691,-5.34475848165446,131.607183218578,-324.610188535476,2.04134801984075,-0.0367122084141803,2.82052850723376,-0.0842407453517613,25.8178277812435,-0.114505433831543,5.25395009021689,0.0299308401311305,-0.135318678518358,-0.0166397575902083,12.2053242906641,1.01986683342606,-4.51507564221975,-0.000893064672954841,-2.77233093694738,-0.0238386284840772,-4.44478631991129,-0.496688888913544,-0.105975937804819,-0.0807388462679313,-0.140985260269041,"2018-12-01"
"35",-13.5346466629086,8.36538813342437,0.294819630015478,-0.02665124264955,1.21604736413681,-5.63408373340363,-151.145971446097,-372.206645219429,1.11892785361699,-1.15481763452846,-2.69662150298408,-0.203547811650999,-11.145646307159,-0.19340975044596,3.70716797742423,0.0241641944753421,1.76697492017662,-0.110298115481722,8.94252933784778,0.624548741885208,-0.854255138796467,-0.00133990685237145,-0.655776957557095,0.000729399431028597,-5.90704686146985,-0.193465395703585,-0.087121173736382,-0.0850034671733126,-0.225712320283008,"2019-01-01"
"36",-15.5315021253979,-6.75996806059857,-0.36140191684629,-0.0903408752377303,-2.318401710326,-7.51241294335767,-126.094836510731,-410.851329764765,1.16007273591387,2.44367157091682,-8.09612709860349,-0.265369978716193,-36.5475777048644,-0.228444513817099,3.8370656950284,0.0185006198971549,2.4330204153196,-0.0780849048049179,6.89609637575841,0.48908689799386,2.81584123000547,0.00255463897989766,-0.219137519683451,-0.175957486048006,-0.354393523863096,0.254324385729534,-0.0785303776561275,-0.0688984522447703,-0.248941611648004,"2019-02-01"
"37",-18.0659009740545,-16.091148068558,-0.510468827679198,-0.315565099474086,-2.60223322653619,-6.76676981662633,-192.513008129798,-347.956828586101,5.96372775047065,10.4026339506,-17.5796059385204,-0.266883542492951,-27.2894823421483,-0.214985937696438,4.63802766940281,0.0168000340563132,1.44327519956941,0.00707422598713213,8.13593826515494,0.610132304264564,1.52702360672068,-0.00275496144754252,-0.13841670252002,-0.154136127397575,0.479841174019071,0.024713113441919,-0.0946829448225231,-0.0381882412048884,-0.214584583454222,"2019-03-01"
"38",-15.0903037466842,-8.80915873795566,-0.0829200431751364,-0.53874924458798,-1.21664458801465,-1.13046866569346,0.687393534943624,-224.451382441845,11.0296365254452,13.6909861201099,-25.8627625515384,-0.19127325556594,-4.90165612851602,-0.159867437426358,4.48642833343693,0.0173161673517883,1.35009763408599,0.0126013314329136,9.87933733879815,0.696042730012663,2.82028245858774,0.007697371161763,2.85462183088462,0.0286896259145431,-1.97107727364061,0.0338352317918202,-0.0496157720252426,-0.00109564087267101,-0.129249349052575,"2019-04-01"
"39",-0.347085862176515,13.603206593438,0.239418005734401,-0.569727715672512,0.31377887875478,7.57716612446668,-77.3066888371908,-201.674301827721,11.8228607720157,8.81067090993791,-23.8710509207175,-0.061484710757273,-4.14840081963698,-0.0858043129330948,2.84865815242173,0.0155282427079009,3.62895397735309,-0.092914615986765,8.11388687331978,0.509057951514938,-0.736077954862273,-0.0039884302815148,2.43628067441702,-0.0292042666168736,-1.51281367353243,-0.351358974578308,0.0503922490953682,0.0324693120494492,-0.0266936496441242,"2019-05-01"
"40",23.215557660346,37.6884124691045,-0.0166587920760884,-0.313234056503799,-1.73973813708891,14.2570193942349,196.677355141541,-346.899530987322,10.7301287202196,3.0278357131577,-14.6874199449068,0.0597234716587041,-19.9577879666375,-0.0118529000994722,0.839995744415446,0.00996910257835826,5.90916486281811,-0.194443822669405,3.21481074632789,0.151064038695489,-3.3199814515722,-0.0179826778027735,2.02022250053816,-0.14632774959853,-2.83834594048584,-0.685924646165481,0.102056820126619,0.056413837271485,0.0569614453803404,"2019-06-01"
"41",46.7986663712823,48.829907451952,-0.507070622274794,0.144371527696757,-3.05994750155067,12.0896940894199,403.839352687728,-503.117445873224,10.855546576692,2.27403274060426,-7.0542262325965,0.139620051012339,-18.3775345755374,0.0653249006631468,-0.00247450732108889,0.0040372419908529,5.06898424637945,-0.190462779185007,0.234440958207152,-0.0396617900755516,-2.88818089164062,-0.000888294573659452,3.03558258148554,-0.0406781410600329,-8.0624712052554,-0.430906193639831,0.0864593528064647,0.0658088867055586,0.122699468200785,"2019-07-01"
"42",59.6125769073713,42.4077634736229,-0.530456895962703,0.580224826243845,-0.0209537400129487,4.8499948463065,764.944901352595,-414.665491686782,9.89905514559181,3.86451440684487,-0.736263570607558,0.224618269396549,8.56195052692864,0.196273458492568,0.626724733522718,0.00168170071837884,1.73435127372656,-0.129118284989029,3.025444154415,0.110692086560407,-3.30657891521946,-0.00264439735575269,-0.15146469321123,-0.0329821972439867,-7.55427971247725,-0.430843964729752,0.0786188677272906,0.0596814586752935,0.235155054261113,"2019-08-01"
"43",54.7103553517958,28.9835510071371,0.0466463391468126,0.782434387628344,0.246565588096185,-3.65714571848008,574.765818603472,-5.77493260445513,6.1413484046112,4.1191553949273,6.69846460701441,0.353021276234966,32.2727569732403,0.387569718869706,1.48724428318449,0.00245143688047817,-0.628702561610796,-0.113480801309665,9.03407354758263,0.377049589725188,0.458765011300591,-0.00972376670985585,-0.372594168486023,-0.236444132931278,0.359544583485276,0.0991887522718518,0.0972476053477212,0.0410155527676801,0.403256986608417,"2019-09-01"
"44",36.6953021674081,24.6498530500864,0.644684938175974,0.678546199413671,-1.21847882397004,-8.08015008932912,432.633840640705,505.602899595973,3.80043208993911,4.28798440413753,9.03796130563941,0.447476294385545,30.7578146731441,0.522411736670353,1.07176564048325,0.00220896414979685,-0.497712331384827,-0.140476654623291,11.3103061244406,0.36882685729206,3.94713097659644,-0.00482034130325574,3.41202720305596,-0.240430060631068,2.91936406423678,0.411301606478804,0.0566398752527529,0.0155736251912433,0.509653290510715,"2019-10-01"
"45",18.6447362708889,35.4156256477124,0.717538982519182,0.397792231317034,-3.75874938162596,-7.73686262336295,168.378592725123,776.152267088488,6.24629395408254,5.19461083149998,4.10175072475571,0.358680524690685,16.0749005834208,0.427738224893745,-0.810512680028079,-0.00137986359444188,0.20868093304101,-0.127202314566422,6.22092677141246,-0.0111851695262915,1.88012803215491,-0.0130436355912999,2.42466961297456,-0.0633464455280881,-3.39922544112605,0.0575508418812659,-0.0491956604718378,-0.0115459696502489,0.37990243483447,"2019-11-01"
"46",10.085993579747,51.6268524067177,0.425700670237776,0.139054302054475,-1.16151231224337,-4.8090243537183,235.875943773765,661.020601116902,9.22273455392352,3.16314269909269,5.04530886042975,0.0632885294509034,10.2568520144698,0.0903662832396684,-2.69173100061542,-0.00567496966553942,-0.279316493134884,-0.0623469226383379,-2.20180465339736,-0.422969461785964,-3.28537713633866,-0.00381836014034992,0.818910440391598,-0.0630676708476629,-6.78902726550787,-0.573504136219934,-0.105007652288111,-0.0348519387136609,0.0214954360136521,"2019-12-01"
"47",10.0864428894882,54.7611516893139,0.282464853067716,0.0349978463893477,-1.51804380209411,-2.67643006227947,7.08360632360452,305.126063718959,7.69941508402174,-1.64995188455749,15.4529459241953,-0.251933291857273,8.89105117676701,-0.277539422455888,-2.79727447419539,-0.00624088345978792,-0.631854290258849,-0.0252181977428369,-6.87219912761956,-0.464580317366148,5.74035348759248,0.00558917725484869,-0.147012610861867,-0.0523340533602422,-3.58911517257725,0.375179657660027,-0.0839907639443704,-0.0516618148226065,-0.334475813851931,"2020-01-01"
"48",14.4727972792203,35.3478260391909,0.410258039124596,0.0955100019081962,-0.620119921578662,-4.39963278609381,-59.8802724895274,-20.5292397954349,4.44493933691743,-1.29950352578052,13.290790853872,-0.354178688590272,-9.50242325406998,-0.432924137362434,-0.777666803015792,-0.00224703047622705,1.42465969436885,-0.0442785271572953,-5.41073343799518,-0.119630874146068,-2.96316183943442,-0.0132771927655272,-2.31509020413147,0.19785851996792,-1.88592850653341,-0.666958001379258,-0.0727306127657869,-0.0599144630148153,-0.442164961671419,"2020-02-01"
"49",16.3301778844508,3.35945672343649,0.450010232041056,0.201920639117157,-2.08234530158297,-6.93559887650557,-164.133799442808,-182.959340949021,5.08547613638418,6.72450047752096,-12.8631500913533,-0.208982046521882,-40.2947385579736,-0.325608471751885,2.01475703385605,0.00254344253567559,5.18800514716793,-0.0245249948123009,-1.91572655995598,0.255857197009559,-1.08052565917198,-0.0106630279396088,1.70688971706816,0.33115166395993,-2.86752620365144,-0.586493525857177,-0.0982395153544523,-0.057556773555515,-0.281836228251289,"2020-03-01"
"50",13.9510995802349,-20.013902983211,0.167856280756385,0.248888207278378,-1.1158672404843,-8.13373668950157,127.251544219373,-204.190063952685,8.19009320439092,12.4837550701027,-34.226843661603,-0.01239435290554,-50.8684474451373,-0.122284434733289,3.591843296738,0.00304389915250339,7.22273533141176,0.133474604523693,-1.79893234725588,0.326271632821946,-0.513199841596439,-0.00244290739258467,6.02639559776267,0.207357626622921,-1.99144835674869,-0.318829440041476,-0.0674028053336115,-0.0429579925870125,-0.0565618918152059,"2020-04-01"
"51",11.3507769264114,-13.2814952407794,-0.170572722815087,0.190347524517116,-3.25748068959319,-5.87996858708081,182.767298982471,-128.657124479365,8.61825941639162,8.40611390454544,-24.8955218035221,0.0320642566451897,-31.2861299686403,-0.0321190381203177,3.23534229794934,-0.00149276000835011,6.05667461906557,0.363864181131807,-5.43735067443342,0.101339246736383,0.0825410269866337,-0.00924870547757376,3.37138181130649,0.182698053268858,-2.24083832579159,-0.207220971523068,0.0402176803219356,-0.0172948331934254,0.0241556937881425,"2020-05-01"
"52",12.908453711974,23.2801524253558,-0.0911057185865883,0.0793050923722108,-2.40170828977126,-2.80302352632938,299.579644648325,74.1434145734819,7.32183941422055,0.586555467358303,-5.10215588884252,-0.0362613976994407,-11.5212324929714,-0.0515818916230377,1.95514212144186,-0.00723702320709467,4.1795622003947,0.458769507066588,-8.60308383332835,-0.107535155145015,1.18526585039635,-0.00398508528159022,2.91386942430593,0.218079620357338,-7.10924426683464,-0.0509309992534383,0.105252121011361,0.0155572774198583,-0.00525979565827015,"2020-06-01"
"53",17.842042657322,63.8898340791178,0.422005381563545,0.00337419843366103,-0.897594582778661,-1.72931301827304,267.821972064822,401.916583356815,7.56411702511198,-1.60365581282837,-4.73998116742356,-0.00245493185871919,-14.6305471425052,0.00409733689573356,1.36187981369497,-0.0101469208707294,3.90184917684024,0.29598179618914,-8.12531432019553,-0.060831496084212,-4.03975581941906,-0.0108339221001077,3.74714849852147,0.0115210596651003,-9.26301903539127,-0.556856660366583,0.0861715663135432,0.049962516818401,0.0486575329150309,"2020-07-01"
"54",21.173354406379,75.2926385864638,0.87584273960728,0.00401236715335677,-0.28000742048896,-3.12513305053355,541.362699173683,735.891087300293,5.79976502803821,-0.128816169894702,-8.98510406037856,0.235167108320102,-18.4664737414705,0.237736954064301,2.00464580726954,-0.0103410867796302,3.67658904740341,0.00342268015276491,-5.52681221824352,0.13693040166652,-3.58634157045014,-0.0156150642598068,2.56370152087345,-0.187967936426875,-3.59206965547101,-0.454397491341893,0.0680033492192305,0.0773159651091138,0.27541282140807,"2020-08-01"
"55",15.2631645346305,41.1107329025122,0.843141077349529,0.0466905253420872,-0.114075517027766,-6.20305662511243,447.229728109398,840.92908109737,-2.92412091138022,-2.79875578511392,13.7604845931997,0.502576686297553,13.2142501384123,0.506330473621432,2.83633982175871,-0.0110548933846661,0.721405925637131,-0.173314346184358,-4.4802014553063,0.172193133092346,5.64999768463929,0.00305931296355324,3.3105045779639,-0.10737496106206,0.821997588374719,0.83509003751539,0.0920516494590585,0.0886482218568151,0.502073035822279,"2020-09-01"
"56",-4.6715422697643,-21.4174056128615,0.356964125464071,0.0379576005006203,2.47668647538246,-6.96264323608624,141.284345833616,572.222598608596,-14.2518261113104,-8.77446210888189,51.7451882322328,0.527059870123388,71.1137573215959,0.554711293072537,2.29679285972675,-0.013924289849872,-4.25110066924411,-0.137027405730592,-6.10542125177231,-0.105248369334182,4.49743067432347,-0.00291218074293983,-1.54407433397288,-0.0486567372997636,-2.94313138628535,0.436712112619529,0.0752858712979813,0.0749918562939768,0.471559063144356,"2020-10-01"
"57",-31.0697211394284,-75.1862835321143,-0.274219444722689,-0.0520383384367759,7.43449326378622,-4.22280909416437,-478.282721720004,34.7161600928818,-19.6200934723085,-11.7478636829575,63.7260488960967,0.249748154288661,99.9411566508552,0.292729140818988,0.0527393948524178,-0.0166784969396126,-7.65925116200191,-0.00409135249176429,-8.07718207111888,-0.504402275594498,-2.32881788462057,-0.0131617222082141,-9.79522440647206,-0.11123878980907,-6.90530165957482,-0.330285343559454,-0.0252730757667051,0.036761497813607,0.145790891148957,"2020-11-01"
"58",-53.0670215228323,-90.7634390776554,-0.748694372638446,-0.201093175888567,4.40659149437956,2.01086513646711,-642.162750187638,-457.406308268869,-18.4457849996401,-11.9917131829543,41.2269086584142,-0.101518058134773,67.5352637000099,-0.0848020379567908,-2.41279776205377,-0.0161585051392738,-7.89282713302021,0.0764355995644231,-8.09441881963008,-0.703638686929442,-2.36784926896465,-0.00437137063277337,-9.87677523477314,0.0282740822257009,-4.8392367296149,-0.43692713301575,-0.102216682375533,-0.0184830802899861,-0.223283955178389,"2020-12-01"
"59",-62.5626650238215,-65.7972580255266,-0.855819686447831,-0.341226913547625,1.4548208742182,7.95821094864052,-737.412794292037,-660.522308605322,-15.825901330472,-12.3054715615788,12.8091664423385,-0.266804731080973,8.02918746978448,-0.293421332392879,-3.20956604368268,-0.0126821770988237,-6.92878806809907,0.0904405751846911,-6.86656326388072,-0.596069275998168,-2.00006717570783,-0.00817698474190937,-8.20400503431991,0.266106557554945,-2.57971940614975,-0.360942908331072,-0.0914308876038629,-0.0727161312276586,-0.370341927369307,"2021-01-01"
"60",-58.3863945602071,-24.0529516028872,-0.503589617712261,-0.42150954216775,0.767380513024146,10.4175528711918,-673.082782446169,-592.556495427178,-12.0546341124245,-9.16083822405082,-5.11959969602847,-0.218678741008729,-28.2690733123756,-0.267189361328491,-1.92020211332674,-0.0100982570007431,-6.72152861645619,0.112223436928883,-6.75756995421981,-0.369120740354009,-4.37250433445078,-0.0050877938686419,-6.65571196377375,0.254105112770776,-4.17136949814642,-0.725948039349508,-0.0688344376451443,-0.107579359595032,-0.281664469049836,"2021-02-01"
"61",-45.6270616398041,4.90483904037615,0.14464152949202,-0.45204269851723,5.56706441226519,8.34764474765443,-792.092899671267,-461.183678717321,-4.31750929559868,0.368499212046345,-19.0387058467468,-0.132244071432152,-35.7844095797679,-0.166843285735634,0.176031383636008,-0.0113242116615163,-6.22890002328478,0.156455997931914,-8.09642319023221,-0.253995864948763,3.47722253375983,-0.00335147637184932,-1.55594988085099,0.181834750305031,-5.34917678031259,-0.0285278402390732,-0.0859060503363221,-0.111044423922568,-0.153329751012034,"2021-03-01"
"62",-33.9494205583545,7.54740898436561,0.640340392904297,-0.467102562106004,2.75180088184629,2.40902629910605,-511.009172014681,-415.735780176149,4.33830722661114,9.20741747970773,-29.2741315070366,-0.1339647680272,-40.3848951668844,-0.146434852529979,1.32381554031944,-0.0151260332970567,-3.44391291935083,0.153513476566671,-8.56264973041244,-0.297117261062336,-0.488390580546111,-0.0208819404220278,-0.274717644817305,0.262224052334013,-4.84751953120189,-0.435975255398819,-0.0727272428755789,-0.0795157395375549,-0.125554704513542,"2021-04-01"
"63",-27.9309245181562,-8.76263727122536,0.566183562393243,-0.499929657296548,0.647629594577065,-2.88446052287006,-252.628999350223,-426.991128697656,7.86625472711767,8.27331614555501,-27.6487371144818,-0.167914505531545,-50.5579451500349,-0.202425883010492,0.938519152334862,-0.0174129435828954,0.684986625940365,0.0601572987958441,-6.63136075460659,-0.361473047728156,5.39588143006834,-0.0145987159519746,0.057076595208701,0.204410544248775,-6.30624583214404,0.148672616777192,0.018143036966438,-0.0213533563238167,-0.166192372706849,"2021-05-01"
"64",-25.8788342980992,-27.4206294948578,0.00688820265863188,-0.518399292452669,0.412498193145566,-5.41184584092911,-25.1752966814761,-369.092512650863,6.88593945615439,0.306300980820418,-19.3031018653886,-0.100957987337797,-49.0131286725843,-0.211301820345323,0.0688567214301226,-0.0154873929924091,2.69800648620239,-0.0684417380653621,-4.24950717798894,-0.309270179187887,2.00814885231386,-0.00628141669581632,3.14639085269313,-0.0504109339789927,-8.65135835404547,-0.097489315567095,0.0927648181770132,0.0450081216304757,-0.13915176928702,"2021-06-01"
"65",-22.5751047605882,-37.1222133877964,-0.515884958528545,-0.448280722444897,3.05978694286154,-4.65182803406852,-224.175854965303,-211.008319350723,6.72884909449463,-4.37015435063085,-15.8190333178438,0.0894643558298458,-25.3383768233138,-0.0952299149453756,0.27127220324368,-0.0106864798554038,1.24796294415571,-0.146723012952639,-4.60462636763143,-0.144507239419272,-2.10170865788155,-0.0172428603587289,1.2160986693164,-0.143052095137854,-8.32320668667342,-0.570708876390291,0.0893735770794307,0.0987053201100134,0.00194514371815226,"2021-07-01"
"66",-11.5668166156104,-38.0982482949725,-0.615530109224461,-0.247178900580782,-0.310359413543853,-2.52841572641857,-135.033955428161,-58.0568299686178,7.40067022719772,-3.57031995803903,-13.3416138356292,0.291242617862408,3.96396060270675,0.100673624060084,1.96731688899906,-0.00652207236717554,-0.980601731882595,-0.169758940381549,-7.4783719997561,0.021941320238669,2.31920896335662,-0.0143452900294385,-0.409024731035106,-0.124108812119349,-7.58574775099356,-0.00379823086577717,0.0750710408750489,0.12179520347541,0.181434660796223,"2021-08-01"
"67",4.27649229975368,-35.2082198534134,-0.372460357736376,0.0609691413225061,-3.12466178759247,-0.79362649318962,95.7835639104306,-8.12403824353348,3.73177547855431,-4.10701529240621,-1.75255188821946,0.384441575388274,18.8934060960895,0.255932690002114,3.88481374504522,-0.00454374084469858,-1.14524524247624,-0.196578258871498,-8.54134867974875,0.104191188600916,1.4087651657298,-0.0161364297238518,2.6295796112287,-0.270065034701132,-8.50518533243508,-0.0682247112989426,0.0860529007415841,0.107157854655334,0.282608623219364,"2021-09-01"
"68",14.2294109456842,-28.8532242006289,-0.0856187091474454,0.335308395269115,-3.12332347011085,-0.59937666354072,461.258784562944,-23.5759942041487,-3.83083152696827,-8.15446388626637,13.0654991133165,0.349824132694913,26.313299790775,0.295924605921175,4.22684011533275,-0.00290918662096269,-0.155048259246261,-0.233947556459673,-4.35979859318567,0.104077376544046,-4.12477173095468,-0.0165152700894284,1.78052943433679,-0.366744870922882,-6.63936787740169,-0.735747187686442,0.0670379474558664,0.0625303717482288,0.273453043218797,"2021-10-01"
"69",10.1035035872358,-16.4241821090984,0.132616621714272,0.428223446848628,-2.17407478005429,-2.64481626688165,323.825447945034,9.72068335020745,-8.14345246524343,-10.3463771428749,18.5134750782076,0.232518729322224,42.5334821528297,0.233395141275329,2.42640640263617,0.000502899211032048,-0.654337864594393,-0.212794295943076,2.7230651468559,0.0539597981609966,-1.42963694820575,-0.000629616923993031,-0.675497992764423,-0.212401340430297,-1.84375765130985,-0.21749288025152,-0.018080650041648,-0.000152932719148482,0.188109072040469,"2021-11-01"
"70",-3.7070358846272,1.7414355186992,0.398895384643162,0.295692696381364,-1.51142853507414,-4.99814866858497,189.291797009257,113.164706249058,-7.04971779904531,-8.07624041903405,15.2554276384023,0.0656201926464506,55.1216250388501,0.10009893048522,-0.272939903249587,0.00465265972339848,-2.47238190102333,-0.102317662155235,6.41712291949044,-0.0352217423918945,-1.3115525184788,-0.00589461600380254,-2.38699535812222,-0.110226034053567,-1.9770456459683,-0.430595334005986,-0.0881958269754555,-0.0627355664295765,0.0597017320498481,"2021-12-01"
"71",-18.0424624076718,17.7787586874936,0.722693372142375,0.0323551444416303,-1.6088707405583,-6.64200496467887,52.5601886803579,177.819061842443,-5.37132749840594,-4.15997655084571,9.33995374908586,-0.124317243644594,35.2141924797797,-0.0666908551014397,-1.89742036787933,0.00643104707073438,-2.75054672649201,0.0254492711394653,3.79095257685835,-0.129816667089016,-4.94452526914269,-0.0108170667220465,-5.7529301458732,-0.145214385530828,-6.4409832949546,-0.709590347750365,-0.0841585697029905,-0.107035111789021,-0.0960588634115499,"2022-01-01"
"72",-22.2777397265814,21.4083620923738,0.830536189422894,-0.188010191664643,-0.119556754160222,-6.8891839364748,121.532579308021,104.585395200842,-3.85323979534454,0.731385479890307,-6.64150901030696,-0.266312003786747,-16.660236824867,-0.197955230510799,-1.37922099284973,0.00485709283740484,-0.329285180164936,0.0771280853264697,-0.755193676182022,-0.134565930780974,-2.27521862533024,0.00317725343879962,-2.45910627582368,-0.0123187209923551,-3.97344855343852,-0.498812983273022,-0.0734399219141996,-0.120640542456324,-0.211201258294624,"2022-02-01"
"73",-13.1057937824023,11.1937438134676,0.47791076589977,-0.241128203087529,-4.27930609244048,-6.63323352921342,-133.062515452072,-47.1515449339435,1.69905130250142,9.16818618316007,-33.2874909512362,-0.270904423123092,-57.7003994159346,-0.215600971690017,0.592545913935296,0.00262480459128596,2.39432744954071,0.0378736824189799,-0.414108780608137,0.0104782640890425,1.35604266328496,0.00400071111900883,5.03715210007889,0.191701401966127,5.9760467357301,0.149138111794437,-0.092198555393351,-0.0999707294602522,-0.207702349333504,"2022-03-01"
"74",3.12643482184223,-3.28501377783964,-0.145376443174358,-0.124992047819691,-4.07334500294685,-6.47136025224186,-256.583964088716,-90.8064745663468,9.02095776243609,17.3739541823016,-41.5265018276119,-0.136587348377319,-48.818702666667,-0.117057675861796,2.32960031643513,0.00329651761306474,2.78875338508464,-0.0282280480550978,6.08974394888047,0.221388428798992,4.11093714465046,0.00606573834777641,5.2272875090895,0.164757532234996,9.51167094833415,0.576129326041624,-0.0740959226065317,-0.0514920720531847,-0.0840159786954236,"2022-04-01"
"75",17.6405066294096,-7.13164134976436,-0.481277005150066,0.0455590575113723,-3.18538334896757,-5.82175259576445,-200.835563724645,101.542383927102,9.78310720126867,15.7394434263238,-11.4528046881655,0.0232876023009245,-5.69223898591349,0.022731173328319,2.97950643100315,0.00799213418232976,1.56889781149291,-0.0499163272836521,13.1698659815366,0.363401122460198,7.30431611466611,0.00780799974377241,3.12024190650732,0.109641116031483,3.24372795471171,0.853056053126788,0.0200610781988267,0.0104505568146914,0.0620037058131346,"2022-05-01"
"76",22.1434007031607,5.89759591065203,-0.181435406005946,0.134906159733961,0.380282498179984,-5.14047992732235,191.724610600415,438.400059311613,3.52369644466976,5.01935707022825,22.6102628331304,0.093392560458122,17.4620473565979,0.110692598301353,3.3755861846842,0.0147782022077884,1.47960848187879,-0.0053709807815273,14.8006933997879,0.430093613899993,-5.2527200380299,-0.00218983624978549,1.70430703904543,0.216344294278187,1.14380002679885,-0.353251626092652,0.0950311798719336,0.0697356909489383,0.139201864847462,"2022-06-01"
"77",14.344933537983,25.3571807590735,0.496450464382123,0.0873912283303941,-2.42056663902154,-4.17585908639079,203.439008113568,666.761593042064,-1.42434018960465,-1.24514795025842,15.999290094417,0.110176060682678,-0.993605341408962,0.157531803131525,4.81252930807418,0.0203879530153062,2.94910184794493,0.0683227484110622,11.2435650105978,0.534189550635001,-0.147217967238728,0.00782842240604727,-0.0509821091537761,0.205268293977794,6.99356895643228,0.220403670971218,0.0801624865639591,0.106364735839275,0.183673887083444,"2022-07-01"
"78",0.424064611552779,32.9972469507385,0.855892749376548,-0.0478222308090974,1.62605006028207,-3.56485453919513,57.5524454628847,626.508841488911,-2.39348172318752,2.09051922864965,-11.1723351663007,0.217899994512603,-18.0013533669156,0.281251317569583,7.23595987352654,0.0224658652790723,3.21073913349032,0.105889676908708,8.34763940631864,0.726896135112724,2.82370896044324,0.0148965126708895,3.56533562872595,0.0353574579781687,9.11598708469075,0.683425217301589,0.065198091337346,0.112206740066361,0.314805017220388,"2022-08-01"
"79",-7.67274003748787,17.3165676606798,0.514971212591852,-0.137541712079716,7.10222283006235,-2.78175250061771,-101.058621795474,392.954194657222,-4.48565805740564,4.52657204028525,-7.95226305879776,0.441649841744336,4.91220518689568,0.50040373190076,8.96945989945741,0.0209460767369744,0.60402932355534,0.0702293423547172,10.0991883740533,0.89132632683373,0.119704297109051,0.00140370709956405,5.05110519571277,0.0217472374252063,5.50413481172934,0.165761172871043,0.0971382369215745,0.0865173055543011,0.526505000259584,"2022-09-01"
"80",-7.61708896084818,-12.9301283593671,-0.121109298549981,-0.0862630872977922,9.09784419142765,-2.72120203579296,111.813466171645,154.42068805474,-8.15936317601555,-0.670481285123797,20.8395897314332,0.596703814054361,42.1631271114835,0.651804793318573,8.2315997624425,0.0172202895503516,-2.40351468537695,-0.0145788753445512,13.7705180028597,0.834833289125639,0.626565672633084,0.00159045116836951,-0.784368256887393,0.0939487434353021,5.51145296549773,0.214636016778506,0.0872326178671569,0.0351505873563914,0.644024915651548,"2022-10-01"
"81",-0.644748818272741,-34.4633478042039,-0.365692706069155,0.108603230856292,0.969556802164018,-3.46629872286691,134.152328818303,43.7758981463855,-7.5917351310476,-6.18179713064029,29.3315411608837,0.482424613566059,44.7135569238896,0.562858340964902,4.72575582129549,0.0115762477890024,-2.51931061285155,-0.0883212781953106,13.4271983295731,0.45833512290134,2.28317542673948,0.00017446585332787,-2.32795498265953,0.00582834443738387,7.19619790745706,0.328984696596516,-0.0119293283513982,-0.0236749440461089,0.496141834702316,"2022-11-01"
"82",8.69297001032595,-33.4869671001211,-0.10276647456294,0.330107537702887,-2.23310685836805,-4.30505235399706,0.633278979703707,11.9361752252938,-1.77700661046433,-4.93280335777825,12.1542396659847,0.123533217101612,11.7556319499444,0.217454780105432,-0.0242930366890625,0.00318836123543557,-0.213999515527424,-0.085143004411957,6.96034458623896,-0.127095514263906,-0.766853118468171,-0.00353086382400723,-1.20547482984767,-0.039760623188087,2.07093979644772,-0.177609233585832,-0.102481630696446,-0.0723445497481535,0.114438672088793,"2022-12-01"
"83",15.0267428177716,-14.044578194123,0.167906890540308,0.431619295111505,0.322495750021376,-4.94308653311897,-251.005764942131,-30.2376636307311,2.89995958288221,-0.745226941648432,-0.115260378561541,-0.208650159796918,-19.5784109224701,-0.169944500864363,-3.78222673251065,-0.00699197192731725,1.44111797003322,0.0432292338885246,-1.77309644949174,-0.635239680177614,0.790327413773673,0.0018746863385788,-1.33032761627804,0.102813765618466,-4.81850270534196,0.0511099289305665,-0.0895398439293182,-0.0976502307381586,-0.24414324797469,"2023-01-01"
"84",15.3370174089673,4.66457077156759,-0.023550197537394,0.338868796592172,-0.1030185479095,-5.04046037517216,-210.594566101879,-110.495051557916,3.43071255408024,1.98093194802661,-3.56301446175781,-0.26614982587714,-30.2599717262208,-0.31818172851122,-5.22291652492645,-0.0149784954868104,1.52633090926752,0.251580147426635,-7.16460957608451,-0.825847796331276,-0.905070338358473,-0.00859580197996535,1.93796096450201,0.148716675232779,-4.63522956044207,-0.416396097419667,-0.0559443852027644,-0.0937282463847145,-0.310426426674623,"2023-02-01"
"85",13.0526678048743,4.90493211944088,-0.532312164454412,0.114970347042018,-1.8355216607087,-5.36006332727084,-227.639060322735,-160.859147125338,5.04269684697773,6.18723798288319,-17.9324148338883,-0.0832574354664329,-37.1140101850421,-0.17060795523773,-5.05150472156253,-0.0176136233606008,2.32749356979382,0.373072555013468,-7.78730781888587,-0.758860780073933,-1.46212039720906,-0.0143087064734842,1.91880736457464,0.0521932003440629,-1.62644236591733,-0.244801961143529,-0.0849225701250104,-0.0651476182086451,-0.104597168251128,"2023-03-01"
"86",13.7572080264759,-12.3628669213934,-0.735883467807209,-0.0864604755959497,-1.98147317975024,-6.23996026554843,-272.374951210198,-158.879708185574,10.5241414429765,11.9888295744129,-33.7110164665232,0.0814387612642538,-50.1934582935181,0.0425077176451648,-4.68225336159921,-0.0150309991946493,5.17796725432003,0.298574251885364,-5.98380902136671,-0.676263885878943,2.6182643992066,-0.00348468470461525,0.473271456497253,0.0815831979020112,-4.06428606818989,0.0385731063770999,-0.100024696747447,-0.0230826517823594,0.107166607336782,"2023-04-01"
"87",20.8409086703348,-31.3152344949247,-0.386496618243575,-0.160725394376839,5.17274953124124,-7.08367992825078,-248.032051151798,-170.455556480641,12.8077059249298,11.8833546897702,-24.5168876933769,0.0750908490582099,-47.3417121904958,0.113856915365019,-4.58428838419403,-0.0099821182638973,7.70331498959799,0.116195228377938,-3.55170254314393,-0.690808557156847,-2.82094484393021,-0.00646835973392463,4.43885046380642,0.139328264122602,-7.69894984976371,-0.522681043585069,-0.0135230017335905,0.0210332277951373,0.14131604608622,"2023-05-01"
"88",33.6938492116715,-36.311524686113,0.0625686961454292,-0.0710986467614472,2.11717797975246,-7.21937215081438,205.789669148936,-281.209332659815,7.05750235602085,3.41771225993796,0.243622617031363,0.0092354924991461,-14.1558582341908,0.0834222384312585,-4.04959901951014,-0.00523531601005093,6.80999527978485,-0.0262547886589146,0.0168246947770481,-0.660452856965775,-5.37336368943961,-0.00753574054838372,3.90667449000901,0.0145683171863431,-5.86788063467564,-0.725597408694457,0.103317666271093,0.0547132282625426,0.0994403771351311,"2023-06-01"
"89",37.2419503114141,-25.4419784278069,0.10351337584411,0.0555862422584742,1.60185404845286,-6.08231332368605,622.207727106589,-439.011988609323,0.788581449751518,-3.7573594038427,7.9321252330667,0.082852965128173,17.6873126000756,0.11224444367811,-2.44207449055897,-0.00234790690825782,3.01615454398502,-0.0877722474129809,4.68483153454517,-0.419715499091618,0.474337864938006,-0.00381503059885923,0.616692452770226,-0.0816012266685556,-3.20545761588564,-0.1894206037546,0.102420366828882,0.0716597315873499,0.155761319977846,"2023-07-01"
"90",26.6728961390179,-14.5277878988527,-0.214947293635805,0.131356372250707,-2.21520594104306,-4.45953109154283,621.648475786277,-507.793229941545,0.603029943524503,-1.91621952119064,0.382009395866607,0.338965499408165,15.3190410427379,0.312286255490951,-0.268890540696434,-0.0017089191409927,-0.3292640779128,-0.104141303808849,8.06240720530977,-0.0520551845273593,-5.65390362000424,-0.00825001064223615,1.95117764600896,0.00184978964313749,-3.76992583862092,-0.700448970193971,0.0459520936512873,0.0729740858730237,0.375892638813413,"2023-08-01"
"91",10.17664307969,-19.6224758116896,-0.464812524828746,0.154188328675195,-0.896505300441445,-3.03769553082944,197.881332413276,-378.842316139398,0.156656530415141,3.15118183006351,5.57915062345515,0.573599577446783,-1.12186599643896,0.558189850602224,0.963001309195995,-0.00286967744980845,-1.36600710755125,-0.0957741347051002,7.71100034724666,0.141814768462145,1.29720160960277,0.00233104813935508,0.605753612175931,0.0260232749132991,-1.64831965329179,0.0376200231869516,0.067964787718025,0.0612139797398533,0.57259056778282,"2023-09-01"
"92",-1.32503233840609,-40.6478215579271,-0.426629510980871,0.161585424637144,-3.8570478622669,-2.74380861130832,-122.81593630133,-133.146715892689,-6.43084801332208,0.605740406729433,23.5682515941633,0.576688089271287,15.0052986430169,0.651101117914773,-0.0154246142449272,-0.00511442767006457,-1.79314104378635,-0.0554200957890748,4.25112503736299,-0.0321763708760232,6.09417123973484,0.00928604412879523,-1.12849941462949,-0.00224134054961665,5.11231597517373,0.646713971805164,0.1017471793171,0.0371176135711628,0.569518874543167,"2023-10-01"
"93",-5.56869058705413,-61.6089610576095,-0.259844391796933,0.216746852626091,-1.22873251135584,-3.87387115814338,-222.49088239975,108.749558716185,-12.0642481428206,-9.50666496104017,37.121560657117,0.344123542793607,72.3226711647356,0.484894070868619,-2.81523379214305,-0.00754016115676009,-4.23394910817217,0.0185005727209845,1.32585821112506,-0.428162876359675,6.81681781158537,0.00172244181200339,-2.44127163704341,0.125963217381163,9.7696140618579,0.538610005470938,0.046933297364799,0.0120124999377495,0.322461342312964,"2023-11-01"
"94",-3.20769874107232,-64.2461639816056,-0.203365767722123,0.333416326714187,0.772882691418445,-5.5222443692118,-236.063814026415,150.841898989297,-10.7896308837976,-16.2990176239107,40.5495043134393,0.0615011370612319,112.801550655814,0.173881845573476,-5.61806747200268,-0.00930664132133281,-8.12423611152053,0.123230779996073,1.25325312561858,-0.749828928689845,4.35670491838046,0.00833398973579635,-9.60497865009526,0.28353801564991,8.5857946847789,0.277719948441505,-0.0755308792382319,-0.0169659107335401,0.00966504625534244,"2023-12-01"
"95",4.17371847572543,-43.7288109627151,-0.237187621188973,0.463664039217978,0.572744233739818,-6.35363869910124,-297.22218179309,21.2241500318977,-10.2192078636248,-13.7744055224965,36.1687942055461,-0.0985132886573932,84.7745220168254,-0.0417178020829856,-6.60735439671642,-0.00967303816438152,-9.76717773209824,0.221119291146408,2.01158567088344,-0.810150067140777,0.043606274754332,0.0085280166620566,-11.4419901630582,0.279694671710837,5.14517379415607,-0.109023210912386,-0.104300268474524,-0.0448798572045375,-0.158473599831515,"2024-01-01"
"96",2.9393002418279,-9.35836360283763,-0.122362844395821,0.506682555865441,-1.22784040303805,-4.25225304883398,-273.653807491858,-234.963481307041,-13.8740548112808,-6.94387474126672,16.0107327900146,-0.111360959692199,8.92255058334801,-0.0624242950305353,-5.11743318844571,-0.00772874537599457,-7.3274659974734,0.24766594266942,-0.0127611222164818,-0.584588972530506,-1.55141606715037,0.00389940613344672,-4.98042916902636,0.260709500506996,3.84715641247902,-0.254483775041608,-0.0488616235583518,-0.0655879485655696,-0.122592981871512,"2024-02-01"
