Date,MC TN (µM),AC TN (µM),AC FIU TP (µM),MC FIU TP (µM),MC N&N (µM),AC N&N (µM),MC NO3 (µM),AC NO3 (µM),MC NO2 (µM),AC NO2 (µM),MC NH4 (µM),AC NH4 (µM),MC SRP (µM),AC SRP (µM),MC DOC (µM),AC DOC (µM),MC Sal (ppt),AC Sal (ppt)
12/9/2008,35.515,,,0.505,2.122,,1.896,,0.226,,8.928,,0.036,,1461.667,,18.9,
1/13/2009,42.334,,,0.380,0.851,,0.738,,0.113,,5.527,,0.025,,1250.000,,26.2,
2/19/2009,,,,,,,,,,,,,,,,,,
3/24/2009,97.178,,,0.938,0.470,,0.300,,0.170,,5.770,,0.026,,1400.833,,33.7,
4/14/2009,87.205,,,0.333,0.599,,0.369,,0.230,,8.794,,0.036,,1298.333,,42.7,
4/24/2009,,50.320,0.629,,,2.094,,1.991,,0.103,,13.820,,0.183,,1856.667,,63.8
5/7/2009,49.215,,,0.249,1.160,,0.947,,0.213,,9.787,,0.060,,1260.833,,50.6,
5/19/2009,,47.800,0.544,,,2.418,,2.159,,0.259,,6.857,,0.108,,1611.667,,59.2
6/16/2009,94.525,,,0.607,0.333,,0.214,,0.119,,4.099,,0.031,,1392.500,,41,
6/22/2009,,94.455,0.819,,,0.321,,0.138,,0.183,,10.260,,0.019,,2113.333,,36.0
7/9/2009,96.973,,,0.500,2.717,,2.217,,0.500,,2.749,,0.163,,1797.083,,36.4,
7/20/2009,,64.508,1.299,,,0.133,,0.066,,0.067,,0.942,,0.058,,1523.333,,33.5
8/11/2009,121.096,,,0.294,0.550,,0.455,,0.094,,3.667,,0.009,,1837.500,,31.5,
8/20/2009,,115.043,1.069,,,0.894,,0.722,,0.172,,0.959,,0.032,,1405.000,,27.1
9/1/2009,42.475,,,0.595,0.688,,0.597,,0.090,,1.829,,0.043,,1930.833,,28.3,
9/23/2009,,86.482,3.173,,,1.070,,0.641,,0.429,,13.851,,0.084,,1476.667,,13.1
10/8/2009,,44.796,,,,1.328,,1.036,,0.291,,12.496,,0.024,,2846.833,,17.4
10/9/2009,155.413,,,0.719,1.146,,0.754,,0.392,,24.412,,0.042,,2018.500,,11.1,
11/19/2009,,87.494,1.527,,,0.105,,0.054,,0.051,,2.297,,0.058,,2035.000,,35.5
11/30/2009,124.456,,,0.269,0.490,,0.352,,0.137,,3.964,,0.050,,1364.167,,14.4,
12/16/2009,124.335,,,0.273,0.717,,0.624,,0.093,,5.875,,0.147,,1512.500,,12.5,
12/17/2009,,105.325,1.443,,,1.626,,1.571,,0.055,,0.955,,0.138,,2215.833,,18.8
1/21/2010,,149.408,0.785,,,1.015,,0.941,,0.074,,3.329,,0.090,,2021.667,,15.5
1/22/2010,94.716,,,0.652,1.425,,1.031,,0.394,,15.946,,0.082,,1188.333,,19.2,
2/11/2010,,,1.090,,,0.780,,0.675,,0.105,,5.817,,0.160,,2035.833,,14.6
2/22/2010,126.260,,,0.889,1.931,,1.591,,0.340,,20.515,,0.107,,1065.000,,17.6,
3/18/2010,186.469,,,1.874,0.887,,0.698,,0.189,,7.644,,0.128,,1125.000,,13.6,
3/19/2010,,,2.839,,,1.255,,1.098,,0.157,,5.289,,0.245,,2420.833,,15.7
4/9/2010,,,3.887,,,0.692,,0.382,,0.310,,6.906,,0.207,,2631.500,,26.1
4/20/2010,190.741,,,0.141,0.902,,0.716,,0.186,,8.106,,0.040,,1179.167,,25.3,
5/3/2010,98.328,,,0.301,1.193,,0.922,,0.270,,6.342,,0.014,,1124.167,,28.2,
5/6/2010,,80.251,1.086,,,0.480,,0.209,,0.271,,,,0.019,,1680.833,,43.7
6/9/2010,93.245,,,0.249,0.941,,0.745,,0.196,,7.737,,0.037,,1225.833,,30.4,
6/14/2010,,159.791,0.715,,,0.869,,0.481,,0.388,,67.368,,0.063,,1317.500,,42.2
7/13/2010,,167.411,0.808,,,0.721,,0.199,,0.522,,16.395,,0.123,,1600.833,,47.2
7/27/2010,72.995,,,0.391,0.623,,0.537,,0.086,,3.697,,0.032,,1253.333,,31.7,
8/3/2010,80.454,171.243,0.782,0.241,0.805,0.945,0.660,0.749,0.145,0.195,8.230,11.579,0.027,0.319,1330.000,1872.500,36,50.4
8/13/2010,,,,,,,,,,,,,,,,,,
9/3/2010,81.000,195.611,1.467,0.406,0.749,0.297,0.545,0.162,0.204,0.136,7.001,1.120,0.077,0.217,1340.000,1981.667,24.6,30.7
9/14/2010,,,,,,,,,,,,,,,,,,
10/7/2010,37.264,,,0.255,2.437,,1.402,,1.035,,8.735,,0.014,,1200.833,,5.6,
10/22/2010,,154.731,1.917,,,0.561,,0.327,,0.234,,2.290,,0.205,,2005.833,,9.6
11/18/2010,61.530,,,0.400,2.311,,2.200,,0.111,,4.288,,0.082,,1160.000,,7.4,
11/23/2010,,134.255,2.661,,,2.298,,2.034,,0.264,,3.904,,0.252,,1645.833,,11.5
12/6/2010,61.274,,,1.028,2.604,,2.534,,0.070,,9.158,,0.131,,900.000,,9,
12/20/2010,,99.169,1.768,,,0.598,,0.494,,0.104,,3.578,,0.200,,1746.667,,11.6
1/18/2011,72.585,,,0.405,0.685,,0.630,,0.055,,9.569,,0.139,,690.250,,16.5,
1/21/2011,,120.779,1.176,,,0.334,,0.257,,0.077,,6.126,,0.072,,1114.167,,10.2
2/4/2011,,124.448,2.654,,,0.461,,0.386,,0.074,,7.941,,0.210,,1390.833,,10.0
2/22/2011,78.069,,,0.373,0.550,,0.509,,0.042,,13.401,,0.051,,819.667,,24.2,
3/7/2011,,248.684,3.393,,,0.545,,0.465,,0.080,,4.513,,0.164,,1618.333,,28.0
3/10/2011,76.820,,,0.365,0.235,,0.200,,0.034,,2.838,,0.049,,867.500,,29.3,
4/12/2011,84.934,,,0.309,0.663,,0.632,,0.032,,3.098,,0.411,,945.833,,35.84,
4/21/2011,,200.632,1.192,,,0.519,,0.434,,0.085,,48.062,,0.348,,1635.000,,51.5
5/3/2011,,,,,,,,,,,,,,,,,,
5/10/2011,107.469,,,1.095,0.301,,0.267,,0.035,,6.969,,0.494,,1285.833,,43,
5/17/2011,,121.525,0.626,,,0.904,,0.861,,0.043,,14.432,,0.104,,1300.833,,56.4
6/9/2011,79.678,,,0.186,0.479,,0.446,,0.032,,1.956,,0.067,,1228.333,,47.6,
6/14/2011,,,,,,,,,,,,,,,,,,
6/22/2011,,90.950,0.862,,,1.058,,1.012,,0.047,,2.275,,0.118,,1147.500,,70.8
7/14/2011,126.641,,,0.416,0.767,,0.703,,0.064,,26.286,,0.040,,1205.000,,35,
7/15/2011,,141.660,0.700,,,0.115,,0.016,,0.099,,12.609,,0.033,,1715.000,,36.7
8/2/2011,,,,,,,,,,,,,,,,,,
8/10/2011,95.899,,,0.119,0.174,0.726,0.127,0.573,0.047,0.153,2.523,1.808,0.127,0.046,1385.833,1700.000,37,46.2
9/6/2011,146.876,,,0.606,0.083,,0.014,,0.069,,1.279,,0.106,,1383.333,,39.8,
9/7/2011,,140.074,1.528,,,0.160,,0.052,,0.108,,3.593,,0.049,,1796.667,,41.5
10/4/2011,123.385,,,0.739,0.524,,0.445,,0.079,,6.849,,0.525,,1603.333,,28.5,
10/14/2011,,112.394,0.588,,,0.182,,0.095,,0.095,,15.166,,0.257,,1691.667,,35.1
11/8/2011,85.234,,,1.813,1.010,,0.859,,0.151,,7.677,,0.135,,1526.667,,13.4,
11/15/2011,,189.287,1.571,,,1.046,,0.010,,1.036,,0.211,,1.103,,2790.333,,29.2
12/19/2011,11.170,,,0.801,0.955,,0.898,,0.057,,4.891,,0.124,,1415.833,,15,
12/20/2011,,163.353,1.922,,,0.358,,0.306,,0.053,,3.406,,0.081,,1714.167,,27.0
1/9/2012,103.255,,,1.042,0.930,,0.895,,0.035,,5.674,,0.163,,1427.083,,20.4,
1/10/2012,,253.736,21.078,,,0.732,,0.690,,0.042,,6.906,,,,2544.000,,30.7
2/17/2012,,139.594,0.666,,,0.238,,0.206,,0.032,,7.660,,0.071,,1698.333,,36.8
2/28/2012,84.815,,,0.507,0.482,,0.447,,0.034,,4.361,,0.047,,1164.167,,25.3,
3/19/2012,,,,,,,,,,,,,,,,,,
3/20/2012,84.532,117.266,0.442,0.238,0.142,0.374,0.121,0.343,0.021,0.031,5.540,14.623,0.035,0.075,1156.667,1405.833,32.5,42.2
4/24/2012,88.828,166.893,1.112,0.546,0.520,0.908,0.479,0.813,0.041,0.095,3.316,19.461,,0.070,1095.000,1834.167,29.7,44.6
4/25/2012,,,,,,,,,,,,,,,,,,
5/15/2012,94.205,146.848,1.170,0.429,0.705,0.442,0.691,0.394,0.014,0.048,4.118,8.605,0.037,0.020,1162.500,1808.333,24.6,28.5
5/16/2012,,,,,,,,,,,,,,,,,,
6/21/2012,,,,,,,,,,,,,,,,,,
6/28/2012,91.237,89.048,1.252,1.451,0.783,0.221,0.724,0.150,0.060,0.070,1.529,5.491,0.022,0.007,1142.500,1120.000,19.2,29.4
7/17/2012,76.676,171.419,1.823,0.617,0.924,1.042,0.782,0.680,0.142,0.361,5.332,5.596,0.073,0.130,1430.000,2926.000,13,15.0
7/18/2012,,,,,,,,,,,,,,,,,,
8/14/2012,70.796,165.629,1.934,0.449,0.590,1.120,0.543,1.010,0.047,0.110,4.705,7.356,0.045,0.022,1350.833,2947.000,9.8,16.9
8/15/2012,,,,,,,,,,,,,,,,,,
9/5/2012,63.192,142.208,2.263,0.698,0.358,0.519,0.183,0.034,0.175,0.485,5.205,5.633,0.098,0.156,1216.667,2581.000,8.1,14.0
9/12/2012,,,,,,,,,,,,,,,,,,
10/2/2012,50.388,152.644,1.835,0.722,0.469,0.282,0.329,0.136,0.139,0.146,3.117,6.892,0.085,0.095,999.167,1915.833,8,13.1
11/7/2012,68.050,98.320,1.285,0.478,0.346,0.716,0.236,0.552,0.110,0.165,3.701,2.432,0.058,0.079,1262.500,2061.667,9,14.8
12/11/2012,84.408,105.815,0.871,1.826,0.254,0.233,0.194,0.161,0.060,0.071,3.323,5.422,0.018,0.036,1200.833,1782.500,20.2,26.4
1/15/2013,71.254,108.363,1.678,0.954,0.751,0.281,,,,,4.154,2.966,0.048,0.022,1220.000,1443.333,19.9,34.1
1/16/2013,,,,,,,,,,,,,,,,,,
2/5/2013,81.748,130.506,2.119,0.694,0.688,0.239,0.619,0.117,0.069,0.122,2.995,2.806,0.049,0.028,1141.667,1592.500,19.7,31.7
3/5/2013,,,,,,,,,,,,,,,,,,
3/7/2013,79.843,161.552,2.863,0.651,0.908,0.257,0.852,0.056,0.057,0.201,4.384,1.702,0.013,0.221,1148.750,2182.000,19.7,34.2
4/2/2013,75.680,114.539,1.145,0.528,0.547,0.322,0.502,0.286,0.045,0.036,5.340,11.122,0.093,0.035,1085.000,1454.167,24.8,46.6
4/3/2013,,,,,,,,,,,,,,,,,,
5/7/2013,,,,,,,,,,,,,,,,,,
5/9/2013,66.784,86.197,0.477,0.300,0.307,0.357,0.278,0.329,0.029,0.028,5.762,15.720,0.028,0.013,1131.250,1623.333,28.2,39.5
6/3/2013,68.801,156.534,1.957,0.758,0.478,0.350,0.412,0.130,0.066,0.220,7.401,5.409,0.044,0.069,964.167,1956.667,17.2,19.2
6/4/2013,,,,,,,,,,,,,,,,,,
7/8/2013,52.850,154.228,2.026,0.620,0.898,0.338,0.770,0.080,0.128,0.258,7.272,8.733,0.119,0.601,1156.667,2246.667,9.5,11.5
7/9/2013,,,,,,,,,,,,,,,,,,
8/6/2013,50.891,139.390,1.333,0.345,0.893,0.485,0.838,0.356,0.055,0.129,7.825,9.293,0.045,0.089,1142.500,2065.833,3.9,7.6
8/15/2013,,,,,,,,,,,,,,,,,,
9/3/2013,59.077,,,0.328,0.575,,0.488,,0.087,,2.253,,0.071,,1064.167,,5,
9/4/2013,,,,,,,,,,,,,,,,,,
9/13/2013,,94.542,1.312,,,0.579,,0.448,,0.131,,8.397,,0.046,,1639.167,,8.6
10/28/2013,47.511,74.055,1.334,0.448,0.491,0.511,0.426,0.413,0.065,0.098,3.140,4.123,0.064,0.107,1124.167,1606.667,7.7,10.5
11/18/2013,49.923,73.485,0.455,0.270,0.959,0.304,0.823,0.279,0.136,0.025,5.892,6.690,0.112,0.009,845.833,1074.167,10.1,28.6
12/10/2013,42.202,83.679,0.935,0.308,0.445,0.427,0.384,0.325,0.061,0.102,3.042,1.991,0.047,0.061,973.333,1449.167,10.3,10.0
12/17/2013,,,,,,,,,,,,,,,,,,
1/15/2014,40.201,122.273,1.697,0.302,0.734,2.026,0.613,1.981,0.122,0.045,8.031,57.243,0.115,0.034,987.500,1354.167,11.9,17.1
2/4/2014,40.585,114.616,4.317,0.448,1.195,0.782,1.136,0.728,0.059,0.054,4.929,79.262,0.018,0.034,738.333,1183.333,19.3,23.8
2/5/2014,,,,,,,,,,,,,,,,,,
3/11/2014,55.292,137.387,2.790,0.489,2.115,0.508,2.087,0.474,0.029,0.035,18.729,64.104,0.272,2.029,855.000,1372.500,18.2,27.0
3/12/2014,,,,,,,,,,,,,,,,,,
3/14/2014,,,,,,,,,,,,,,,,,,
4/15/2014,49.253,88.892,0.935,0.420,0.463,0.317,0.441,0.250,0.022,0.067,3.644,28.028,0.026,0.094,970.000,1715.833,28.6,42.0
4/16/2014,,,,,,,,,,,,,,,,,,
5/5/2014,,,,,,,,,,,,,,,,,,
5/6/2014,51.780,143.428,0.905,0.444,0.558,0.885,0.519,0.730,0.039,0.155,5.683,48.490,0.040,0.047,985.000,1363.333,31.8,46.3
6/10/2014,57.258,94.641,1.596,0.373,0.625,1.067,0.605,1.022,0.020,0.045,19.121,39.711,0.024,0.161,939.167,1332.500,40,53.5
6/11/2014,,,,,,,,,,,,,,,,,,
7/14/2014,,,,,,,,,,,,,,,,,,
7/15/2014,61.861,110.960,1.789,0.425,0.834,0.518,0.816,0.409,0.018,0.109,5.148,2.358,0.006,0.110,990.833,1420.000,34.2,43.7
8/13/2014,57.943,112.833,2.216,0.513,0.353,0.094,0.335,0.039,0.018,0.056,4.290,1.852,0.086,0.104,1113.333,1509.167,32.2,33.3
8/14/2014,,,,,,,,,,,,,,,,,,
9/9/2014,,,,,,,,,,,,,,,,,,
9/10/2014,75.807,161.777,2.021,0.952,0.323,0.116,0.298,0.039,0.025,0.077,1.726,2.129,0.057,0.113,1307.500,1906.667,29,36.1
10/8/2014,104.401,168.127,1.498,0.550,0.465,0.225,0.434,0.136,0.030,0.088,2.544,4.898,0.087,0.061,1351.667,1894.167,27.8,33.2
10/9/2014,,,,,,,,,,,,,,,,,,
11/17/2014,,,,,,,,,,,,,,,,,,
11/18/2014,79.862,122.481,1.208,0.601,0.741,0.262,0.613,0.239,0.128,0.023,4.017,5.626,0.397,0.072,1425.417,1625.000,22.6,31.2
12/16/2014,88.933,134.954,1.045,0.658,0.814,0.184,0.661,0.176,0.153,0.009,3.870,5.522,0.195,0.008,1280.833,1650.000,28.2,36.6
12/17/2014,,,,,,,,,,,,,,,,,,
1/8/2015,60.007,,,0.636,0.896,,0.832,,0.064,,2.585,,0.245,,1204.167,,22.3,
1/22/2015,,146.609,2.383,,,0.259,,0.170,,0.089,,2.360,,0.086,,1842.917,,31.4
2/12/2015,,,,,,,,,,,,,,,,,,
2/13/2015,68.308,177.199,1.969,0.573,0.439,0.449,0.407,0.213,0.032,0.236,1.775,2.606,0.051,0.017,1247.500,2062.500,29.8,29.9
3/12/2015,,,,,,,,,,,,,,,,,,
3/17/2015,93.071,132.071,1.670,0.370,1.210,0.358,1.199,0.300,0.011,0.059,22.076,1.908,0.007,0.083,1167.500,1618.333,37.4,45.4
4/9/2015,100.000,,,0.560,0.980,,0.960,,0.020,,16.090,,0.020,,1312.500,,38.4,
4/10/2015,,,,,,,,,,,,,,,,,,
4/20/2015,,103.406,0.681,,,2.565,,2.504,,0.061,,5.860,,0.108,,1307.500,,49.2
5/5/2015,,,,,,,,,,,,,,,,,,
5/7/2015,,99.947,1.846,,,0.369,,0.305,,0.063,,3.107,,0.064,,1673.333,,44.0
5/11/2015,71.313,,,0.652,0.427,,0.379,,0.048,,3.714,,0.027,,1229.583,,42.4,
6/3/2015,58.2611,65.768,1.373,0.257,0.579,0.094,0.540,0.033,0.039,0.061,8.326,2.490,0.188,0.558,1171.667,1759.167,50.4,65.9
6/4/2015,,,,,,,,,,,,,,,,,,
7/2/2015,,212.857,1.129,,,1.571,,1.571,,,,4.000,,,,2225.000,,75.0
7/8/2015,164.286,,,0.645,0.571,,0.571,,,,5.071,,,,1525.000,,56.1,
8/12/2015,142.143,231.429,1.813,0.461,,0.357,,,,0.214,3.643,18.357,,0.161,1475.000,2266.667,55.8,51.0
8/13/2015,,,,,,,,,,,,,,,,,,
9/8/2015,,,,,,,,,,,,,,,,,,
9/9/2015,145.714,227.857,2.572,0.817,1.643,,1.500,,0.143,0.786,8.571,12.500,,,1800.000,3016.667,32.5,27.0
10/14/2015,,,,,,,,,,,,,,,,,,
10/15/2015,161.429,205.714,2.170,1.202,1.143,0.929,0.929,0.500,0.214,0.429,2.714,8.357,,0.065,2058.333,2425.000,26.4,25.4
11/9/2015,,,,,,,,,,,,,,,,,,
11/11/2015,,243.571,2.226,,,0.571,,,,0.714,,5.214,,0.419,,2716.667,,32.6
11/12/2015,172.143,,,1.097,0.571,,,,0.571,,1.857,,0.258,,2333.333,,25.7,
12/8/2015,,,,,,,,,,,,,,,,,,
12/9/2015,145.714,,,1.012,0.357,,,,0.286,,3.714,,0.065,,1933.333,,16.3,
12/10/2015,,220.000,2.383,,,0.357,,,,0.286,,3.786,,,,2316.667,,18.8
1/12/2016,,,,,,,,,,,,,,,,,,
1/13/2016,159.286,,,1.039,,,,,0.357,,1.714,,0.129,,2050.000,,16.26,
1/25/2016,,261.429,2.792,,,,,,,,,1.500,,1.032,,2933.333,,17.3
2/8/2016,,,,,,,,,,,,,,,,,,
2/10/2016,133.571,275.714,3.247,1.005,,0.714,,0.500,,0.214,3,15.929,,0.065,1800.000,2200.000,13.8,17.9
3/14/2016,,,,,,,,,,,,,,,,,,
3/15/2016,140,,,1.043,,,,,0.571,,1.500,,0.387,,1975.000,,17.5,
3/22/2016,,287.143,2.950,,,0.357,,,,0.429,,2.214,,0.290,,2400.000,,28.0
4/19/2016,,,,,,,,,,,,,,,,,,
4/20/2016,154.286,,,1.472,,,,,0.286,,1.857,,0.194,,1675.000,,20.4,
4/21/2016,,236.429,1.058,,,0.429,,,,0.357,,,,,,1441.667,,39.9
5/24/2016,,,,,,,,,,,,,,,,,,
5/25/2016,155.714,,,1.432,,,,,,,2.071,,,,1666.667,,24.4,
5/26/2016,,285.000,2.742,,,0.357,,,,0.643,,3.571,,0.548,,2158.333,,42.2
6/22/2016,,,,,,,,,,,,,,,,,,
6/23/2016,152.857,162.857,1.610,0.945,,,,,,,2.429,7.429,0.065,,1575.000,1141.667,26.3,38.8
7/19/2016,,,,,,,,,,,,,,,,,,
7/26/2016,,154.286,1.271,,,0.357,,0.357,,,,5.000,,,,1508.333,,40.4
7/27/2016,124.286,,,0.673,0.929,,0.786,,0.143,,10.500,,,,1541.667,,22.3,
8/23/2016,,,,,,,,,,,,,,,,,,
8/24/2016,129.286,,,0.623,,,,,,,4.857,,0.129,,1608.333,,19.95,
8/25/2016,,222.857,2.801,,,,,,,,,3.643,,,,2383.333,,25.5
9/20/2016,,,,,,,,,,,,,,,,,,
9/21/2016,123.571,,,0.772,,,,,0.214,,4.929,,0.097,,1658.333,,13.84,
9/22/2016,,190.000,1.409,,,,,,,0.214,,3.000,,,,2550.000,,19.6
10/11/2016,115.000,,,0.466,,,,,0.214,,2.214,,,,1666.667,,11.6,
10/12/2016,,,,,,,,,,,,,,,,,,
10/20/2016,,204.286,1.366,,,,,,,,,1.143,,,,1566.667,,32.8
11/9/2016,128.571,,,1.186,,,,,0.143,,2.714,,0.129,,1566.667,,17.4,
11/10/2016,,152.857,1.290,,,,,,,,,,,,,,,33.4
12/6/2016,120.000,,,0.918,,,,,0.143,,1.143,,,,1441.667,,17.2,
12/8/2016,,175.000,1.806,,,,,,,0.143,,1.500,,0.065,,2116.667,,16.6
1/24/2017,119.286,,,1.340,,,,,,,2.000,,,,1216.667,,22.5,
1/25/2017,,147.143,2.218,,,1.214,,0.714,,0.500,,17.143,,,,1483.333,,31.6
2/21/2017,,,,,,,,,,,,,,,,,,
2/23/2017,96.429,148.571,0.561,1.016,,0.429,,,0.143,0.214,4.786,27.214,,,1216.667,1491.667,32.8,33.8
3/16/2017,,192.143,1.671,,,,,,,0.286,,2.071,,,,1866.667,,33.5
3/21/2017,,,,,,,,,,,,,,,,,,
3/29/2017,86.429,,,0.296,,,,,,,2.929,,,,1066.667,,39.7,
4/17/2017,,143.571,0.898,,,,,,,,,20.857,,,,1216.667,,51.1
4/18/2017,,,,,,,,,,,,,,,,,,
4/19/2017,103.571,,,0.399,,,,,0.143,,4.214,,0.097,,1350.000,,37.5,
5/23/2017,,,,,,,,,,,,,,,,,,
5/24/2017,97.857,162.143,0.752,0.295,,,,,0.143,0.143,3.286,23.929,,,1300.000,1725.000,42.6,56.7
6/22/2017,,,,,,,,,,,,,,,,,,
6/27/2017,118.571,192.143,1.337,0.788,,,,,,0.429,1.786,,,,1575.000,1791.667,30.8,40.4
7/18/2017,,,,,,,,,,,,,,,,,,
7/19/2017,,206.429,1.884,,,,,,,,,2.857,,,,1925.000,,34.9
7/20/2017,122.143,,,0.831,,,,,,,2.286,,,,1441.667,,32.6,
8/29/2017,128.571,,,0.603,,,,,,,4.000,,,,1783.333,,34.2,
8/30/2017,,263.571,2.207,,,,,,,,,1.000,,,,2483.333,,33.9
8/31/2017,,,,,,,,,,,,,,,,,,
9/27/2017,133.571,263.571,4.749,2.323,,,,,0.286,0.357,2.500,52.714,0.065,0.097,2133.333,2325.000,10.1,14.4
9/28/2017,,,,,,,,,,,,,,,,,,
10/23/2017,,,,,,,,,,,,,,,,,,
10/24/2017,,222.857,3.174,,,0.429,,,,0.500,,23.214,,,,2183.333,,19.9
10/30/2017,122.143,,,1.256,1.286,,,,1.357,,26.000,,,,1625.000,,6.9,
11/27/2017,,,,,,,,,,,,,,,,,,
11/29/2017,129.286,196.429,1.677,1.032,2.571,0.714,1.357,,1.214,1.429,11.929,59.071,,0.065,1383.333,1833.333,9.5,17.0
12/19/2017,,,,,,,,,,,,,,,,,,
12/20/2017,165.714,227.143,2.040,2.178,1.286,1.500,0.929,,0.357,,10.286,66.500,0.097,0.065,1383.333,1441.667,11.6,17.0
1/23/2018,,,,,,,,,,,,,,,,,,
1/24/2018,125.714,,,1.268,,,,,,,,,,,1225.000,,14.1,
2/9/2018,,201.429,2.322,,,,,,,0.214,,2.071,,0.097,,1583.333,,18.7
2/26/2018,135.000,,,1.401,,,,,,,,,,,1225.000,,20.7,
3/20/2018,,218.571,2.666,,,,,,,0.143,,0.571,,,,1025.000,,36.7
3/26/2018,119.286,,,1.123,,,,,0.143,,,,,,1266.667,,26.3,
4/24/2018,,,,,,,,,,,,,,,,,,
4/25/2018,136.429,,,1.065,,,,,,,0.571,,,,1325.000,,29.6,
4/27/2018,,170.000,1.805,,,,,,,,,1.000,,,,1125.000,,42.6
5/23/2018,,,,,,,,,,,,,,,,,,
5/24/2018,152.143,182.857,3.456,1.592,,,,,,0.357,0.929,1.786,,,1358.333,2116.667,26.6,21.4
6/19/2018,,,,,,,,,,,,,,,,,,
6/20/2018,182.857,,,1.875,,,,,0.143,,1.571,,,,2033.333,,20.6,
6/21/2018,,240.714,3.852,,,0.643,,,,0.500,,33.857,,,,2641.667,,15.5
7/17/2018,,,,,,,,,,,,,,,,,,
7/18/2018,148.571,142.857,3.213,1.341,,,,,,0.286,1.143,3.500,,,1775.000,2533.333,18,16
8/21/2018,,,,,,,,,,,,,,,,,,
8/22/2018,,222.143,2.372,,,,,,,0.143,,1.714,,,,2358.333,,15.6
8/23/2018,152.857,,,1.066,,,,,,,1.143,,,,1666.667,,22.2,
9/25/2018,,,,,,,,,,,,,,,,,,
9/26/2018,,200.000,1.578,,,,,,,,,1.286,,0.065,,1891.667,,25.7
9/27/2018,125.000,,,0.946,,,,,0.143,,2.714,,0.065,,1916.667,,14.9,
10/23/2018,127.857,,,0.826,,,,,0.143,,2.429,,,,1916.667,,14.9,
10/24/2018,,159.286,1.243,,,,,,,,,0.643,,,,1508.333,,31.2
11/26/2018,,,,,,,,,,,,,,,,,,
11/27/2018,119.286,238.571,2.644,0.867,,,,,0.143,,2.000,1.214,,,1575.000,1333.333,22.1,34.7
12/18/2018,,,,,,,,,,,,,,,,,,
12/19/2018,120.000,239.286,3.270,1.025,,,,,,,2.071,1.500,,0.065,1516.667,2075.000,26.3,27.6
1/30/2019,,,,,,,,,,,,,,,,,,
2/5/2019,112.857,170.714,1.693,0.699,,,,,0.143,0.143,3.071,5.429,,,1425.000,1183.333,24.3,31.7
2/27/2019,128.571,,,0.709,,,,,,,1.857,,0.129,,1550.000,,21.3,
3/27/2019,119.286,,,0.776,,,,,,,1.286,,,,1450.000,,32.9,
4/2/2019,,178.571,2.088,,,,,,,,,0.786,,,,1125.000,,43.4
4/23/2019,,,,,,,,,,,,,,,,,,
4/24/2019,129.286,,,0.782,,,,,,,1.071,,,,1841.667,,28.6,
5/3/2019,,277.857,2.877,,,,,,,,,5.000,,,,1758.333,,39.7
5/22/2019,122.857,,,0.591,,,,,,,2.571,,,,1533.333,,37.1,
5/29/2019,,186.429,1.570,,,,,,,,,1.000,,,,1341.667,,47.4
6/19/2019,133.571,,,0.659,,,,,,,2.929,,,,1641.667,,37.09,
6/20/2019,,219.286,2.463,,,,,,,0.143,,53.643,,,,1466.667,,37
7/24/2019,176.429,,,1.171,,,,,,,0.714,,,,1750.000,,35.4,
7/25/2019,,266.429,2.081,,,,,,,,,1.286,,,,1458.333,,36.8
8/21/2019,221.429,,,2.041,,,,,0.143,,1.714,,0.065,,2858.333,,27.8,
8/22/2019,,240.714,2.674,,,,,,,0.286,,5.571,,,,,,23.9
9/24/2019,197.143,,,2.687,,,,,0.143,,2.571,,,,2208.333,,27.5,
9/25/2019,,202.857,1.611,,,,,,,,,1.714,,,,1366.667,,32.8
10/22/2019,175.714,,,1.776,,,,,0.143,,1.357,,,,2150.000,,28.4,
10/23/2019,,246.429,3.484,,,,,,,0.214,,2.000,,,,2533.333,,34.9
11/19/2019,122.143,,,0.888,,,,,,,1.857,,,,1483.333,,33.8,
11/22/2019,,252.857,3.246,,,,,,,0.143,,2.857,,,,2516.667,,34.4
12/17/2019,180.714,,,1.565,,,0.357,,0.143,,1.071,,,,1991.667,,28.6,
12/18/2019,,267.143,2.831,,,,,,,0.143,,1.286,,0.097,,3025.000,,43.2
1/27/2020,119.286,,,0.853,,,,,,,0.857,,,,1375.000,,33.9,
1/28/2020,,210.714,2.559,,,,,,,,,1.714,,0.065,,1691.667,,35.1
2/18/2020,159.286,,,1.455,,,,,,,2.357,,,,1783.333,,26.5,
2/19/2020,,221.429,2.952,,,,,,,,,2.143,,,,2558.333,,22.1
3/24/2020,147.143,,,1.111,,,,,,,1.143,,0.065,,1525.000,,27.4,
3/25/2020,,239.286,2.707,,,,,,,,,1.643,,0.065,,2091.667,,45
5/27/2020,,136.429,1.803,,,,,,,,,5.571,,,,1066.667,,34.7
5/28/2020,135.714,,,1.499,,,,,0.143,,1.214,,0.097,,1700.000,,33.5,
6/23/2020,167.857,,,1.158,,,,,,,1.214,,0.065,,1933.333,,28.2,
6/24/2020,,218.571,2.064,,,,,,,0.143,,2.000,,,,2158.333,,25
7/22/2020,145.714,,,1.097,,,,,,,1.571,,,,2000.000,,28.5,
7/28/2020,,237.143,2.757,,,,,,,,,,,,,2433.333,,26
8/26/2020,160.000,,,0.942,,,,,,,2.000,,,,2083.333,,32.4,
8/31/2020,,347.857,3.777,,,,,,,,,2.214,,0.065,,2866.667,,36.3
9/23/2020,,212.143,2.916,,,,,,,0.143,,1.714,,,,2425.000,,28
9/28/2020,177.143,,,1.885,,,,,0.143,,2.714,,,,2441.667,,23.1,
10/27/2020,101.429,,,0.717,,,,,0.214,,5.786,,,,1508.333,,8.2,
10/28/2020,,159.286,2.485,,,,,,,0.286,,2.643,,,,2241.667,,8.8
11/30/2020,88.571,,,1.157,1.571,,0.571,,1.000,,13.714,,,,1025.000,,2.48,
12/15/2020,77.143,,,0.854,2.286,,1.214,,1.071,,6.714,,,,916.667,,2.18,
12/16/2020,,100.000,1.491,,,0.429,,0.143,,0.286,,3.857,,,,1108.333,,16.9
1/19/2021,,,,,,,,,,,,,,,,,,
2/24/2021,,,,,,,,,,,,,,,,,,
2/25/2021,79.286,,,0.920,,,,,,,1.214,,0.065,,966.667,,10.6,
3/2/2021,,238.571,3.413,,,0.429,,,,1.286,,32.071,,0.065,,1333.333,,21.59
3/23/2021,92.143,,,0.694,0.786,,,,0.857,,11.071,,,,883.333,,22.7,
3/24/2021,,168.571,0.989,,,0.429,,,,1.857,,24.786,,,,1383.333,,33.1
4/19/2021,,212.143,3.552,,,,,,,0.143,,1.929,,,,1308.333,,41.6
5/5/2021,99.286,,,0.632,,,,,,,4.786,,,,1208.333,,29.4,
5/25/2021,99.286,,,0.549,,,,,,,2.643,,,,1375.000,,32,
6/28/2021,112.857,,,0.654,,,,,0.143,,3.929,,,,1616.667,,32.8,
6/30/2021,,154.286,1.806,,,,,,,0.143,,4.714,,,,1475.000,,36.8
7/27/2021,115.000,,,0.967,0.357,,,,0.143,,5.643,,0.065,,1450.000,,28.7,
8/23/2021,,164.286,2.095,,,,,,,,,3.357,,,,1683.333,,25.7
8/24/2021,103.571,,,0.555,0.357,,,,,,1.500,,,,1333.333,,28,
10/27/2021,167.143,,,1.488,,,,,,,1.429,,,,2033.333,,21.3,
11/8/2021,,170.000,1.969,,,,,,,,,3.357,,,,1908.333,,18.8
11/30/2021,131.429,,,1.588,,,,,,,1.929,,,,2083.333,,15.44,
12/14/2021,,,2.763,,,,,,,,,,,,,,,13.5
1/25/2022,108.571,,,1.174,,,,,,,1.286,,,,1641.667,,18.2,
1/27/2022,,227.143,3.432,,,,,,,,,1.214,,,,1891.667,,26.4
2/22/2022,119.286,,,1.129,,,,,,,1.143,,,,1566.667,,20.28,
3/8/2022,,208.571,3.170,,,,,,,,,1.929,,,,1658.333,,31.32
3/28/2022,137.143,,,1.111,,,,,,,1.286,,,,1633.333,,22.86,
4/15/2022,,197.857,2.101,,,,,,,,,,,,,1600.000,,45.7
4/26/2022,120.000,,,0.900,,,,,,,0.429,,,,1308.333,,33.6,
5/19/2022,,192.143,2.574,,,,,,,,,,,,,1533.333,,48.6
5/31/2022,141.429,,,1.144,,,,,,,1.000,,,,1308.333,,35.2,
6/29/2022,157.143,,,0.974,,,,,,,2.429,,,,1950.000,,19.5,
6/30/2022,,187.143,1.660,,,,,,,,,4.786,,,,2675.000,,17.6
7/20/2022,,,2.336,,,,,,,,,,,,,,,17.8
7/29/2022,154.286,,,1.241,,,,,,,1.643,,,,1733.333,,17.4,
8/25/2022,,245.714,3.427,,,,,,,,,1.571,,,,2150.000,,37.4
8/31/2022,125.000,,,1.089,,,,,,,4.571,,,,1433.333,,28.7,
9/21/2022,,241.429,2.885,,,,,,,,,2.000,,,,2400.000,,33.8
10/25/2022,127.857,,,1.176,0.429,,,,,,16.571,,,,1766.667,,14.7,
10/26/2022,,131.429,1.480,,,,,,,,,1.929,,,,1508.333,,31.8
11/28/2022,,183.571,2.230,,,,,,,,,,,,,1733.333,,30.1
11/29/2022,125.714,,,1.276,,,,,,,3.143,,,,1675.000,,15.4,
12/21/2022,121.429,,,1.368,,,,,,,1.857,,,,1433.333,,17.6,
1/10/2023,,195.714,2.053,,,,,,,,,1.786,,,,2066.667,,16.33
1/31/2023,172.143,,,1.680,0.571,,,,,,3.286,,,,1475.000,,22.9,
2/15/2023,,214.765,3.423,,,,,,,,,,,,,,,25.1
2/28/2023,,,,,,,,,,,,,,,,,,
3/29/2023,,177.143,2.263,,,,,,,,,3.286,,,,1750.000,,45.5
4/3/2023,145.714,,,1.320,,,,,,,2.786,,,,1466.667,,34.2,
4/18/2023,,175.714,1.992,,,,,,,,,2.143,,,,1608.333,,42
4/26/2023,151.429,,,1.498,,,,,,,1.286,,,,1391.667,,35,
5/25/2023,,179.286,2.195,,,,,,,,,1.571,,,,1500.000,,43.9
5/31/2023,95.000,,,0.433,0.786,,,,,,12.929,,,,1058.333,,40.5,
6/27/2023,177.857,,,1.654,,,,,,,2.429,,,,1791.667,,27.6,
7/25/2023,176.429,,,1.229,,,,,,,5.571,,,,2266.667,,21.4,
8/4/2023,,181.429,2.026,,,,,,,,,3.429,,,,1866.667,,25.1
9/1/2023,140.714,,,1.230,,,,,,,1.786,,,,1691.667,,24.4,
10/30/2023,,137.143,1.353,,,0.571,,,,,,1.643,,,,1208.333,,35.9
11/21/2023,105.714,,,1.119,,,,,,,2.714,,,,1358.333,,10.9,
12/14/2023,,171.429,2.636,,,,,,,,,2.143,,,,1966.667,,9.3
2/14/2024,,137.143,2.512,,,,,,,,,1.143,,,,1591.667,,18.3
2/22/2024,,,,,,,,,,,,,,,,,,
3/13/2024,,215.714,3.642,,,,,,,,,,,,,2116.667,,11.2
3/27/2024,142.143,,,2.123,0.429,,,,,,2.500,,,,1300.000,,9.72,
4/24/2024,,,,,,,,,,,,,,,,,,
4/25/2024,,298.571,5.634,,,,,,,,,0.929,,,,2183.333,,15.3
5/16/2024,,159.286,1.684,,,,,,,,,16.214,,,,1291.667,,30.7
5/22/2024,122.857,,,1.384,0.429,,,,,,5.571,,,,1233.333,,25.6,
