"","source_file","total_area_m2","n_patches","easting","northing"
"1","2016_05_monthly_frequency_FLBAY.tif",22790594.4145218,5,517764.724776736,2773769.93572318
"2","2016_06_monthly_frequency_FLBAY.tif",10818052.8739206,6,519155.107119308,2772299.30255131
"3","2016_07_monthly_frequency_FLBAY.tif",20012638.744164,8,519820.18689776,2774755.89790252
"4","2016_08_monthly_frequency_FLBAY.tif",40890169.680374,6,518887.778067257,2775658.82352953
"5","2016_09_monthly_frequency_FLBAY.tif",55821990.8737699,4,524441.543043754,2773205.85304561
"6","2016_10_monthly_frequency_FLBAY.tif",131673504.169215,3,521697.095775203,2765713.40503839
"7","2016_11_monthly_frequency_FLBAY.tif",31775234.5117527,7,510337.326212908,2765717.04299178
"8","2016_12_monthly_frequency_FLBAY.tif",59401784.0197738,6,513114.954756473,2761457.63534805
"9","2017_01_monthly_frequency_FLBAY.tif",38322158.2421018,3,518480.449137989,2763350.19293264
"10","2017_02_monthly_frequency_FLBAY.tif",13482440.4480326,3,529042.658040072,2769016.87780793
"11","2017_03_monthly_frequency_FLBAY.tif",3877473.89802681,3,522159.215111959,2767054.95390988
"12","2017_04_monthly_frequency_FLBAY.tif",3934678.12434648,3,518182.720836206,2769362.42011861
"13","2017_05_monthly_frequency_FLBAY.tif",6076089.59681698,4,519482.869368413,2768270.76740422
"14","2017_06_monthly_frequency_FLBAY.tif",3588272.65363906,6,516238.319568034,2766385.10491749
"15","2017_07_monthly_frequency_FLBAY.tif",3356367.32428942,2,520442.155781879,2768060.01345934
"16","2017_08_monthly_frequency_FLBAY.tif",6828042.90664377,4,522628.526717836,2768943.43028594
"17","2017_09_monthly_frequency_FLBAY.tif",5843201.11852976,4,514003.974908131,2771538.42139063
"18","2017_10_monthly_frequency_FLBAY.tif",121695998.452945,16,521403.541775341,2774680.66229791
"19","2017_11_monthly_frequency_FLBAY.tif",162744890.172373,11,521217.19853913,2766490.15974548
"20","2017_12_monthly_frequency_FLBAY.tif",65874440.3890929,8,528369.581969991,2775860.18408537
"21","2018_01_monthly_frequency_FLBAY.tif",52334727.643529,15,528902.607400067,2777476.15466843
"22","2018_02_monthly_frequency_FLBAY.tif",40573201.5731959,13,514458.336191548,2784923.46540505
"23","2018_03_monthly_frequency_FLBAY.tif",39584411.8304238,19,513882.342034519,2787082.59370442
"24","2018_04_monthly_frequency_FLBAY.tif",39120077.3895826,15,508308.876625248,2787749.55991147
"25","2018_05_monthly_frequency_FLBAY.tif",6422303.85492794,7,515673.801652352,2770362.98797519
"26","2018_06_monthly_frequency_FLBAY.tif",12363342.579595,6,506771.984798825,2790505.4875344
"27","2018_07_monthly_frequency_FLBAY.tif",11044028.8206683,6,525951.269646377,2778920.79554988
"28","2018_08_monthly_frequency_FLBAY.tif",27291900.2471411,6,524479.16546472,2779020.30065251
"29","2018_09_monthly_frequency_FLBAY.tif",54886268.4985543,8,522967.157906181,2775719.96007801
"30","2018_10_monthly_frequency_FLBAY.tif",85685689.1393866,5,516526.759888235,2770803.99021042
"31","2018_11_monthly_frequency_FLBAY.tif",152511303.558408,5,520149.668811164,2765575.76052294
"32","2018_12_monthly_frequency_FLBAY.tif",64911393.8879193,6,527187.411384339,2771629.59163117
"33","2019_01_monthly_frequency_FLBAY.tif",9828673.71219144,5,528923.444819706,2780492.0910219
"34","2019_02_monthly_frequency_FLBAY.tif",2832550.55589982,3,521887.758023697,2782446.12421603
"35","2019_03_monthly_frequency_FLBAY.tif",2601517.09560014,2,521153.568694464,2781431.93799979
"36","2019_04_monthly_frequency_FLBAY.tif",3759128.47447227,2,522404.319485539,2776456.79124189
"37","2019_05_monthly_frequency_FLBAY.tif",867501.816214996,1,520938.353860671,2776275.08784103
"38","2019_06_monthly_frequency_FLBAY.tif",1561204.3990944,3,517215.356984225,2778860.0087894
"39","2019_07_monthly_frequency_FLBAY.tif",4106753.06177698,5,523677.969846436,2774365.12302448
"40","2019_08_monthly_frequency_FLBAY.tif",2776092.49730408,4,527422.509538853,2775867.55568377
"41","2019_09_monthly_frequency_FLBAY.tif",6187021.72834394,2,525505.352440869,2778811.03457479
"42","2019_10_monthly_frequency_FLBAY.tif",53037310.3783741,5,518281.666524058,2775260.35861031
"43","2019_11_monthly_frequency_FLBAY.tif",7343654.54142727,3,524530.966352475,2778494.04195411
"44","2019_12_monthly_frequency_FLBAY.tif",2024909.38410143,2,526262.640180068,2771341.37349274
"45","2020_01_monthly_frequency_FLBAY.tif",982716.084530897,3,520674.710473043,2782528.15717065
"46","2020_02_monthly_frequency_FLBAY.tif",1445453.2503149,1,520706.25150939,2779875.45000406
"47","2020_03_monthly_frequency_FLBAY.tif",404771.86546909,1,519297.903129328,2778350.25388428
"48","2020_04_monthly_frequency_FLBAY.tif",1388584.82599208,1,523190.924153807,2770626.80222716
"49","2020_05_monthly_frequency_FLBAY.tif",751891.345256087,2,520968.974616731,2775245.98109277
"50","2020_06_monthly_frequency_FLBAY.tif",3122563.79698959,3,520841.80990725,2778182.14388156
"51","2020_07_monthly_frequency_FLBAY.tif",14057150.7709027,4,525387.178778595,2772798.22142871
"52","2020_08_monthly_frequency_FLBAY.tif",22788438.2899285,9,523163.809352023,2775051.92109885
"53","2020_09_monthly_frequency_FLBAY.tif",61258957.6535863,4,516111.217402389,2773338.84552922
"54","2020_10_monthly_frequency_FLBAY.tif",36171329.1735498,8,503456.073659178,2766736.10971121
"55","2020_11_monthly_frequency_FLBAY.tif",57967.6389350312,1,470945.565385774,2744720.21268841
"56","2020_12_monthly_frequency_FLBAY.tif",636052.145990124,2,515693.643774149,2778738.86738246
"57","2021_01_monthly_frequency_FLBAY.tif",1040886.18035155,2,514073.569102367,2777762.20156457
"58","2021_02_monthly_frequency_FLBAY.tif",115666.87153105,2,522114.187859522,2776285.8613202
"59","2021_04_monthly_frequency_FLBAY.tif",3003108.35877843,6,501399.494286076,2795282.23211275
"60","2021_05_monthly_frequency_FLBAY.tif",6759334.0790885,8,504198.906475376,2790590.70227218
"61","2021_06_monthly_frequency_FLBAY.tif",3065172.02836,4,506487.13861897,2776221.09338051
"62","2021_07_monthly_frequency_FLBAY.tif",231179.980181629,1,543101.462754473,2785357.5230112
"63","2021_08_monthly_frequency_FLBAY.tif",115680.799174584,1,522807.622849778,2774649.53649115
"64","2021_09_monthly_frequency_FLBAY.tif",289228.93582789,2,510320.294316027,2773320.94753474
"65","2021_10_monthly_frequency_FLBAY.tif",231226.320791877,2,520499.992496515,2782579.74766566
"66","2021_11_monthly_frequency_FLBAY.tif",983153.107583476,1,528652.620580733,2776515.63075617
"67","2021_12_monthly_frequency_FLBAY.tif",2948658.0743388,3,520756.299019879,2780192.99044048
"68","2022_01_monthly_frequency_FLBAY.tif",5958067.11854533,1,525232.907454955,2773519.63129282
"69","2022_02_monthly_frequency_FLBAY.tif",1272016.51831971,2,518326.940617412,2779669.24509658
"70","2022_03_monthly_frequency_FLBAY.tif",4741319.37026332,3,518967.947895536,2779200.37479864
"71","2022_04_monthly_frequency_FLBAY.tif",18912554.6822711,10,514157.793344069,2775552.89378342
"72","2022_05_monthly_frequency_FLBAY.tif",11916500.0885188,4,518660.632608133,2773088.60707735
"73","2022_06_monthly_frequency_FLBAY.tif",83468732.4595322,8,522046.893355772,2773842.565589
"74","2022_07_monthly_frequency_FLBAY.tif",162716782.327709,4,521506.764764598,2768857.20988993
"75","2022_08_monthly_frequency_FLBAY.tif",155546315.007717,8,511426.197776048,2768418.98331831
"76","2022_09_monthly_frequency_FLBAY.tif",189328119.029121,10,517722.147261788,2761000.71545238
"77","2022_10_monthly_frequency_FLBAY.tif",155641515.560858,5,519240.979594058,2760084.61823527
"78","2022_11_monthly_frequency_FLBAY.tif",34186009.7484323,3,523294.287923037,2773739.83046539
"79","2022_12_monthly_frequency_FLBAY.tif",14865266.8913705,4,521841.391382293,2774396.54545679
"80","2023_01_monthly_frequency_FLBAY.tif",2429337.54162273,3,518947.09527641,2774372.9996766
"81","2023_02_monthly_frequency_FLBAY.tif",1561677.98700397,2,511339.372486763,2774731.06331412
"82","2023_03_monthly_frequency_FLBAY.tif",694028.118323131,2,513577.013078207,2775751.56777956
"83","2023_04_monthly_frequency_FLBAY.tif",289175.363635592,2,510634.216079006,2775779.55952624
"84","2023_05_monthly_frequency_FLBAY.tif",347208.001830622,1,526597.356713352,2768203.26466451
"85","2023_06_monthly_frequency_FLBAY.tif",867694.243095632,3,521721.14184058,2773273.26423584
"86","2023_07_monthly_frequency_FLBAY.tif",8964435.45899509,5,522982.895351894,2775888.04056646
"87","2023_08_monthly_frequency_FLBAY.tif",17824545.8911727,8,508458.843226214,2767183.7053614
"88","2023_09_monthly_frequency_FLBAY.tif",23769897.9171762,5,522215.78812914,2776096.10256146
"89","2023_10_monthly_frequency_FLBAY.tif",8210517.29047749,4,521125.942693794,2779305.93339677
"90","2023_11_monthly_frequency_FLBAY.tif",4220241.18759933,4,518163.313801446,2781425.91773376
"91","2023_12_monthly_frequency_FLBAY.tif",8037814.22781549,2,518768.61872187,2778026.69264363
"92","2024_01_monthly_frequency_FLBAY.tif",8674948.10599147,1,520169.072961765,2776382.77566788
"93","2024_02_monthly_frequency_FLBAY.tif",6707862.19237185,2,523985.390266997,2777948.04472686
"94","2024_03_monthly_frequency_FLBAY.tif",1618825.22947164,2,519316.233532187,2780554.56795994
"95","2024_04_monthly_frequency_FLBAY.tif",4336740.58519136,2,520346.632881057,2778680.26518832
"96","2024_05_monthly_frequency_FLBAY.tif",3006969.4748715,2,519034.960860857,2777955.45191832
"97","2024_06_monthly_frequency_FLBAY.tif",44014780.0410456,4,519809.180975915,2775212.16875425
"98","2024_07_monthly_frequency_FLBAY.tif",53386984.7467917,3,520544.825753578,2774594.7579275
"99","2024_08_monthly_frequency_FLBAY.tif",48294690.0845914,4,523915.074041263,2775241.38578457
"100","2024_09_monthly_frequency_FLBAY.tif",55870915.2549129,2,524783.935358118,2775377.562986
"101","2024_10_monthly_frequency_FLBAY.tif",42746398.5845793,5,520616.056678445,2773919.05962399
"102","2024_11_monthly_frequency_FLBAY.tif",3121753.61435804,3,518324.620908631,2781695.31837468
"103","2024_12_monthly_frequency_FLBAY.tif",2890866.69409924,3,520494.607331023,2780056.73251304
"104","2025_01_monthly_frequency_FLBAY.tif",2717749.89655685,1,520690.823320244,2778392.07876848
"105","2025_02_monthly_frequency_FLBAY.tif",8731517.85275461,3,518253.088096911,2778356.07740409
"106","2025_03_monthly_frequency_FLBAY.tif",21630820.4394798,3,523887.647818645,2775596.06403565
"107","WY2017_annual_frequency_FLBAY.tif",289190.378591953,2,517989.070032508,2775200.10489203
"108","WY2018_annual_frequency_FLBAY.tif",866999.974666588,5,514963.545343823,2784061.58895549
"109","WY2019_annual_frequency_FLBAY.tif",982816.853629386,2,519895.391653894,2781134.96218018
"110","WY2023_annual_frequency_FLBAY.tif",57821.1127337331,1,520504.593628524,2779181.79844103
"111","WY2024_annual_frequency_FLBAY.tif",231244.62853196,2,519756.678102304,2781508.48079249
"112","WY2025_annual_frequency_FLBAY.tif",462484.312832284,1,519813.936515811,2781665.91108487
