"","Site_code","Sampling_event","Sample_code.x","Temp","DO","Salinity","pH","NTU","FDOM_RFU","Site_Name","Latitude","Longitude","UTM_Easting","UTM_Northing","Site_type","Algal_subset","Notes","Sample_code.y","N.N_um.L","NO2.N_um.L","NO3.N_um.L","NH3.NH4.N_um.L","SRP_um.L","Sample_code.x.1","TN_um.L","TP_um.L","TOC_um.L","Rep","Sample_code.y.1","Collected","Water_amount","Processed","Chl"
"1","ACS1","1-24","ACS1_1-24_WQ",22.2,8.7,8.9,8.39,8.83,37.51,"West Lake",25.208037,-80.818275,518306.83,2787996.12,"Coastal Lakes","Y","West Lake","ACS1_1-24_F1","0.354",0.276,NA,1.085,"0.577","ACS1_1-24_UF1",166.7,2,1193,2,"ACS1_1-24_2","1/11/2024",25,"",NA
"2","ACS1","1-24","ACS1_1-24_WQ",22.2,8.7,8.9,8.39,8.83,37.51,"West Lake",25.208037,-80.818275,518306.83,2787996.12,"Coastal Lakes","Y","West Lake","ACS1_1-24_F1","0.354",0.276,NA,1.085,"0.577","ACS1_1-24_UF1",166.7,2,1193,1,"ACS1_1-24_1","1/11/2024",25,"",NA
"3","ACS1","1123E","ACS1_1123E_WQ",25.2,7.6,10,NA,NA,NA,"West Lake",25.208037,-80.818275,518306.83,2787996.12,"Coastal Lakes","Y","West Lake","ACS1_1123E_F1","0.668",0.364,NA,0.542,"0.072","ACS1_1123E_UF",2.95,0.058,38.44,1,"ACS1_1123E_1","11/28/2023",53,"11/6/2024",13.29
"4","ACS1","1123E","ACS1_1123E_WQ",25.2,7.6,10,NA,NA,NA,"West Lake",25.208037,-80.818275,518306.83,2787996.12,"Coastal Lakes","Y","West Lake","ACS1_1123E_F1","0.668",0.364,NA,0.542,"0.072","ACS1_1123E_UF",2.95,0.058,38.44,2,"ACS1_1123E_2","11/28/2023",55,"11/6/2024",13.85
"5","ACS1","1123E","ACS1_1123E_WQ",25.2,7.6,10,NA,NA,NA,"West Lake",25.208037,-80.818275,518306.83,2787996.12,"Coastal Lakes","Y","West Lake","ACS1_1123E_F1","0.00935",0.0051,NA,0.00759,"0.00223","ACS1_1123E_UF",2.95,0.058,38.44,1,"ACS1_1123E_1","11/28/2023",53,"11/6/2024",13.29
"6","ACS1","1123E","ACS1_1123E_WQ",25.2,7.6,10,NA,NA,NA,"West Lake",25.208037,-80.818275,518306.83,2787996.12,"Coastal Lakes","Y","West Lake","ACS1_1123E_F1","0.00935",0.0051,NA,0.00759,"0.00223","ACS1_1123E_UF",2.95,0.058,38.44,2,"ACS1_1123E_2","11/28/2023",55,"11/6/2024",13.85
"7","ACS1","4-24","ACS1_4-24_WQ",24.3,8.47,7.99,8.76,13.84,29.35,"West Lake",25.208037,-80.818275,518306.83,2787996.12,"Coastal Lakes","Y","West Lake","ACS1_4-24_F1","2.623",0.345,2.278,2.108,"0.219","ACS1_4-24_UF1",148.8,2.41,1632,1,"ACS1_4-24_1","4/10/2024",5,"11/6/2024",28.1
"8","ACS1","4-24","ACS1_4-24_WQ",24.3,8.47,7.99,8.76,13.84,29.35,"West Lake",25.208037,-80.818275,518306.83,2787996.12,"Coastal Lakes","Y","West Lake","ACS1_4-24_F1","2.623",0.345,2.278,2.108,"0.219","ACS1_4-24_UF1",148.8,2.41,1632,2,"ACS1_4-24_2","4/10/2024",11,"11/6/2024",25.49
"9","ACS1","8-24","ACS1_8-24_WQ",32.261,8,10.26,8.34,5.89,1.92,"West Lake",25.208037,-80.818275,518306.83,2787996.12,"Coastal Lakes","Y","West Lake","ACS1_8-24_F1","1.343",0.274,1.069,2.997,"0.056","ACS1_8-24_UF1",183.3,4.087,1889,1,"ACS1_8-24_1","",25,"11/6/2024",77.17
"10","ACS1","8-24","ACS1_8-24_WQ",32.261,8,10.26,8.34,5.89,1.92,"West Lake",25.208037,-80.818275,518306.83,2787996.12,"Coastal Lakes","Y","West Lake","ACS1_8-24_F1","1.343",0.274,1.069,2.997,"0.056","ACS1_8-24_UF1",183.3,4.087,1889,2,"ACS1_8-24_2","",25,"11/6/2024",49.32
"11","ACS1","9-23","ACS1_9-23_WQ",29.153,6.02,12.97,8.01,3.82,45.67,"West Lake",25.208037,-80.818275,518306.83,2787996.12,"Coastal Lakes","Y","West Lake","ACS1_9-23_F1","0.783",0.55,NA,47.11,"0.02","ACS1_9-23_UF1",165.8,1.391,2901,2,"ACS1_9-23_2","9/26/2023",58,"12/1/2023",30.25
"12","ACS1","9-23","ACS1_9-23_WQ",29.153,6.02,12.97,8.01,3.82,45.67,"West Lake",25.208037,-80.818275,518306.83,2787996.12,"Coastal Lakes","Y","West Lake","ACS1_9-23_F1","0.783",0.55,NA,47.11,"0.02","ACS1_9-23_UF1",165.8,1.391,2901,1,"ACS1_9-23_1","9/26/2023",56,"12/1/2023",31.63
"13","ACS2","1-24","ACS2_1-24_WQ",22.6,8.8,6.4,8.24,7.42,35.19,"Long Lake",25.196526,-80.791628,520993.25,2786725.29,"Coastal Lakes","N","Long Lake","ACS2_1-24_F1","0.674",0.137,NA,0.432,"0.031","ACS2_1-24_UF1",117.6,1.774,1788,1,"ACS2_1-24_1","1/11/2024",25,"",NA
"14","ACS2","1-24","ACS2_1-24_WQ",22.6,8.8,6.4,8.24,7.42,35.19,"Long Lake",25.196526,-80.791628,520993.25,2786725.29,"Coastal Lakes","N","Long Lake","ACS2_1-24_F1","0.674",0.137,NA,0.432,"0.031","ACS2_1-24_UF1",117.6,1.774,1788,2,"ACS2_1-24_2","1/11/2024",NA,"11/6/2024",NA
"15","ACS2","4-24","ACS2_4-24_WQ",25,8.51,6.23,8.47,10.92,26.35,"Long Lake",25.196526,-80.791628,520993.25,2786725.29,"Coastal Lakes","N","Long Lake","ACS2_4-24_F1","1.567",0.328,1.239,0.443,"0.239","ACS2_4-24_UF1",139.3,2.796,1429,1,"ACS2_4-24_1","4/10/2024",20,"11/6/2024",28.52
"16","ACS2","4-24","ACS2_4-24_WQ",25,8.51,6.23,8.47,10.92,26.35,"Long Lake",25.196526,-80.791628,520993.25,2786725.29,"Coastal Lakes","N","Long Lake","ACS2_4-24_F1","1.567",0.328,1.239,0.443,"0.239","ACS2_4-24_UF1",139.3,2.796,1429,2,"ACS2_4-24_2","4/10/2024",NA,"",NA
"17","ACS2","8-24","ACS2_8-24_WQ",32.392,7.21,14.68,8.14,7.23,1.61,"Long Lake",25.196526,-80.791628,520993.25,2786725.29,"Coastal Lakes","N","Long Lake","ACS2_8-24_F1","0.461",0.061,NA,0.87,"0.070","ACS2_8-24_UF1",130,1.271,1013,1,"ACS2_8-24_1","",30,"11/6/2024",8.39
"18","ACS2","8-24","ACS2_8-24_WQ",32.392,7.21,14.68,8.14,7.23,1.61,"Long Lake",25.196526,-80.791628,520993.25,2786725.29,"Coastal Lakes","N","Long Lake","ACS2_8-24_F1","0.461",0.061,NA,0.87,"0.070","ACS2_8-24_UF1",130,1.271,1013,2,"ACS2_8-24_2","",29,"",4.86
"19","ACS2","9-23","ACS2_9-23_WQ",29.212,5.88,11.73,8,3.91,44.93,"Long Lake",25.196526,-80.791628,520993.25,2786725.29,"Coastal Lakes","N","Long Lake","ACS2_9-23_F1","0.7",0.343,NA,9.553,"0.028","ACS2_9-23_UF1",109.6,1.91,2810,2,"ACS2_9-23_2","9/26/2023",55,"12/1/2023",36.63
"20","ACS2","9-23","ACS2_9-23_WQ",29.212,5.88,11.73,8,3.91,44.93,"Long Lake",25.196526,-80.791628,520993.25,2786725.29,"Coastal Lakes","N","Long Lake","ACS2_9-23_F1","0.7",0.343,NA,9.553,"0.028","ACS2_9-23_UF1",109.6,1.91,2810,1,"ACS2_9-23_1","9/26/2023",57,"12/1/2023",35.99
"21","ACS3","1-24","ACS3_1-24_WQ",22.3,8.7,4.2,8.62,11.94,25.98,"Cuthbert Lake",25.201427,-80.78667,521491.83,2787268.83,"Coastal lakes","N","Cuthbert lake. Sediment collection required at entrance to lake","ACS3_1-24_F1","0.526",0.329,NA,0.666,"0.154","ACS3_1-24_UF1",108.6,1.916,1916,2,"ACS3_1-24_2","1/11/2024",NA,"11/6/2024",NA
"22","ACS3","1-24","ACS3_1-24_WQ",22.3,8.7,4.2,8.62,11.94,25.98,"Cuthbert Lake",25.201427,-80.78667,521491.83,2787268.83,"Coastal lakes","N","Cuthbert lake. Sediment collection required at entrance to lake","ACS3_1-24_F1","0.526",0.329,NA,0.666,"0.154","ACS3_1-24_UF1",108.6,1.916,1916,1,"ACS3_1-24_1","1/11/2024",25,"",NA
"23","ACS3","4-24","ACS3_4-24_WQ",25,8.24,3.96,8.8,17.35,22.11,"Cuthbert Lake",25.201427,-80.78667,521491.83,2787268.83,"Coastal lakes","N","Cuthbert lake. Sediment collection required at entrance to lake","ACS3_4-24_F1","0.964",0.589,0.375,1.639,"0.645","ACS3_4-24_UF1",95.5,3.196,914.2,2,"ACS3_4-24_2","4/10/2024",20,"11/6/2024",29.72
"24","ACS3","8-24","ACS3_8-24_WQ",31.94,6.21,7.97,8.18,5.61,2.07,"Cuthbert Lake",25.201427,-80.78667,521491.83,2787268.83,"Coastal lakes","N","Cuthbert lake. Sediment collection required at entrance to lake","ACS3_8-24_F1","0.558",0.028,NA,2.425,"0.038","ACS3_8-24_UF1",79,0.757,763.1,1,"ACS3_8-24_1","",NA,"11/6/2024",5.44
"25","ACS3","8-24","ACS3_8-24_WQ",31.94,6.21,7.97,8.18,5.61,2.07,"Cuthbert Lake",25.201427,-80.78667,521491.83,2787268.83,"Coastal lakes","N","Cuthbert lake. Sediment collection required at entrance to lake","ACS3_8-24_F1","0.558",0.028,NA,2.425,"0.038","ACS3_8-24_UF1",79,0.757,763.1,2,"ACS3_8-24_2","",NA,"11/6/2024",38.42
"26","ACS3","9-23","ACS3_9-23_WQ",29.082,6.68,10.63,8.44,6.53,29.84,"Cuthbert Lake",25.201427,-80.78667,521491.83,2787268.83,"Coastal lakes","N","Cuthbert lake. Sediment collection required at entrance to lake","ACS3_9-23_F1","0.322",0.175,NA,0.341,"0.038","ACS3_9-23_UF1",71.4,1.996,1731,1,"ACS3_9-23_1","9/26/2023",32,"12/1/2023",45.99
"27","ACS3","9-23","ACS3_9-23_WQ",29.082,6.68,10.63,8.44,6.53,29.84,"Cuthbert Lake",25.201427,-80.78667,521491.83,2787268.83,"Coastal lakes","N","Cuthbert lake. Sediment collection required at entrance to lake","ACS3_9-23_F1","0.322",0.175,NA,0.341,"0.038","ACS3_9-23_UF1",71.4,1.996,1731,2,"ACS3_9-23_2","9/26/2023",27,"12/1/2023",41.89
"28","ACS4","1-24","ACS4_1-24_WQ",22.6,8.7,6.8,8,24.58,37.15,"The Lungs",25.171947,-80.769234,523254.03,2784007.35,"Coastal Lakes","Y","The Lungs","ACS4_1-24_F1","0.656",0.344,NA,1.156,"0.054","ACS4_1-24_UF1",100,1.964,1729,2,"ACS4_1-24_2","1/11/2024",51,"",NA
"29","ACS4","1-24","ACS4_1-24_WQ",22.6,8.7,6.8,8,24.58,37.15,"The Lungs",25.171947,-80.769234,523254.03,2784007.35,"Coastal Lakes","Y","The Lungs","ACS4_1-24_F1","0.656",0.344,NA,1.156,"0.054","ACS4_1-24_UF1",100,1.964,1729,1,"ACS4_1-24_1","1/11/2024",51,"",NA
"30","ACS4","4-24","ACS4_4-24_WQ",24.7,7.74,10.76,8.27,45.01,28.67,"The Lungs",25.171947,-80.769234,523254.03,2784007.35,"Coastal Lakes","Y","The Lungs","ACS4_4-24_F1","1.49",0.335,1.155,1.189,"0.209","ACS4_4-24_UF1",197.1,5.758,1386,2,"ACS4_4-24_2","4/10/2024",20,"11/6/2024",60.02
"31","ACS4","4-24","ACS4_4-24_WQ",24.7,7.74,10.76,8.27,45.01,28.67,"The Lungs",25.171947,-80.769234,523254.03,2784007.35,"Coastal Lakes","Y","The Lungs","ACS4_4-24_F1","1.49",0.335,1.155,1.189,"0.209","ACS4_4-24_UF1",197.1,5.758,1386,1,"ACS4_4-24_1","4/10/2024",20,"11/6/2024",51.02
"32","ACS4","4-24","ACS4_4-24_WQ",24.7,7.74,10.76,8.27,45.01,28.67,"The Lungs",25.171947,-80.769234,523254.03,2784007.35,"Coastal Lakes","Y","The Lungs","ACS4_4-24_F1","1.490",0.335,1.155,1.189,"0.209","ACS4_4-24_UF1",197.1,5.758,1386,2,"ACS4_4-24_2","4/10/2024",20,"11/6/2024",60.02
"33","ACS4","4-24","ACS4_4-24_WQ",24.7,7.74,10.76,8.27,45.01,28.67,"The Lungs",25.171947,-80.769234,523254.03,2784007.35,"Coastal Lakes","Y","The Lungs","ACS4_4-24_F1","1.490",0.335,1.155,1.189,"0.209","ACS4_4-24_UF1",197.1,5.758,1386,1,"ACS4_4-24_1","4/10/2024",20,"11/6/2024",51.02
"34","ACS4","8-24","ACS4_8-24_WQ",31.408,5.97,29.74,7.88,13.01,1.89,"The Lungs",25.171947,-80.769234,523254.03,2784007.35,"Coastal Lakes","Y","The Lungs","ACS4_8-24_F1","0.350",0.057,NA,0.564,"0.026","ACS4_8-24_UF1",41.9,1.075,637.3,2,"ACS4_8-24_2","",37,"",1.83
"35","ACS4","8-24","ACS4_8-24_WQ",31.408,5.97,29.74,7.88,13.01,1.89,"The Lungs",25.171947,-80.769234,523254.03,2784007.35,"Coastal Lakes","Y","The Lungs","ACS4_8-24_F1","0.350",0.057,NA,0.564,"0.026","ACS4_8-24_UF1",41.9,1.075,637.3,1,"ACS4_8-24_1","",43,"",1.23
"36","ACS4","9-23","ACS4_9-23_WQ",28.961,4.46,12.86,7.72,4.15,45.63,"The Lungs",25.171947,-80.769234,523254.03,2784007.35,"Coastal Lakes","Y","The Lungs","ACS4_9-23_F1","0.593",0.396,NA,2.223,"0.017","ACS4_9-23_UF1",74.5,1.489,2078,2,"ACS4_9-23_2","9/26/2023",58,"12/1/2023",23.29
"37","ACS4","9-23","ACS4_9-23_WQ",28.961,4.46,12.86,7.72,4.15,45.63,"The Lungs",25.171947,-80.769234,523254.03,2784007.35,"Coastal Lakes","Y","The Lungs","ACS4_9-23_F1","0.593",0.396,NA,2.223,"0.017","ACS4_9-23_UF1",74.5,1.489,2078,1,"ACS4_9-23_1","9/26/2023",53,"12/1/2023",24.9
"38","ACS5","1-24","ACS5_1-24_WQ",22.4,6.8,7,8.15,21.45,33.81,"Alligator Creek",25.176182,-80.793888,520768.94,2784472.26,"POI","N","Entrance to Alligator Creek from Garfield","ACS5_1-24_F1","0.425",0.319,NA,0.565,"0.044","ACS5_1-24_UF1",129.8,2.267,2022,1,"ACS5_1-24_1","1/11/2024",51,"",NA
"39","ACS5","1-24","ACS5_1-24_WQ",22.4,6.8,7,8.15,21.45,33.81,"Alligator Creek",25.176182,-80.793888,520768.94,2784472.26,"POI","N","Entrance to Alligator Creek from Garfield","ACS5_1-24_F1","0.425",0.319,NA,0.565,"0.044","ACS5_1-24_UF1",129.8,2.267,2022,2,"ACS5_1-24_2","1/11/2024",30,"",NA
"40","ACS5","4-24","ACS5_4-24_WQ",24.5,6.59,13.5,8.3,22.34,28.74,"Alligator Creek",25.176182,-80.793888,520768.94,2784472.26,"POI","N","Entrance to Alligator Creek from Garfield","ACS5_4-24_F1","1.11",0.269,0.841,1.35,"0.113","ACS5_4-24_UF1",146.4,3.698,1097,1,"ACS5_4-24_1","4/10/2024",30,"11/6/2024",33.15
"41","ACS5","4-24","ACS5_4-24_WQ",24.5,6.59,13.5,8.3,22.34,28.74,"Alligator Creek",25.176182,-80.793888,520768.94,2784472.26,"POI","N","Entrance to Alligator Creek from Garfield","ACS5_4-24_F1","1.11",0.269,0.841,1.35,"0.113","ACS5_4-24_UF1",146.4,3.698,1097,2,"ACS5_4-24_2","4/10/2024",24,"11/6/2024",46.73
"42","ACS5","4-24","ACS5_4-24_WQ",24.5,6.59,13.5,8.3,22.34,28.74,"Alligator Creek",25.176182,-80.793888,520768.94,2784472.26,"POI","N","Entrance to Alligator Creek from Garfield","ACS5_4-24_F1","1.110",0.269,0.841,1.35,"0.113","ACS5_4-24_UF1",146.4,3.698,1097,1,"ACS5_4-24_1","4/10/2024",30,"11/6/2024",33.15
"43","ACS5","4-24","ACS5_4-24_WQ",24.5,6.59,13.5,8.3,22.34,28.74,"Alligator Creek",25.176182,-80.793888,520768.94,2784472.26,"POI","N","Entrance to Alligator Creek from Garfield","ACS5_4-24_F1","1.110",0.269,0.841,1.35,"0.113","ACS5_4-24_UF1",146.4,3.698,1097,2,"ACS5_4-24_2","4/10/2024",24,"11/6/2024",46.73
"44","ACS5","8-24","ACS5_8-24_WQ",30.712,5.39,33.53,8.03,20.69,1.28,"Alligator Creek",25.176182,-80.793888,520768.94,2784472.26,"POI","N","Entrance to Alligator Creek from Garfield","ACS5_8-24_F1","0.495",0.074,NA,0.208,"0.034","ACS5_8-24_UF1",129,1.96,1158,2,"ACS5_8-24_2","",50,"11/6/2024",22.37
"45","ACS5","8-24","ACS5_8-24_WQ",30.712,5.39,33.53,8.03,20.69,1.28,"Alligator Creek",25.176182,-80.793888,520768.94,2784472.26,"POI","N","Entrance to Alligator Creek from Garfield","ACS5_8-24_F1","0.495",0.074,NA,0.208,"0.034","ACS5_8-24_UF1",129,1.96,1158,1,"ACS5_8-24_1","",50,"11/6/2024",22.75
"46","ACS5","9-23","ACS5_9-23_WQ",32.004,5.12,20.12,8,20.55,38.87,"Alligator Creek",25.176182,-80.793888,520768.94,2784472.26,"POI","N","Entrance to Alligator Creek from Garfield","ACS5_9-23_F1","0.419",0.184,NA,0.417,"0.039","ACS5_9-23_UF1",109.1,2.043,1401,2,"ACS5_9-23_2","9/26/2023",57,"12/1/2023",30.08
"47","ACS5","9-23","ACS5_9-23_WQ",32.004,5.12,20.12,8,20.55,38.87,"Alligator Creek",25.176182,-80.793888,520768.94,2784472.26,"POI","N","Entrance to Alligator Creek from Garfield","ACS5_9-23_F1","0.419",0.184,NA,0.417,"0.039","ACS5_9-23_UF1",109.1,2.043,1401,1,"ACS5_9-23_1","9/26/2023",53,"12/1/2023",34.88
"48","CC","1-24","CC_1-24_WQ",20.8,7.1,29.6,8.11,24.76,4.01,"Conche Channel",25.115717,-81.025999,497378.96,2777761.33,"Florida Bay","N","Western Conche Channel","CC_1-24_F1","0.554",0.075,NA,0.537,"0.062","CC_1-24_UF1",21,0.507,325.7,1,"CC_1-24_1","1/6/2024",55,"",NA
"49","CC","1-24","CC_1-24_WQ",20.8,7.1,29.6,8.11,24.76,4.01,"Conche Channel",25.115717,-81.025999,497378.96,2777761.33,"Florida Bay","N","Western Conche Channel","CC_1-24_F1","0.554",0.075,NA,0.537,"0.062","CC_1-24_UF1",21,0.507,325.7,2,"CC_1-24_2","1/6/2024",54,"",NA
"50","CC","4-24","CC_4-24_WQ",25.4,6.85,34.38,8.05,43.15,3.81,"Conche Channel",25.115717,-81.025999,497378.96,2777761.33,"Florida Bay","N","Western Conche Channel","CC_4-24_F1","0.065",0.023,NA,0.048,"0.001","CC_4-24_UF1",36.7,1.732,243.3,1,"CC_4-24_1","4/11/2024",50,"11/6/2024",7.8
"51","CC","4-24","CC_4-24_WQ",25.4,6.85,34.38,8.05,43.15,3.81,"Conche Channel",25.115717,-81.025999,497378.96,2777761.33,"Florida Bay","N","Western Conche Channel","CC_4-24_F1","0.065",0.023,NA,0.048,"0.001","CC_4-24_UF1",36.7,1.732,243.3,2,"CC_4-24_2","4/11/2024",51,"11/6/2024",5.03
"52","CC","8-24","CC_8-24_WQ",29.696,5.52,38.32,7.86,45.6,1.21,"Conche Channel",25.115717,-81.025999,497378.96,2777761.33,"Florida Bay","N","Western Conche Channel","CC_8-24_F1","1.694",0.452,1.242,5.568,"0.012","CC_8-24_UF1",38.1,1.301,258.8,1,"CC_8-24_1","",NA,"11/6/2024",8.93
"53","CC","8-24","CC_8-24_WQ",29.696,5.52,38.32,7.86,45.6,1.21,"Conche Channel",25.115717,-81.025999,497378.96,2777761.33,"Florida Bay","N","Western Conche Channel","CC_8-24_F1","1.694",0.452,1.242,5.568,"0.012","CC_8-24_UF1",38.1,1.301,258.8,2,"CC_8-24_2","",NA,"11/6/2024",4.07
"54","CC","9-23","CC_9-23_WQ",29.215,6.84,37.15,8.16,6.37,4.21,"Conche Channel",25.115717,-81.025999,497378.96,2777761.33,"Florida Bay","N","Western Conche Channel","CC_9-23_F1","0.00381",0.00015,NA,3e-05,"0.00087","CC_9-23_UF1",0.31,0.02114,3.403,1,"CC_9-23_1","10/5/2023",55,"11/6/2024",3.08
"55","CC","9-23","CC_9-23_WQ",29.215,6.84,37.15,8.16,6.37,4.21,"Conche Channel",25.115717,-81.025999,497378.96,2777761.33,"Florida Bay","N","Western Conche Channel","CC_9-23_F1","0.00381",0.00015,NA,3e-05,"0.00087","CC_9-23_UF1",0.31,0.02114,3.403,2,"CC_9-23_2","10/5/2023",56,"11/6/2024",2.69
"56","DC1","1-24","DC1_1-24_WQ",20.8,4.8,8.6,7.99,24.33,44.1,"Dead Creek 1",25.175074,-80.813947,518747.92,2784346.65,"POI","N","Southern Dead Creek","DC1_1-24_F1","0.608",0.376,NA,3.693,"0.036","DC1_1-24_UF1",126.7,1.967,2178,2,"DC1_1-24_2","1/11/2024",52,"",NA
"57","DC1","1-24","DC1_1-24_WQ",20.8,4.8,8.6,7.99,24.33,44.1,"Dead Creek 1",25.175074,-80.813947,518747.92,2784346.65,"POI","N","Southern Dead Creek","DC1_1-24_F1","0.608",0.376,NA,3.693,"0.036","DC1_1-24_UF1",126.7,1.967,2178,1,"DC1_1-24_1","1/11/2024",52,"",NA
"58","DC1","1123E","DC1_1123E_WQ",20.2,0.8,14.4,NA,NA,NA,"Dead Creek 1",25.175074,-80.813947,518747.92,2784346.65,"POI","N","Southern Dead Creek","DC1_1123E_F2","0.189",0.515,NA,6.582,"0.294","DC1_1123E_UF",2.93,0.11867,44.15,1,"DC1_1123E_1","11/28/2023",54,"",NA
"59","DC1","1123E","DC1_1123E_WQ",20.2,0.8,14.4,NA,NA,NA,"Dead Creek 1",25.175074,-80.813947,518747.92,2784346.65,"POI","N","Southern Dead Creek","DC1_1123E_F2","0.189",0.515,NA,6.582,"0.294","DC1_1123E_UF",2.93,0.11867,44.15,2,"DC1_1123E_2","11/28/2023",56,"",NA
"60","DC1","1123E","DC1_1123E_WQ",20.2,0.8,14.4,NA,NA,NA,"Dead Creek 1",25.175074,-80.813947,518747.92,2784346.65,"POI","N","Southern Dead Creek","DC1_1123E_F2","0.00265",0.00721,NA,0.09215,"0.00911","DC1_1123E_UF",2.93,0.11867,44.15,1,"DC1_1123E_1","11/28/2023",54,"",NA
"61","DC1","1123E","DC1_1123E_WQ",20.2,0.8,14.4,NA,NA,NA,"Dead Creek 1",25.175074,-80.813947,518747.92,2784346.65,"POI","N","Southern Dead Creek","DC1_1123E_F2","0.00265",0.00721,NA,0.09215,"0.00911","DC1_1123E_UF",2.93,0.11867,44.15,2,"DC1_1123E_2","11/28/2023",56,"",NA
"62","DC1","4-24","DC1_4-24_WQ",23.1,2.73,24.24,8.08,28.55,43.09,"Dead Creek 1",25.175074,-80.813947,518747.92,2784346.65,"POI","N","Southern Dead Creek","DC1_4-24_F1","4.473",0.253,4.22,2.807,"0.147","DC1_4-24_UF1",204,4.355,1388,1,"DC1_4-24_1","4/10/2024",28,"11/6/2024",54.16
"63","DC1","4-24","DC1_4-24_WQ",23.1,2.73,24.24,8.08,28.55,43.09,"Dead Creek 1",25.175074,-80.813947,518747.92,2784346.65,"POI","N","Southern Dead Creek","DC1_4-24_F1","4.473",0.253,4.22,2.807,"0.147","DC1_4-24_UF1",204,4.355,1388,2,"DC1_4-24_2","4/10/2024",28,"11/6/2024",43.07
"64","DC1","8-24","DC1_8-24_WQ",29.104,0.23,35.8,8.11,22.42,3.71,"Dead Creek 1",25.175074,-80.813947,518747.92,2784346.65,"POI","N","Southern Dead Creek","DC1_8-24_F1","5.685",0.383,5.302,2.38,"0.141","DC1_8-24_UF1",171.4,4.635,2330,1,"DC1_8-24_1","",52,"11/6/2024",18.59
"65","DC1","8-24","DC1_8-24_WQ",29.104,0.23,35.8,8.11,22.42,3.71,"Dead Creek 1",25.175074,-80.813947,518747.92,2784346.65,"POI","N","Southern Dead Creek","DC1_8-24_F1","5.685",0.383,5.302,2.38,"0.141","DC1_8-24_UF1",171.4,4.635,2330,2,"DC1_8-24_2","",51,"11/6/2024",27.11
"66","DC1","9-23","DC1_9-23_WQ",29.958,2.34,19.77,7.9,20.1,45.1,"Dead Creek 1",25.175074,-80.813947,518747.92,2784346.65,"POI","N","Southern Dead Creek","DC1_9-23_F1","0.089",0.032,NA,0.464,"0.034","DC1_9-23_UF1",114.5,3.286,2401,2,"DC1_9-23_2","9/26/2023",58,"12/1/2023",32.87
"67","DC1","9-23","DC1_9-23_WQ",29.958,2.34,19.77,7.9,20.1,45.1,"Dead Creek 1",25.175074,-80.813947,518747.92,2784346.65,"POI","N","Southern Dead Creek","DC1_9-23_F1","0.089",0.032,NA,0.464,"0.034","DC1_9-23_UF1",114.5,3.286,2401,1,"DC1_9-23_1","9/26/2023",51,"12/1/2023",25.07
"68","DC2","1-24","DC2_1-24_WQ",21.1,4.3,7.5,7.7,22.8,47.52,"Dead Creek 2",25.180799,-80.812926,518849.89,2784980.74,"POI","N","northern Dead Creek","DC2_1-24_F1","0.451",0.467,NA,3.337,"0.063","DC2_1-24_UF1",131.9,1.964,2398,2,"DC2_1-24_2","1/11/2024",51,"",NA
"69","DC2","1-24","DC2_1-24_WQ",21.1,4.3,7.5,7.7,22.8,47.52,"Dead Creek 2",25.180799,-80.812926,518849.89,2784980.74,"POI","N","northern Dead Creek","DC2_1-24_F1","0.451",0.467,NA,3.337,"0.063","DC2_1-24_UF1",131.9,1.964,2398,1,"DC2_1-24_1","1/11/2024",51,"",NA
"70","DC2","4-24","DC2_4-24_WQ",22.9,1.68,23.79,7.73,29.08,49.61,"Dead Creek 2",25.180799,-80.812926,518849.89,2784980.74,"POI","N","northern Dead Creek","DC2_4-24_F1","1.642",0.382,1.26,1.21,"0.169","DC2_4-24_UF1",232.1,6.048,1998,1,"DC2_4-24_1","4/10/2024",50,"11/6/2024",37.78
"71","DC2","4-24","DC2_4-24_WQ",22.9,1.68,23.79,7.73,29.08,49.61,"Dead Creek 2",25.180799,-80.812926,518849.89,2784980.74,"POI","N","northern Dead Creek","DC2_4-24_F1","1.642",0.382,1.26,1.21,"0.169","DC2_4-24_UF1",232.1,6.048,1998,2,"DC2_4-24_2","4/10/2024",52,"11/6/2024",36.63
"72","DC2","8-24","DC2_8-24_WQ",30.002,0.33,29.07,7.39,22.45,4.92,"Dead Creek 2",25.180799,-80.812926,518849.89,2784980.74,"POI","N","northern Dead Creek","DC2_8-24_F1","1.378",0.701,0.677,3.675,"0.132","DC2_8-24_UF1",218.3,4.375,2056,2,"DC2_8-24_2","",NA,"11/6/2024",23.52
"73","DC2","8-24","DC2_8-24_WQ",30.002,0.33,29.07,7.39,22.45,4.92,"Dead Creek 2",25.180799,-80.812926,518849.89,2784980.74,"POI","N","northern Dead Creek","DC2_8-24_F1","1.378",0.701,0.677,3.675,"0.132","DC2_8-24_UF1",218.3,4.375,2056,1,"DC2_8-24_1","",NA,"11/6/2024",22.03
"74","DC2","9-23","DC2_9-23_WQ",29.36,2.03,17.67,7.67,16.51,45.42,"Dead Creek 2",25.180799,-80.812926,518849.89,2784980.74,"POI","N","northern Dead Creek","DC2_9-23_F1","0.086",0.023,NA,0.427,"0.108","DC2_9-23_UF1",89.8,3.326,1994,1,"DC2_9-23_1","9/26/2023",55,"12/1/2023",34.13
"75","DC2","9-23","DC2_9-23_WQ",29.36,2.03,17.67,7.67,16.51,45.42,"Dead Creek 2",25.180799,-80.812926,518849.89,2784980.74,"POI","N","northern Dead Creek","DC2_9-23_F1","0.086",0.023,NA,0.427,"0.108","DC2_9-23_UF1",89.8,3.326,1994,2,"DC2_9-23_2","9/26/2023",57,"12/1/2023",34.39
"76","DCM1","1-24","DCM1_1-24_WQ",22.2,8.6,2.6,NA,NA,NA,"Dead Creek Mangrove 1",25.174365,-80.813505,518792.55,2784268.19,"Mangrove","N","Dead mangroves off of southern dead creek","DCM1_1-24_F1","0.347",0.317,NA,1.071,"0.059","DCM1_1-24_UF1",141,2.396,2177,1,"DCM1_1-24_1","1/11/2024",52,"",NA
"77","DCM1","1-24","DCM1_1-24_WQ",22.2,8.6,2.6,NA,NA,NA,"Dead Creek Mangrove 1",25.174365,-80.813505,518792.55,2784268.19,"Mangrove","N","Dead mangroves off of southern dead creek","DCM1_1-24_F1","0.347",0.317,NA,1.071,"0.059","DCM1_1-24_UF1",141,2.396,2177,2,"DCM1_1-24_2","1/11/2024",53,"",NA
"78","DCM1","1123E","DCM1_1123E_WQ",20,4.7,3.6,NA,NA,NA,"Dead Creek Mangrove 1",25.174365,-80.813505,518792.55,2784268.19,"Mangrove","N","Dead mangroves off of southern dead creek","DCM1_1123E_F1","0.00571",0.00518,NA,0.02488,"0.00245","DCM1_1123E_UF",2.47,0.11724,39.75,1,"DCM1_1123E_1","11/28/2023",55,"",NA
"79","DCM1","1123E","DCM1_1123E_WQ",20,4.7,3.6,NA,NA,NA,"Dead Creek Mangrove 1",25.174365,-80.813505,518792.55,2784268.19,"Mangrove","N","Dead mangroves off of southern dead creek","DCM1_1123E_F1","0.00571",0.00518,NA,0.02488,"0.00245","DCM1_1123E_UF",2.47,0.11724,39.75,2,"DCM1_1123E_2","11/28/2023",54,"",NA
"80","DCM1","1123E","DCM1_1123E_WQ",20,4.7,3.6,NA,NA,NA,"Dead Creek Mangrove 1",25.174365,-80.813505,518792.55,2784268.19,"Mangrove","N","Dead mangroves off of southern dead creek","DCM1_1123E_F1","0.408",0.37,NA,1.777,"0.079","DCM1_1123E_UF",2.47,0.11724,39.75,1,"DCM1_1123E_1","11/28/2023",55,"",NA
"81","DCM1","1123E","DCM1_1123E_WQ",20,4.7,3.6,NA,NA,NA,"Dead Creek Mangrove 1",25.174365,-80.813505,518792.55,2784268.19,"Mangrove","N","Dead mangroves off of southern dead creek","DCM1_1123E_F1","0.408",0.37,NA,1.777,"0.079","DCM1_1123E_UF",2.47,0.11724,39.75,2,"DCM1_1123E_2","11/28/2023",54,"",NA
"82","DCM1","4-24","DCM1_4-24_WQ",23.3,4.2,0.3,NA,NA,NA,"Dead Creek Mangrove 1",25.174365,-80.813505,518792.55,2784268.19,"Mangrove","N","Dead mangroves off of southern dead creek","DCM1_4-24_F1","0.590",0.318,NA,1.106,"0.244","DCM1_4-24_UF1",354.8,10.088,2825,2,"DCM1_4-24_2","4/10/2024",50,"11/6/2024",30.69
"83","DCM1","4-24","DCM1_4-24_WQ",23.3,4.2,0.3,NA,NA,NA,"Dead Creek Mangrove 1",25.174365,-80.813505,518792.55,2784268.19,"Mangrove","N","Dead mangroves off of southern dead creek","DCM1_4-24_F1","0.590",0.318,NA,1.106,"0.244","DCM1_4-24_UF1",354.8,10.088,2825,1,"DCM1_4-24_1","4/10/2024",48,"11/6/2024",25.69
"84","DCM1","4-24","DCM1_4-24_WQ",23.3,4.2,0.3,NA,NA,NA,"Dead Creek Mangrove 1",25.174365,-80.813505,518792.55,2784268.19,"Mangrove","N","Dead mangroves off of southern dead creek","DCM1_4-24_F1","0.59",0.318,NA,1.106,"0.244","DCM1_4-24_UF1",354.8,10.088,2825,2,"DCM1_4-24_2","4/10/2024",50,"11/6/2024",30.69
"85","DCM1","4-24","DCM1_4-24_WQ",23.3,4.2,0.3,NA,NA,NA,"Dead Creek Mangrove 1",25.174365,-80.813505,518792.55,2784268.19,"Mangrove","N","Dead mangroves off of southern dead creek","DCM1_4-24_F1","0.59",0.318,NA,1.106,"0.244","DCM1_4-24_UF1",354.8,10.088,2825,1,"DCM1_4-24_1","4/10/2024",48,"11/6/2024",25.69
"86","DCM1","8-24","DCM1_8-24_WQ",NA,NA,NA,NA,NA,NA,"Dead Creek Mangrove 1",25.174365,-80.813505,518792.55,2784268.19,"Mangrove","N","Dead mangroves off of southern dead creek","DCM1_8-24_F1","1.538",0.269,1.269,1.805,"0.474","DCM1_8-24_UF1",263.1,1.133,3536,2,"DCM1_8-24_2","",NA,"11/6/2024",17.11
"87","DCM1","8-24","DCM1_8-24_WQ",NA,NA,NA,NA,NA,NA,"Dead Creek Mangrove 1",25.174365,-80.813505,518792.55,2784268.19,"Mangrove","N","Dead mangroves off of southern dead creek","DCM1_8-24_F1","1.538",0.269,1.269,1.805,"0.474","DCM1_8-24_UF1",263.1,1.133,3536,1,"DCM1_8-24_1","",NA,"11/6/2024",16.67
"88","DCM1","9-23","DCM1_9-23_WQ",NA,NA,14.4,NA,NA,NA,"Dead Creek Mangrove 1",25.174365,-80.813505,518792.55,2784268.19,"Mangrove","N","Dead mangroves off of southern dead creek","DCM1_9-23_F1","1.215",0.258,0.957,14.493,"0.062","DCM1_9-23_UF1",95.1,2.399,2001,1,"DCM1_9-23_1","9/26/2023",57,"12/1/2023",38.77
"89","DCM1","9-23","DCM1_9-23_WQ",NA,NA,14.4,NA,NA,NA,"Dead Creek Mangrove 1",25.174365,-80.813505,518792.55,2784268.19,"Mangrove","N","Dead mangroves off of southern dead creek","DCM1_9-23_F1","1.215",0.258,0.957,14.493,"0.062","DCM1_9-23_UF1",95.1,2.399,2001,2,"DCM1_9-23_2","9/26/2023",60,"12/1/2023",26.71
"90","DCM2","1-24","DCM2_1-24_WQ",22.1,7.6,8.6,NA,NA,NA,"Dead Creek Mangrove 2",25.181358,-80.811422,519001.33,2785042.77,"Mangrove","N","Dead mangroves off of northern dead creek","DCM2_1-24_F1","0.349",0.341,NA,1.066,"0.058","DCM2_1-24_UF1",153.3,3.437,1922,1,"DCM2_1-24_1","1/11/2024",52,"",NA
"91","DCM2","1-24","DCM2_1-24_WQ",22.1,7.6,8.6,NA,NA,NA,"Dead Creek Mangrove 2",25.181358,-80.811422,519001.33,2785042.77,"Mangrove","N","Dead mangroves off of northern dead creek","DCM2_1-24_F1","0.349",0.341,NA,1.066,"0.058","DCM2_1-24_UF1",153.3,3.437,1922,2,"DCM2_1-24_2","1/11/2024",51,"",NA
"92","DCM2","8-24","DCM2_8-24_WQ",NA,NA,NA,NA,NA,NA,"Dead Creek Mangrove 2",25.181358,-80.811422,519001.33,2785042.77,"Mangrove","N","Dead mangroves off of northern dead creek","DCM2_8-24_F1","1.032",0.742,0.29,2.569,"0.196","DCM2_8-24_UF1",163.1,7.128,1750,2,"DCM2_8-24_2","",NA,"11/6/2024",31.19
"93","DCM2","8-24","DCM2_8-24_WQ",NA,NA,NA,NA,NA,NA,"Dead Creek Mangrove 2",25.181358,-80.811422,519001.33,2785042.77,"Mangrove","N","Dead mangroves off of northern dead creek","DCM2_8-24_F1","1.032",0.742,0.29,2.569,"0.196","DCM2_8-24_UF1",163.1,7.128,1750,1,"DCM2_8-24_1","",NA,"11/6/2024",56.58
"94","DCM2","9-23","DCM2_9-23_WQ",NA,NA,6.6,NA,NA,NA,"Dead Creek Mangrove 2",25.181358,-80.811422,519001.33,2785042.77,"Mangrove","N","Dead mangroves off of northern dead creek","DCM2_9-23_F1","1.724",0.3,1.424,1.485,"0.038","DCM2_9-23_UF1",107.7,5.436,2165,2,"DCM2_9-23_2","9/26/2023",56,"12/1/2023",15.23
"95","DCM2","9-23","DCM2_9-23_WQ",NA,NA,6.6,NA,NA,NA,"Dead Creek Mangrove 2",25.181358,-80.811422,519001.33,2785042.77,"Mangrove","N","Dead mangroves off of northern dead creek","DCM2_9-23_F1","1.724",0.3,1.424,1.485,"0.038","DCM2_9-23_UF1",107.7,5.436,2165,1,"DCM2_9-23_1","9/26/2023",56,"12/1/2023",39.03
"96","GB1","1-24","GB1_1-24_WQ",22.6,7.4,15.1,8.23,10.8,23.53,"Garfield Bight",25.167619,-80.804658,519685.12,2783522.46,"Florida Bay","Y","Garfield Bight by the hydro station","GB1_1-24_F1","0.252",0.31,NA,0.611,"0.398","GB1_1-24_UF1",98.1,1.889,1556,1,"GB1_1-24_1","1/11/2024",51,"11/6/2024",15.17
"97","GB1","1-24","GB1_1-24_WQ",22.6,7.4,15.1,8.23,10.8,23.53,"Garfield Bight",25.167619,-80.804658,519685.12,2783522.46,"Florida Bay","Y","Garfield Bight by the hydro station","GB1_1-24_F1","0.252",0.31,NA,0.611,"0.398","GB1_1-24_UF1",98.1,1.889,1556,2,"GB1_1-24_2","1/11/2024",52,"11/6/2024",16.8
"98","GB1","1123E","GB1_1123E_WQ",23.2,5,16.9,NA,NA,NA,"Garfield Bight",25.167619,-80.804658,519685.12,2783522.46,"Florida Bay","Y","Garfield Bight by the hydro station","GB1_1123E_F1","0.00613",0.00183,NA,0.0043,"0.00208","GB1_1123E_UF",2.19,0.05875,26.29,2,"GB1_1123E_2","11/28/2023",57,"11/6/2024",27.93
"99","GB1","1123E","GB1_1123E_WQ",23.2,5,16.9,NA,NA,NA,"Garfield Bight",25.167619,-80.804658,519685.12,2783522.46,"Florida Bay","Y","Garfield Bight by the hydro station","GB1_1123E_F1","0.00613",0.00183,NA,0.0043,"0.00208","GB1_1123E_UF",2.19,0.05875,26.29,1,"GB1_1123E_1","11/28/2023",55,"11/6/2024",19.83
"100","GB1","1123E","GB1_1123E_WQ",23.2,5,16.9,NA,NA,NA,"Garfield Bight",25.167619,-80.804658,519685.12,2783522.46,"Florida Bay","Y","Garfield Bight by the hydro station","GB1_1123E_F1","0.438",0.131,NA,0.307,"0.067","GB1_1123E_UF",2.19,0.05875,26.29,2,"GB1_1123E_2","11/28/2023",57,"11/6/2024",27.93
"101","GB1","1123E","GB1_1123E_WQ",23.2,5,16.9,NA,NA,NA,"Garfield Bight",25.167619,-80.804658,519685.12,2783522.46,"Florida Bay","Y","Garfield Bight by the hydro station","GB1_1123E_F1","0.438",0.131,NA,0.307,"0.067","GB1_1123E_UF",2.19,0.05875,26.29,1,"GB1_1123E_1","11/28/2023",55,"11/6/2024",19.83
"102","GB1","4-24","GB1_4-24_WQ",24,6.23,27.13,8.27,12.59,17.46,"Garfield Bight",25.167619,-80.804658,519685.12,2783522.46,"Florida Bay","Y","Garfield Bight by the hydro station","GB1_4-24_F1","ND",0.079,NA,0.846,"0.029","GB1_4-24_UF1",109.3,2.047,1047,2,"GB1_4-24_2","4/10/2024",50,"",NA
"103","GB1","4-24","GB1_4-24_WQ",24,6.23,27.13,8.27,12.59,17.46,"Garfield Bight",25.167619,-80.804658,519685.12,2783522.46,"Florida Bay","Y","Garfield Bight by the hydro station","GB1_4-24_F1","ND",0.079,NA,0.846,"0.029","GB1_4-24_UF1",109.3,2.047,1047,1,"GB1_4-24_1","4/10/2024",51,"",NA
"104","GB1","8-24","GB1_8-24_WQ",30.383,5.36,33.77,7.9,11.94,1.58,"Garfield Bight",25.167619,-80.804658,519685.12,2783522.46,"Florida Bay","Y","Garfield Bight by the hydro station","GB1_8-24_F1","4.138",0.17,3.968,1.914,"0.051","GB1_8-24_UF1",163.6,2.874,1330,1,"GB1_8-24_1","",NA,"11/6/2024",22.9
"105","GB1","8-24","GB1_8-24_WQ",30.383,5.36,33.77,7.9,11.94,1.58,"Garfield Bight",25.167619,-80.804658,519685.12,2783522.46,"Florida Bay","Y","Garfield Bight by the hydro station","GB1_8-24_F1","4.138",0.17,3.968,1.914,"0.051","GB1_8-24_UF1",163.6,2.874,1330,2,"GB1_8-24_2","",NA,"11/6/2024",22.9
"106","GB1","9-23","GB1_9-23_WQ",30.731,6.32,26.84,8.18,9.01,29.6,"Garfield Bight",25.167619,-80.804658,519685.12,2783522.46,"Florida Bay","Y","Garfield Bight by the hydro station","GB1_9-23_F1","0.088",0.04,NA,0.298,"0.039","GB1_9-23_UF1",52.6,1.027,1157,1,"GB1_9-23_1","9/26/2023",53,"12/1/2023",15.8
"107","GB1","9-23","GB1_9-23_WQ",30.731,6.32,26.84,8.18,9.01,29.6,"Garfield Bight",25.167619,-80.804658,519685.12,2783522.46,"Florida Bay","Y","Garfield Bight by the hydro station","GB1_9-23_F1","0.088",0.04,NA,0.298,"0.039","GB1_9-23_UF1",52.6,1.027,1157,2,"GB1_9-23_2","9/26/2023",57,"12/1/2023",17.21
"108","GB2","1-24","GB2_1-24_WQ",21.7,7,24.6,8.21,21.77,12.09,"Southern Garfield Bight",25.148194,-80.809977,519152.11,2781370.71,"Florida  Bay","N","Florida Bay site just south of Garfield","GB2_1-24_F1","0.175",0.153,NA,0.124,"0.202","GB2_1-24_UF1",40.5,0.77,701.7,1,"GB2_1-24_1","1/6/2024",53,"",NA
"109","GB2","1-24","GB2_1-24_WQ",21.7,7,24.6,8.21,21.77,12.09,"Southern Garfield Bight",25.148194,-80.809977,519152.11,2781370.71,"Florida  Bay","N","Florida Bay site just south of Garfield","GB2_1-24_F1","0.175",0.153,NA,0.124,"0.202","GB2_1-24_UF1",40.5,0.77,701.7,2,"GB2_1-24_2","1/6/2024",55,"",NA
"110","GB2","1123E","GB2_1123E_WQ",19.9,7.2,21.7,NA,NA,NA,"Southern Garfield Bight",25.148194,-80.809977,519152.11,2781370.71,"Florida  Bay","N","Florida Bay site just south of Garfield","GB2_1123E_F1","0.473",0.097,NA,0.073,"0.007","GB2_1123E_UF",1.79,0.04796,21.49,2,"GB2_1123E_2","11/30/2023",52,"11/6/2024",16.95
"111","GB2","1123E","GB2_1123E_WQ",19.9,7.2,21.7,NA,NA,NA,"Southern Garfield Bight",25.148194,-80.809977,519152.11,2781370.71,"Florida  Bay","N","Florida Bay site just south of Garfield","GB2_1123E_F1","0.473",0.097,NA,0.073,"0.007","GB2_1123E_UF",1.79,0.04796,21.49,1,"GB2_1123E_1","11/30/2023",52,"11/6/2024",21.26
"112","GB2","1123E","GB2_1123E_WQ",19.9,7.2,21.7,NA,NA,NA,"Southern Garfield Bight",25.148194,-80.809977,519152.11,2781370.71,"Florida  Bay","N","Florida Bay site just south of Garfield","GB2_1123E_F1","0.00662",0.00136,NA,0.00102,"0.00022","GB2_1123E_UF",1.79,0.04796,21.49,2,"GB2_1123E_2","11/30/2023",52,"11/6/2024",16.95
"113","GB2","1123E","GB2_1123E_WQ",19.9,7.2,21.7,NA,NA,NA,"Southern Garfield Bight",25.148194,-80.809977,519152.11,2781370.71,"Florida  Bay","N","Florida Bay site just south of Garfield","GB2_1123E_F1","0.00662",0.00136,NA,0.00102,"0.00022","GB2_1123E_UF",1.79,0.04796,21.49,1,"GB2_1123E_1","11/30/2023",52,"11/6/2024",21.26
"114","GB2","4-24","GB2_4-24_WQ",25.3,6.55,28.2,8.18,32.03,10.74,"Southern Garfield Bight",25.148194,-80.809977,519152.11,2781370.71,"Florida  Bay","N","Florida Bay site just south of Garfield","GB2_4-24_F1","0.299",0.15,NA,3.82,"0.001","GB2_4-24_UF1",89,1.047,616.1,2,"GB2_4-24_2","4/11/2024",50,"11/6/2024",4.6
"115","GB2","4-24","GB2_4-24_WQ",25.3,6.55,28.2,8.18,32.03,10.74,"Southern Garfield Bight",25.148194,-80.809977,519152.11,2781370.71,"Florida  Bay","N","Florida Bay site just south of Garfield","GB2_4-24_F1","0.299",0.15,NA,3.82,"0.001","GB2_4-24_UF1",89,1.047,616.1,1,"GB2_4-24_1","4/11/2024",50,"11/6/2024",5.81
"116","GB2","8-24","GB2_8-24_WQ",29.825,5.32,37.73,8.14,6.01,0.5,"Southern Garfield Bight",25.148194,-80.809977,519152.11,2781370.71,"Florida  Bay","N","Florida Bay site just south of Garfield","GB2_8-24_F1","0.285",0.04,NA,0.805,"0.019","GB2_8-24_UF1",81.9,0.976,791.3,2,"GB2_8-24_2","",NA,"11/6/2024",14.2
"117","GB2","8-24","GB2_8-24_WQ",29.825,5.32,37.73,8.14,6.01,0.5,"Southern Garfield Bight",25.148194,-80.809977,519152.11,2781370.71,"Florida  Bay","N","Florida Bay site just south of Garfield","GB2_8-24_F1","0.285",0.04,NA,0.805,"0.019","GB2_8-24_UF1",81.9,0.976,791.3,1,"GB2_8-24_1","",NA,"11/6/2024",17.46
"118","GB2","9-23","GB2_9-23_WQ",29.897,6.99,33.67,8.24,11.51,13.43,"Southern Garfield Bight",25.148194,-80.809977,519152.11,2781370.71,"Florida  Bay","N","Florida Bay site just south of Garfield","GB2_9-23_F1","0.662",0.1,NA,4.758,"0.008","GB2_9-23_UF1",57.4,0.824,1173,2,"GB2_9-23_2","9/27/2023",57,"12/1/2023",8.12
"119","GB2","9-23","GB2_9-23_WQ",29.897,6.99,33.67,8.24,11.51,13.43,"Southern Garfield Bight",25.148194,-80.809977,519152.11,2781370.71,"Florida  Bay","N","Florida Bay site just south of Garfield","GB2_9-23_F1","0.662",0.1,NA,4.758,"0.008","GB2_9-23_UF1",57.4,0.824,1173,1,"GB2_9-23_1","9/27/2023",56,"12/1/2023",7.98
"120","GBHM","1-24","GBHM_1-24_WQ",22.1,7.2,10.6,NA,NA,NA,"Garfield Healthy Mangroves",25.177109,-80.794167,520740.72,2784574.87,"Mangrove","N","Healthy mangroves near Alligator Creek","GBHM_1-24_F1","0.539",0.353,NA,0.984,"0.136","GBHM_1-24_UF1",109,4.066,1193,2,"GBHM_1-24_2","1/11/2024",50,"",NA
"121","GBHM","1-24","GBHM_1-24_WQ",22.1,7.2,10.6,NA,NA,NA,"Garfield Healthy Mangroves",25.177109,-80.794167,520740.72,2784574.87,"Mangrove","N","Healthy mangroves near Alligator Creek","GBHM_1-24_F1","0.539",0.353,NA,0.984,"0.136","GBHM_1-24_UF1",109,4.066,1193,1,"GBHM_1-24_1","1/11/2024",51,"",NA
"122","GBHM","9-23","GBHM_9-23_WQ",NA,NA,14.6,NA,NA,NA,"Garfield Healthy Mangroves",25.177109,-80.794167,520740.72,2784574.87,"Mangrove","N","Healthy mangroves near Alligator Creek","GBHM_9-23_F1","0.287",0.101,NA,0.783,"0.3","GBHM_9-23_UF1",75.3,3.134,1878,1,"GBHM_9-23_1","9/26/2023",53,"12/1/2023",23.46
"123","GBHM","9-23","GBHM_9-23_WQ",NA,NA,14.6,NA,NA,NA,"Garfield Healthy Mangroves",25.177109,-80.794167,520740.72,2784574.87,"Mangrove","N","Healthy mangroves near Alligator Creek","GBHM_9-23_F1","0.287",0.101,NA,0.783,"0.3","GBHM_9-23_UF1",75.3,3.134,1878,2,"GBHM_9-23_2","9/26/2023",60,"12/1/2023",39.62
"124","JB","1-24","JB_1-24_WQ",22.1,7.8,33.1,8.7,0.11,7.91,"Johnson Basin",25.049651,-80.908714,509207.91,2770448.64,"Florida Bay","N","Johnson Basin","JB_1-24_F1","0.509",0.016,NA,0.625,"0.019","JB_1-24_UF1",20.2,0.346,286.8,2,"JB_1-24_2","1/6/2024",56,"",NA
"125","JB","1-24","JB_1-24_WQ",22.1,7.8,33.1,8.7,0.11,7.91,"Johnson Basin",25.049651,-80.908714,509207.91,2770448.64,"Florida Bay","N","Johnson Basin","JB_1-24_F1","0.509",0.016,NA,0.625,"0.019","JB_1-24_UF1",20.2,0.346,286.8,1,"JB_1-24_1","1/6/2024",53,"",NA
"126","JB","1123E","JB_1123E_WQ",20.9,7.7,35.9,NA,NA,NA,"Johnson Basin",25.049651,-80.908714,509207.91,2770448.64,"Florida Bay","N","Johnson Basin","JB_1123E_F1","0.0062",0.00025,NA,0.00403,"0.00118","JB_1123E_UF",0.32,0.00874,3.886,2,"JB_1123E_2","11/30/2023",57,"11/6/2024",0.41
"127","JB","1123E","JB_1123E_WQ",20.9,7.7,35.9,NA,NA,NA,"Johnson Basin",25.049651,-80.908714,509207.91,2770448.64,"Florida Bay","N","Johnson Basin","JB_1123E_F1","0.0062",0.00025,NA,0.00403,"0.00118","JB_1123E_UF",0.32,0.00874,3.886,1,"JB_1123E_1","11/30/2023",53,"11/6/2024",0.39
"128","JB","1123E","JB_1123E_WQ",20.9,7.7,35.9,NA,NA,NA,"Johnson Basin",25.049651,-80.908714,509207.91,2770448.64,"Florida Bay","N","Johnson Basin","JB_1123E_F1","0.443",0.018,NA,0.288,"0.038","JB_1123E_UF",0.32,0.00874,3.886,2,"JB_1123E_2","11/30/2023",57,"11/6/2024",0.41
"129","JB","1123E","JB_1123E_WQ",20.9,7.7,35.9,NA,NA,NA,"Johnson Basin",25.049651,-80.908714,509207.91,2770448.64,"Florida Bay","N","Johnson Basin","JB_1123E_F1","0.443",0.018,NA,0.288,"0.038","JB_1123E_UF",0.32,0.00874,3.886,1,"JB_1123E_1","11/30/2023",53,"11/6/2024",0.39
"130","JB","4-24","JB_4-24_WQ",26.25,8.16,34.26,8.83,0.22,9.38,"Johnson Basin",25.049651,-80.908714,509207.91,2770448.64,"Florida Bay","N","Johnson Basin","JB_4-24_F1","0.154",0.041,NA,0.249,"0.013","JB_4-24_UF1",20.7,0.415,256.4,2,"JB_4-24_2","4/11/2024",50,"11/6/2024",0.11
"131","JB","4-24","JB_4-24_WQ",26.25,8.16,34.26,8.83,0.22,9.38,"Johnson Basin",25.049651,-80.908714,509207.91,2770448.64,"Florida Bay","N","Johnson Basin","JB_4-24_F1","0.154",0.041,NA,0.249,"0.013","JB_4-24_UF1",20.7,0.415,256.4,1,"JB_4-24_1","4/11/2024",50,"11/6/2024",0.42
"132","JB","8-24","JB_8-24_WQ",30.944,6.27,38.8,8.01,0.07,0.26,"Johnson Basin",25.049651,-80.908714,509207.91,2770448.64,"Florida Bay","N","Johnson Basin","JB_8-24_F1","0.239",0.023,NA,0.671,"0.009","JB_8-24_UF1",35.5,0.31,498.4,2,"JB_8-24_2","",NA,"11/6/2024",0.84
"133","JB","8-24","JB_8-24_WQ",30.944,6.27,38.8,8.01,0.07,0.26,"Johnson Basin",25.049651,-80.908714,509207.91,2770448.64,"Florida Bay","N","Johnson Basin","JB_8-24_F1","0.239",0.023,NA,0.671,"0.009","JB_8-24_UF1",35.5,0.31,498.4,1,"JB_8-24_1","",NA,"11/6/2024",1.31
"134","JB","9-23","JB_9-23_WQ",28.937,7.54,37.19,8.56,-0.1,6.44,"Johnson Basin",25.049651,-80.908714,509207.91,2770448.64,"Florida Bay","N","Johnson Basin","JB_9-23_F1","0.00322",0.00018,NA,0.0047,"0.0005","JB_9-23_UF1",0.26,0.01014,2.665,1,"JB_9-23_1","10/5/2023",56,"11/6/2024",0.86
"135","JB","9-23","JB_9-23_WQ",28.937,7.54,37.19,8.56,-0.1,6.44,"Johnson Basin",25.049651,-80.908714,509207.91,2770448.64,"Florida Bay","N","Johnson Basin","JB_9-23_F1","0.00322",0.00018,NA,0.0047,"0.0005","JB_9-23_UF1",0.26,0.01014,2.665,2,"JB_9-23_2","10/5/2023",54,"11/6/2024",0.78
"136","MCS1","1-24","MCS1_1-24_WQ",22,8,3.2,8.49,3.89,25.96,"Seven Palm Lake",25.183946,-80.720982,528113.6,2785345.22,"Coastal Lakes","Y","Seven Palm Lake (sediment near entrance?)","MCS1_1-24_F1","0.264",0.114,NA,0.307,"0.016","MCS1_1-24_UF1",65.2,0.975,901.7,2,"MCS1_1-24_2","1/7/2024",55,"",NA
"137","MCS1","1-24","MCS1_1-24_WQ",22,8,3.2,8.49,3.89,25.96,"Seven Palm Lake",25.183946,-80.720982,528113.6,2785345.22,"Coastal Lakes","Y","Seven Palm Lake (sediment near entrance?)","MCS1_1-24_F1","0.264",0.114,NA,0.307,"0.016","MCS1_1-24_UF1",65.2,0.975,901.7,1,"MCS1_1-24_1","1/7/2024",56,"",NA
"138","MCS1","1123E","MCS1_1123E_WQ",22.8,8.3,5,NA,NA,NA,"Seven Palm Lake",25.183946,-80.720982,528113.6,2785345.22,"Coastal Lakes","Y","Seven Palm Lake (sediment near entrance?)","MCS1_1123E_F1","0.0048",0.00108,NA,0.00217,"0.00034","MCS1_1123E_UF",1,0.01792,16.64,2,"MCS1_1123E_2","11/30/2023",55,"11/6/2024",6.85
"139","MCS1","1123E","MCS1_1123E_WQ",22.8,8.3,5,NA,NA,NA,"Seven Palm Lake",25.183946,-80.720982,528113.6,2785345.22,"Coastal Lakes","Y","Seven Palm Lake (sediment near entrance?)","MCS1_1123E_F1","0.0048",0.00108,NA,0.00217,"0.00034","MCS1_1123E_UF",1,0.01792,16.64,1,"MCS1_1123E_1","11/30/2023",51,"11/6/2024",7.59
"140","MCS1","1123E","MCS1_1123E_WQ",22.8,8.3,5,NA,NA,NA,"Seven Palm Lake",25.183946,-80.720982,528113.6,2785345.22,"Coastal Lakes","Y","Seven Palm Lake (sediment near entrance?)","MCS1_1123E_F1","0.343",0.077,NA,0.155,"0.011","MCS1_1123E_UF",1,0.01792,16.64,2,"MCS1_1123E_2","11/30/2023",55,"11/6/2024",6.85
"141","MCS1","1123E","MCS1_1123E_WQ",22.8,8.3,5,NA,NA,NA,"Seven Palm Lake",25.183946,-80.720982,528113.6,2785345.22,"Coastal Lakes","Y","Seven Palm Lake (sediment near entrance?)","MCS1_1123E_F1","0.343",0.077,NA,0.155,"0.011","MCS1_1123E_UF",1,0.01792,16.64,1,"MCS1_1123E_1","11/30/2023",51,"11/6/2024",7.59
"142","MCS1","4-24","MCS1_4-24_WQ",24.6,8.32,4.89,8.61,5.5,19.04,"Seven Palm Lake",25.183946,-80.720982,528113.6,2785345.22,"Coastal Lakes","Y","Seven Palm Lake (sediment near entrance?)","MCS1_4-24_F1","1.105",0.155,NA,1.485,"0.053","MCS1_4-24_UF1",68.1,1.003,465.7,2,"MCS1_4-24_2","4/8/2024",50,"11/6/2024",17.52
"143","MCS1","4-24","MCS1_4-24_WQ",24.6,8.32,4.89,8.61,5.5,19.04,"Seven Palm Lake",25.183946,-80.720982,528113.6,2785345.22,"Coastal Lakes","Y","Seven Palm Lake (sediment near entrance?)","MCS1_4-24_F1","1.105",0.155,NA,1.485,"0.053","MCS1_4-24_UF1",68.1,1.003,465.7,1,"MCS1_4-24_1","4/8/2024",50,"11/6/2024",8.17
"144","MCS1","8-24","MCS1_8-24_WQ",29.526,6.83,10.64,8.18,3.7,0.69,"Seven Palm Lake",25.183946,-80.720982,528113.6,2785345.22,"Coastal Lakes","Y","Seven Palm Lake (sediment near entrance?)","MCS1_8-24_F1","0.795",0.017,NA,1.187,"0.035","MCS1_8-24_UF1",88.6,1.063,1397,1,"MCS1_8-24_1","",NA,"11/6/2024",9.43
"145","MCS1","8-24","MCS1_8-24_WQ",29.526,6.83,10.64,8.18,3.7,0.69,"Seven Palm Lake",25.183946,-80.720982,528113.6,2785345.22,"Coastal Lakes","Y","Seven Palm Lake (sediment near entrance?)","MCS1_8-24_F1","0.795",0.017,NA,1.187,"0.035","MCS1_8-24_UF1",88.6,1.063,1397,2,"MCS1_8-24_2","",NA,"11/6/2024",10.05
"146","MCS1","9-23","MCS1_9-23_WQ",29.141,6.82,12,8.37,2.28,32.87,"Seven Palm Lake",25.183946,-80.720982,528113.6,2785345.22,"Coastal Lakes","Y","Seven Palm Lake (sediment near entrance?)","MCS1_9-23_F1","0.15",0.103,NA,0.313,NA,"MCS1_9-23_UF1",79.3,0.704,2055,2,"MCS1_9-23_2","9/27/2023",54,"12/1/2023",15.42
"147","MCS1","9-23","MCS1_9-23_WQ",29.141,6.82,12,8.37,2.28,32.87,"Seven Palm Lake",25.183946,-80.720982,528113.6,2785345.22,"Coastal Lakes","Y","Seven Palm Lake (sediment near entrance?)","MCS1_9-23_F1","0.15",0.103,NA,0.313,NA,"MCS1_9-23_UF1",79.3,0.704,2055,1,"MCS1_9-23_1","9/27/2023",55,"12/1/2023",14.61
"148","MCS2","1-24","MCS2_1-24_WQ",22.2,8,3.4,8.32,6.65,25.56,"Middle Lake",25.180071,-80.732186,526985.58,2784913.85,"Coastal Lakes","N","Middle Lake","MCS2_1-24_F1","0.677",0.214,NA,0.977,"0.063","MCS2_1-24_UF1",62.9,0.636,900,2,"MCS2_1-24_2","1/7/2024",54,"",NA
"149","MCS2","1-24","MCS2_1-24_WQ",22.2,8,3.4,8.32,6.65,25.56,"Middle Lake",25.180071,-80.732186,526985.58,2784913.85,"Coastal Lakes","N","Middle Lake","MCS2_1-24_F1","0.677",0.214,NA,0.977,"0.063","MCS2_1-24_UF1",62.9,0.636,900,1,"MCS2_1-24_1","1/7/2024",55,"",NA
"150","MCS2","4-24","MCS2_4-24_WQ",25,8.4,6.95,8.5,9.3,18.83,"Middle Lake",25.180071,-80.732186,526985.58,2784913.85,"Coastal Lakes","N","Middle Lake","MCS2_4-24_F1","1.060",0.139,NA,1.471,"0.034","MCS2_4-24_UF1",88.1,1.607,423,1,"MCS2_4-24_1","4/8/2024",50,"11/6/2024",26.73
"151","MCS2","4-24","MCS2_4-24_WQ",25,8.4,6.95,8.5,9.3,18.83,"Middle Lake",25.180071,-80.732186,526985.58,2784913.85,"Coastal Lakes","N","Middle Lake","MCS2_4-24_F1","1.060",0.139,NA,1.471,"0.034","MCS2_4-24_UF1",88.1,1.607,423,2,"MCS2_4-24_2","4/8/2024",50,"11/6/2024",26.89
"152","MCS2","4-24","MCS2_4-24_WQ",25,8.4,6.95,8.5,9.3,18.83,"Middle Lake",25.180071,-80.732186,526985.58,2784913.85,"Coastal Lakes","N","Middle Lake","MCS2_4-24_F1","1.06",0.139,NA,1.471,"0.034","MCS2_4-24_UF1",88.1,1.607,423,1,"MCS2_4-24_1","4/8/2024",50,"11/6/2024",26.73
"153","MCS2","4-24","MCS2_4-24_WQ",25,8.4,6.95,8.5,9.3,18.83,"Middle Lake",25.180071,-80.732186,526985.58,2784913.85,"Coastal Lakes","N","Middle Lake","MCS2_4-24_F1","1.06",0.139,NA,1.471,"0.034","MCS2_4-24_UF1",88.1,1.607,423,2,"MCS2_4-24_2","4/8/2024",50,"11/6/2024",26.89
"154","MCS2","8-24","MCS2_8-24_WQ",29.476,6.73,15.9,8.01,6.36,0.73,"Middle Lake",25.180071,-80.732186,526985.58,2784913.85,"Coastal Lakes","N","Middle Lake","MCS2_8-24_F1","0.569",0.051,NA,1.216,"0.017","MCS2_8-24_UF1",106.2,1.114,1037,2,"MCS2_8-24_2","",NA,"11/6/2024",9.88
"155","MCS2","8-24","MCS2_8-24_WQ",29.476,6.73,15.9,8.01,6.36,0.73,"Middle Lake",25.180071,-80.732186,526985.58,2784913.85,"Coastal Lakes","N","Middle Lake","MCS2_8-24_F1","0.569",0.051,NA,1.216,"0.017","MCS2_8-24_UF1",106.2,1.114,1037,1,"MCS2_8-24_1","",NA,"11/6/2024",10.12
"156","MCS2","9-23","MCS2_9-23_WQ",29.341,6.72,12.96,8.13,3.99,32.28,"Middle Lake",25.180071,-80.732186,526985.58,2784913.85,"Coastal Lakes","N","Middle Lake","MCS2_9-23_F1","5.49",0.327,5.163,1.665,"0.017","MCS2_9-23_UF1",83.2,1.002,2016,2,"MCS2_9-23_2","9/27/2023",58,"12/1/2023",17.71
"157","MCS2","9-23","MCS2_9-23_WQ",29.341,6.72,12.96,8.13,3.99,32.28,"Middle Lake",25.180071,-80.732186,526985.58,2784913.85,"Coastal Lakes","N","Middle Lake","MCS2_9-23_F1","5.49",0.327,5.163,1.665,"0.017","MCS2_9-23_UF1",83.2,1.002,2016,1,"MCS2_9-23_1","9/27/2023",53,"12/1/2023",17.75
"158","MCS3","1-24","MCS3_1-24_WQ",22.4,9,5.7,8.23,6.04,28.07,"Monroe Lake",25.174664,-80.738546,526345.93,2784313.79,"Coastal Lakes","Y","Monroe Lake","MCS3_1-24_F1","0.913",0.223,NA,1.568,"0.02","MCS3_1-24_UF1",60.5,0.774,860,1,"MCS3_1-24_1","1/7/2024",54,"",NA
"159","MCS3","1-24","MCS3_1-24_WQ",22.4,9,5.7,8.23,6.04,28.07,"Monroe Lake",25.174664,-80.738546,526345.93,2784313.79,"Coastal Lakes","Y","Monroe Lake","MCS3_1-24_F1","0.913",0.223,NA,1.568,"0.02","MCS3_1-24_UF1",60.5,0.774,860,2,"MCS3_1-24_2","1/7/2024",51,"",NA
"160","MCS3","4-24","MCS3_4-24_WQ",25.1,8.35,10.53,8.46,8.11,19.57,"Monroe Lake",25.174664,-80.738546,526345.93,2784313.79,"Coastal Lakes","Y","Monroe Lake","MCS3_4-24_F1","1.286",0.099,NA,1.874,"0.024","MCS3_4-24_UF1",91.7,1.755,1276,2,"MCS3_4-24_2","4/8/2024",50,"11/6/2024",18.33
"161","MCS3","4-24","MCS3_4-24_WQ",25.1,8.35,10.53,8.46,8.11,19.57,"Monroe Lake",25.174664,-80.738546,526345.93,2784313.79,"Coastal Lakes","Y","Monroe Lake","MCS3_4-24_F1","1.286",0.099,NA,1.874,"0.024","MCS3_4-24_UF1",91.7,1.755,1276,1,"MCS3_4-24_1","4/8/2024",50,"11/6/2024",18.15
"162","MCS3","8-24","MCS3_8-24_WQ",29.554,6.69,21.19,7.99,9.62,1.05,"Monroe Lake",25.174664,-80.738546,526345.93,2784313.79,"Coastal Lakes","Y","Monroe Lake","MCS3_8-24_F1","1.430",0.055,NA,0.902,"0.020","MCS3_8-24_UF1",103.1,1.211,1187,2,"MCS3_8-24_2","",NA,"11/6/2024",11.36
"163","MCS3","8-24","MCS3_8-24_WQ",29.554,6.69,21.19,7.99,9.62,1.05,"Monroe Lake",25.174664,-80.738546,526345.93,2784313.79,"Coastal Lakes","Y","Monroe Lake","MCS3_8-24_F1","1.430",0.055,NA,0.902,"0.020","MCS3_8-24_UF1",103.1,1.211,1187,1,"MCS3_8-24_1","",NA,"11/6/2024",13.7
"164","MCS3","8-24","MCS3_8-24_WQ",29.554,6.69,21.19,7.99,9.62,1.05,"Monroe Lake",25.174664,-80.738546,526345.93,2784313.79,"Coastal Lakes","Y","Monroe Lake","MCS3_8-24_F1","1.43",0.055,NA,0.902,"0.02","MCS3_8-24_UF1",103.1,1.211,1187,2,"MCS3_8-24_2","",NA,"11/6/2024",11.36
"165","MCS3","8-24","MCS3_8-24_WQ",29.554,6.69,21.19,7.99,9.62,1.05,"Monroe Lake",25.174664,-80.738546,526345.93,2784313.79,"Coastal Lakes","Y","Monroe Lake","MCS3_8-24_F1","1.43",0.055,NA,0.902,"0.02","MCS3_8-24_UF1",103.1,1.211,1187,1,"MCS3_8-24_1","",NA,"11/6/2024",13.7
"166","MCS3","9-23","MCS3_9-23_WQ",29.199,6.24,15.8,8,3.96,36.56,"Monroe Lake",25.174664,-80.738546,526345.93,2784313.79,"Coastal Lakes","Y","Monroe Lake","MCS3_9-23_F1","3.081",0.218,2.863,0.84,"0.019","MCS3_9-23_UF1",67.1,1.111,1780,1,"MCS3_9-23_1","9/27/2023",56,"12/1/2023",21.45
"167","MCS3","9-23","MCS3_9-23_WQ",29.199,6.24,15.8,8,3.96,36.56,"Monroe Lake",25.174664,-80.738546,526345.93,2784313.79,"Coastal Lakes","Y","Monroe Lake","MCS3_9-23_F1","3.081",0.218,2.863,0.84,"0.019","MCS3_9-23_UF1",67.1,1.111,1780,2,"MCS3_9-23_2","9/27/2023",57,"12/1/2023",22.27
"168","MCS4","1-24","MCS4_1-24_WQ",22.6,8.2,5.7,8.12,8.52,27.4,"McCormick Creek",25.16706,-80.731255,527082.21,2783473.3,"POI","N","Entrance to McCormick Creek from Terrapin","MCS4_1-24_F1","0.326",0.129,NA,0.02,"0.018","MCS4_1-24_UF1",66.7,0.645,1107,2,"MCS4_1-24_2","1/7/2024",51,"",NA
"169","MCS4","1-24","MCS4_1-24_WQ",22.6,8.2,5.7,8.12,8.52,27.4,"McCormick Creek",25.16706,-80.731255,527082.21,2783473.3,"POI","N","Entrance to McCormick Creek from Terrapin","MCS4_1-24_F1","0.326",0.129,NA,0.02,"0.018","MCS4_1-24_UF1",66.7,0.645,1107,1,"MCS4_1-24_1","1/7/2024",54,"",NA
"170","MCS4","4-24","MCS4_4-24_WQ",25.6,7.35,10.74,8.38,8.54,19.7,"McCormick Creek",25.16706,-80.731255,527082.21,2783473.3,"POI","N","Entrance to McCormick Creek from Terrapin","MCS4_4-24_F1","1.422",0.117,NA,1.75,"0.027","MCS4_4-24_UF1",71,1.562,664.3,2,"MCS4_4-24_2","4/8/2024",50,"11/6/2024",25.22
"171","MCS4","4-24","MCS4_4-24_WQ",25.6,7.35,10.74,8.38,8.54,19.7,"McCormick Creek",25.16706,-80.731255,527082.21,2783473.3,"POI","N","Entrance to McCormick Creek from Terrapin","MCS4_4-24_F1","1.422",0.117,NA,1.75,"0.027","MCS4_4-24_UF1",71,1.562,664.3,1,"MCS4_4-24_1","4/8/2024",48,"11/6/2024",22.51
"172","MCS4","8-24","MCS4_8-24_WQ",29.681,4.64,22.66,7.8,10.44,1.14,"McCormick Creek",25.16706,-80.731255,527082.21,2783473.3,"POI","N","Entrance to McCormick Creek from Terrapin","MCS4_8-24_F1","0.552",0.057,NA,0.702,"0.010","MCS4_8-24_UF1",97.1,1.207,1058,1,"MCS4_8-24_1","",NA,"11/6/2024",11.05
"173","MCS4","8-24","MCS4_8-24_WQ",29.681,4.64,22.66,7.8,10.44,1.14,"McCormick Creek",25.16706,-80.731255,527082.21,2783473.3,"POI","N","Entrance to McCormick Creek from Terrapin","MCS4_8-24_F1","0.552",0.057,NA,0.702,"0.010","MCS4_8-24_UF1",97.1,1.207,1058,2,"MCS4_8-24_2","",NA,"11/6/2024",12.88
"174","MCS4","9-23","MCS4_9-23_WQ",29.036,4.07,17.45,7.86,8.49,35.2,"McCormick Creek",25.16706,-80.731255,527082.21,2783473.3,"POI","N","Entrance to McCormick Creek from Terrapin","MCS4_9-23_F1","4.55",0.532,4.018,3.305,"0.085","MCS4_9-23_UF1",76,1.199,1993,1,"MCS4_9-23_1","9/27/2023",57,"12/1/2023",22.23
"175","MCS4","9-23","MCS4_9-23_WQ",29.036,4.07,17.45,7.86,8.49,35.2,"McCormick Creek",25.16706,-80.731255,527082.21,2783473.3,"POI","N","Entrance to McCormick Creek from Terrapin","MCS4_9-23_F1","4.55",0.532,4.018,3.305,"0.085","MCS4_9-23_UF1",76,1.199,1993,2,"MCS4_9-23_2","9/27/2023",56,"12/1/2023",22.79
"176","RB","1-24","RB_1-24_WQ",21.1,6.7,26.4,8.34,2.75,13.9,"Rankin Basin",25.125171,-80.807714,519383.82,2778821.64,"Florida Bay","Y","Rankin Basin","RB_1-24_F1","0.418",0.024,NA,0.443,"ND","RB_1-24_UF1",37.9,0.618,501.1,1,"RB_1-24_1","1/6/2024",57,"",NA
"177","RB","1-24","RB_1-24_WQ",21.1,6.7,26.4,8.34,2.75,13.9,"Rankin Basin",25.125171,-80.807714,519383.82,2778821.64,"Florida Bay","Y","Rankin Basin","RB_1-24_F1","0.418",0.024,NA,0.443,"ND","RB_1-24_UF1",37.9,0.618,501.1,2,"RB_1-24_2","1/6/2024",56,"",NA
"178","RB","1123E","RB_1123E_WQ",20.5,6,29.2,NA,NA,NA,"Rankin Basin",25.125171,-80.807714,519383.82,2778821.64,"Florida Bay","Y","Rankin Basin","RB_1123E_F1","0.451",0.066,NA,0.033,"0.025","RB_1123E_UF",1.41,0.04473,15.66,1,"RB_1123E_1","11/30/2023",52,"11/6/2024",19.61
"179","RB","1123E","RB_1123E_WQ",20.5,6,29.2,NA,NA,NA,"Rankin Basin",25.125171,-80.807714,519383.82,2778821.64,"Florida Bay","Y","Rankin Basin","RB_1123E_F1","0.451",0.066,NA,0.033,"0.025","RB_1123E_UF",1.41,0.04473,15.66,2,"RB_1123E_2","11/30/2023",55,"11/6/2024",19.95
"180","RB","1123E","RB_1123E_WQ",20.5,6,29.2,NA,NA,NA,"Rankin Basin",25.125171,-80.807714,519383.82,2778821.64,"Florida Bay","Y","Rankin Basin","RB_1123E_F1","0.00631",0.00092,NA,0.00046,"0.00078","RB_1123E_UF",1.41,0.04473,15.66,1,"RB_1123E_1","11/30/2023",52,"11/6/2024",19.61
"181","RB","1123E","RB_1123E_WQ",20.5,6,29.2,NA,NA,NA,"Rankin Basin",25.125171,-80.807714,519383.82,2778821.64,"Florida Bay","Y","Rankin Basin","RB_1123E_F1","0.00631",0.00092,NA,0.00046,"0.00078","RB_1123E_UF",1.41,0.04473,15.66,2,"RB_1123E_2","11/30/2023",55,"11/6/2024",19.95
"182","RB","4-24","RB_4-24_WQ",25.4,6.66,32.7,8.47,3.6,13.42,"Rankin Basin",25.125171,-80.807714,519383.82,2778821.64,"Florida Bay","Y","Rankin Basin","RB_4-24_F1","0.537",0.156,NA,1.227,"0.027","RB_4-24_UF1",48.8,0.451,695.3,1,"RB_4-24_1","4/11/2024",50,"11/6/2024",0.82
"183","RB","4-24","RB_4-24_WQ",25.4,6.66,32.7,8.47,3.6,13.42,"Rankin Basin",25.125171,-80.807714,519383.82,2778821.64,"Florida Bay","Y","Rankin Basin","RB_4-24_F1","0.537",0.156,NA,1.227,"0.027","RB_4-24_UF1",48.8,0.451,695.3,2,"RB_4-24_2","4/11/2024",50,"11/6/2024",0.69
"184","RB","8-24","RB_8-24_WQ",30.259,6.02,38.04,8.08,5.28,0.64,"Rankin Basin",25.125171,-80.807714,519383.82,2778821.64,"Florida Bay","Y","Rankin Basin","RB_8-24_F1","0.892",0.148,NA,1.207,"0.018","RB_8-24_UF1",105.5,1.045,1054,1,"RB_8-24_1","",NA,"",NA
"185","RB","8-24","RB_8-24_WQ",30.259,6.02,38.04,8.08,5.28,0.64,"Rankin Basin",25.125171,-80.807714,519383.82,2778821.64,"Florida Bay","Y","Rankin Basin","RB_8-24_F1","0.892",0.148,NA,1.207,"0.018","RB_8-24_UF1",105.5,1.045,1054,2,"RB_8-24_2","",NA,"",NA
"186","RB","9-23","RB_9-23_WQ",29.485,6.97,35.77,8.21,1.9,14.37,"Rankin Basin",25.125171,-80.807714,519383.82,2778821.64,"Florida Bay","Y","Rankin Basin","RB_9-23_F1","7.689",0.344,7.345,6.624,"0.024","RB_9-23_UF1",45,0.435,864,2,"RB_9-23_2","9/27/2023",56,"12/1/2023",3.31
"187","RB","9-23","RB_9-23_WQ",29.485,6.97,35.77,8.21,1.9,14.37,"Rankin Basin",25.125171,-80.807714,519383.82,2778821.64,"Florida Bay","Y","Rankin Basin","RB_9-23_F1","7.689",0.344,7.345,6.624,"0.024","RB_9-23_UF1",45,0.435,864,1,"RB_9-23_1","9/27/2023",56,"12/1/2023",2.74
"188","SBT1","1-24","SBT1_1-24_WQ",22.7,6.4,0.1,NA,NA,NA,"Snake Bight Trail 1",25.184066,-80.873553,512740.66,2785335.4,"Mangrove","N","Mangroves along Snake Bight Trail","SBT1_1-24_F1","0.287",0.236,NA,0.689,"0.466","SBT1_1-24_UF1",268.1,7.941,1825,1,"SBT1_1-24_1","2/2/2024",52,"11/6/2024",134.87
"189","SBT1","1-24","SBT1_1-24_WQ",22.7,6.4,0.1,NA,NA,NA,"Snake Bight Trail 1",25.184066,-80.873553,512740.66,2785335.4,"Mangrove","N","Mangroves along Snake Bight Trail","SBT1_1-24_F1","0.287",0.236,NA,0.689,"0.466","SBT1_1-24_UF1",268.1,7.941,1825,2,"SBT1_1-24_2","2/2/2024",54,"11/6/2024",138.95
"190","SBT1","1123E","SBT1_1123E_WQ",23.5,1.04,10.5,NA,NA,NA,"Snake Bight Trail 1",25.184066,-80.873553,512740.66,2785335.4,"Mangrove","N","Mangroves along Snake Bight Trail","SBT1_1123E_F1","0.0084",0.0181,NA,0.02372,"0.10456","SBT1_1123E_UF",2.02,0.20122,53.72,2,"SBT1_1123E_2","11/28/2023",53,"11/6/2024",16.47
"191","SBT1","1123E","SBT1_1123E_WQ",23.5,1.04,10.5,NA,NA,NA,"Snake Bight Trail 1",25.184066,-80.873553,512740.66,2785335.4,"Mangrove","N","Mangroves along Snake Bight Trail","SBT1_1123E_F1","0.0084",0.0181,NA,0.02372,"0.10456","SBT1_1123E_UF",2.02,0.20122,53.72,1,"SBT1_1123E_1","11/28/2023",53,"11/6/2024",16.59
"192","SBT1","1123E","SBT1_1123E_WQ",23.5,1.04,10.5,NA,NA,NA,"Snake Bight Trail 1",25.184066,-80.873553,512740.66,2785335.4,"Mangrove","N","Mangroves along Snake Bight Trail","SBT1_1123E_F1","0.6",1.293,NA,1.694,"3.373","SBT1_1123E_UF",2.02,0.20122,53.72,2,"SBT1_1123E_2","11/28/2023",53,"11/6/2024",16.47
"193","SBT1","1123E","SBT1_1123E_WQ",23.5,1.04,10.5,NA,NA,NA,"Snake Bight Trail 1",25.184066,-80.873553,512740.66,2785335.4,"Mangrove","N","Mangroves along Snake Bight Trail","SBT1_1123E_F1","0.6",1.293,NA,1.694,"3.373","SBT1_1123E_UF",2.02,0.20122,53.72,1,"SBT1_1123E_1","11/28/2023",53,"11/6/2024",16.59
"194","SBT1","4-24","SBT1_4-24_WQ",22.9,2.8,25.8,NA,NA,NA,"Snake Bight Trail 1",25.184066,-80.873553,512740.66,2785335.4,"Mangrove","N","Mangroves along Snake Bight Trail","SBT1_4-24_F1","1.298",0.305,NA,3.301,"1.126","SBT1_4-24_UF1",188.3,4.35,2455,1,"SBT1_4-24_1","4/9/2024",51,"",NA
"195","SBT1","4-24","SBT1_4-24_WQ",22.9,2.8,25.8,NA,NA,NA,"Snake Bight Trail 1",25.184066,-80.873553,512740.66,2785335.4,"Mangrove","N","Mangroves along Snake Bight Trail","SBT1_4-24_F1","1.298",0.305,NA,3.301,"1.126","SBT1_4-24_UF1",188.3,4.35,2455,2,"SBT1_4-24_2","4/9/2024",52,"",NA
"196","SBT1","8-24","SBT1_8-24_WQ",27.491,0.99,33.03,7.12,15.59,55.46,"Snake Bight Trail 1",25.184066,-80.873553,512740.66,2785335.4,"Mangrove","N","Mangroves along Snake Bight Trail","SBT1_8-24_F1","4.661",0.214,4.447,1.757,"0.134","SBT1_8-24_UF1",163.3,2.202,1945,1,"SBT1_8-24_1","",NA,"11/6/2024",15.61
"197","SBT1","8-24","SBT1_8-24_WQ",27.491,0.99,33.03,7.12,15.59,55.46,"Snake Bight Trail 1",25.184066,-80.873553,512740.66,2785335.4,"Mangrove","N","Mangroves along Snake Bight Trail","SBT1_8-24_F1","4.661",0.214,4.447,1.757,"0.134","SBT1_8-24_UF1",163.3,2.202,1945,2,"SBT1_8-24_2","",NA,"11/6/2024",16.64
"198","SBT1","9-23","SBT1_9-23_WQ",NA,NA,28.3,NA,NA,NA,"Snake Bight Trail 1",25.184066,-80.873553,512740.66,2785335.4,"Mangrove","N","Mangroves along Snake Bight Trail","SBT1_9-23_F1","0.297",0.124,NA,6.897,"0.309","SBT1_9-23_UF1",66.6,2.903,1628,2,"SBT1_9-23_2","9/30/2023",53,"11/6/2024",14.25
"199","SBT1","9-23","SBT1_9-23_WQ",NA,NA,28.3,NA,NA,NA,"Snake Bight Trail 1",25.184066,-80.873553,512740.66,2785335.4,"Mangrove","N","Mangroves along Snake Bight Trail","SBT1_9-23_F1","0.297",0.124,NA,6.897,"0.309","SBT1_9-23_UF1",66.6,2.903,1628,1,"SBT1_9-23_1","9/30/2023",56,"11/6/2024",17.71
"200","SBT2","1-24","SBT2_1-24_WQ",21.7,4.3,31.2,8.28,32,12.27,"Snake Bight Trail 2",25.17363,-80.873795,512717.37,2784179.71,"POI","N","Creek at end of Snake Bight Trail","SBT2_1-24_F1","0.306",0.043,NA,1.165,"0.032","SBT2_1-24_UF1",39.5,0.69,483.5,2,"SBT2_1-24_2","1/6/2024",53,"",NA
"201","SBT2","1-24","SBT2_1-24_WQ",21.7,4.3,31.2,8.28,32,12.27,"Snake Bight Trail 2",25.17363,-80.873795,512717.37,2784179.71,"POI","N","Creek at end of Snake Bight Trail","SBT2_1-24_F1","0.306",0.043,NA,1.165,"0.032","SBT2_1-24_UF1",39.5,0.69,483.5,1,"SBT2_1-24_1","1/6/2024",54,"",NA
"202","SBT2","1123E","SBT2_1123E_WQ",20.9,9.3,34.5,NA,NA,NA,"Snake Bight Trail 2",25.17363,-80.873795,512717.37,2784179.71,"POI","N","Creek at end of Snake Bight Trail","SBT2_1123E_F1","0.156",0.039,NA,0.472,"0.028","SBT2_1123E_UF",0.34,0.0173,3.753,1,"SBT2_1123E_1","11/30/2023",51,"11/6/2024",3.31
"203","SBT2","1123E","SBT2_1123E_WQ",20.9,9.3,34.5,NA,NA,NA,"Snake Bight Trail 2",25.17363,-80.873795,512717.37,2784179.71,"POI","N","Creek at end of Snake Bight Trail","SBT2_1123E_F1","0.156",0.039,NA,0.472,"0.028","SBT2_1123E_UF",0.34,0.0173,3.753,2,"SBT2_1123E_2","11/30/2023",51,"11/6/2024",2.42
"204","SBT2","1123E","SBT2_1123E_WQ",20.9,9.3,34.5,NA,NA,NA,"Snake Bight Trail 2",25.17363,-80.873795,512717.37,2784179.71,"POI","N","Creek at end of Snake Bight Trail","SBT2_1123E_F1","0.00218",0.00055,NA,0.00661,"0.00087","SBT2_1123E_UF",0.34,0.0173,3.753,1,"SBT2_1123E_1","11/30/2023",51,"11/6/2024",3.31
"205","SBT2","1123E","SBT2_1123E_WQ",20.9,9.3,34.5,NA,NA,NA,"Snake Bight Trail 2",25.17363,-80.873795,512717.37,2784179.71,"POI","N","Creek at end of Snake Bight Trail","SBT2_1123E_F1","0.00218",0.00055,NA,0.00661,"0.00087","SBT2_1123E_UF",0.34,0.0173,3.753,2,"SBT2_1123E_2","11/30/2023",51,"11/6/2024",2.42
"206","SBT2","4-24","SBT2_4-24_WQ",25.2,5.61,34.17,8.51,56.5,13.02,"Snake Bight Trail 2",25.17363,-80.873795,512717.37,2784179.71,"POI","N","Creek at end of Snake Bight Trail","SBT2_4-24_F1","0.494",0.058,NA,1.594,"0.039","SBT2_4-24_UF1",57.9,2.022,1341,2,"SBT2_4-24_2","4/11/2024",50,"11/6/2024",13.97
"207","SBT2","4-24","SBT2_4-24_WQ",25.2,5.61,34.17,8.51,56.5,13.02,"Snake Bight Trail 2",25.17363,-80.873795,512717.37,2784179.71,"POI","N","Creek at end of Snake Bight Trail","SBT2_4-24_F1","0.494",0.058,NA,1.594,"0.039","SBT2_4-24_UF1",57.9,2.022,1341,1,"SBT2_4-24_1","4/11/2024",52,"11/6/2024",14.9
"208","SBT2","8-24","SBT2_8-24_WQ",NA,NA,NA,NA,NA,NA,"Snake Bight Trail 2",25.17363,-80.873795,512717.37,2784179.71,"POI","N","Creek at end of Snake Bight Trail","SBT2_8-24_F1","0.622",0.113,NA,2.454,"0.012","SBT2_8-24_UF1",62.4,0.83,660.6,1,"SBT2_8-24_1","",NA,"11/6/2024",7.54
"209","SBT2","8-24","SBT2_8-24_WQ",NA,NA,NA,NA,NA,NA,"Snake Bight Trail 2",25.17363,-80.873795,512717.37,2784179.71,"POI","N","Creek at end of Snake Bight Trail","SBT2_8-24_F1","0.622",0.113,NA,2.454,"0.012","SBT2_8-24_UF1",62.4,0.83,660.6,2,"SBT2_8-24_2","",NA,"11/6/2024",6.93
"210","SBT2","9-23","SBT2_9-23_WQ",28.197,4.6,36.89,8.04,7.5,11.51,"Snake Bight Trail 2",25.17363,-80.873795,512717.37,2784179.71,"POI","N","Creek at end of Snake Bight Trail","SBT2_9-23_F1","0.00281",7e-04,NA,0.02225,"0.00037","SBT2_9-23_UF1",0.36,0.01652,5.824,1,"SBT2_9-23_1","10/5/2023",55,"11/6/2024",1.36
"211","SBT2","9-23","SBT2_9-23_WQ",28.197,4.6,36.89,8.04,7.5,11.51,"Snake Bight Trail 2",25.17363,-80.873795,512717.37,2784179.71,"POI","N","Creek at end of Snake Bight Trail","SBT2_9-23_F1","0.00281",7e-04,NA,0.02225,"0.00037","SBT2_9-23_UF1",0.36,0.01652,5.824,2,"SBT2_9-23_2","10/5/2023",54,"11/6/2024",1.25
"212","TB1","1-24","TB1_1-24_WQ",23.2,8,8.6,8.06,9.2,23.97,"Terrapin Bay",25.158573,-80.726274,527586.12,2782534.55,"Florida Bay","Y","Terrapin Bay by the hydro station","TB1_1-24_F1","0.219",0.075,NA,0.338,"0.006","TB1_1-24_UF1",61.4,0.798,834.2,1,"TB1_1-24_1","1/7/2024",53,"",NA
"213","TB1","1-24","TB1_1-24_WQ",23.2,8,8.6,8.06,9.2,23.97,"Terrapin Bay",25.158573,-80.726274,527586.12,2782534.55,"Florida Bay","Y","Terrapin Bay by the hydro station","TB1_1-24_F1","0.219",0.075,NA,0.338,"0.006","TB1_1-24_UF1",61.4,0.798,834.2,2,"TB1_1-24_2","1/7/2024",55,"",NA
"214","TB1","1123E","TB1_1123E_WQ",22.8,8.1,8.6,NA,NA,NA,"Terrapin Bay",25.158573,-80.726274,527586.12,2782534.55,"Florida Bay","Y","Terrapin Bay by the hydro station","TB1_1123E_F1","0.00543",0.00211,NA,0.01303,"0.00025","TB1_1123E_UF",1.33,0.03457,19.89,1,"TB1_1123E_1","11/30/2023",55,"11/6/2024",14.23
"215","TB1","1123E","TB1_1123E_WQ",22.8,8.1,8.6,NA,NA,NA,"Terrapin Bay",25.158573,-80.726274,527586.12,2782534.55,"Florida Bay","Y","Terrapin Bay by the hydro station","TB1_1123E_F1","0.00543",0.00211,NA,0.01303,"0.00025","TB1_1123E_UF",1.33,0.03457,19.89,2,"TB1_1123E_2","11/30/2023",52,"11/6/2024",13.95
"216","TB1","1123E","TB1_1123E_WQ",22.8,8.1,8.6,NA,NA,NA,"Terrapin Bay",25.158573,-80.726274,527586.12,2782534.55,"Florida Bay","Y","Terrapin Bay by the hydro station","TB1_1123E_F1","0.388",0.151,NA,0.931,"0.008","TB1_1123E_UF",1.33,0.03457,19.89,1,"TB1_1123E_1","11/30/2023",55,"11/6/2024",14.23
"217","TB1","1123E","TB1_1123E_WQ",22.8,8.1,8.6,NA,NA,NA,"Terrapin Bay",25.158573,-80.726274,527586.12,2782534.55,"Florida Bay","Y","Terrapin Bay by the hydro station","TB1_1123E_F1","0.388",0.151,NA,0.931,"0.008","TB1_1123E_UF",1.33,0.03457,19.89,2,"TB1_1123E_2","11/30/2023",52,"11/6/2024",13.95
"218","TB1","4-24","TB1_4-24_WQ",25,7.75,161.96,8.3,9.67,15.29,"Terrapin Bay",25.158573,-80.726274,527586.12,2782534.55,"Florida Bay","Y","Terrapin Bay by the hydro station","TB1_4-24_F1","1.341",0.063,NA,0.552,"0.029","TB1_4-24_UF1",105.7,1.732,1272,1,"TB1_4-24_1","4/8/2024",52,"11/6/2024",14.74
"219","TB1","4-24","TB1_4-24_WQ",25,7.75,161.96,8.3,9.67,15.29,"Terrapin Bay",25.158573,-80.726274,527586.12,2782534.55,"Florida Bay","Y","Terrapin Bay by the hydro station","TB1_4-24_F1","1.341",0.063,NA,0.552,"0.029","TB1_4-24_UF1",105.7,1.732,1272,2,"TB1_4-24_2","4/8/2024",50,"11/6/2024",16.18
"220","TB1","8-24","TB1_8-24_WQ",30.049,6.67,27.74,7.88,6.22,0.35,"Terrapin Bay",25.158573,-80.726274,527586.12,2782534.55,"Florida Bay","Y","Terrapin Bay by the hydro station","TB1_8-24_F1","ND",0.042,NA,0.472,"0.014","TB1_8-24_UF1",51.7,0.737,484.4,2,"TB1_8-24_2","",NA,"11/6/2024",6.58
"221","TB1","8-24","TB1_8-24_WQ",30.049,6.67,27.74,7.88,6.22,0.35,"Terrapin Bay",25.158573,-80.726274,527586.12,2782534.55,"Florida Bay","Y","Terrapin Bay by the hydro station","TB1_8-24_F1","ND",0.042,NA,0.472,"0.014","TB1_8-24_UF1",51.7,0.737,484.4,1,"TB1_8-24_1","",NA,"11/6/2024",2.91
"222","TB1","9-23","TB1_9-23_WQ",30.734,4.34,21.43,7.81,8.73,32.64,"Terrapin Bay",25.158573,-80.726274,527586.12,2782534.55,"Florida Bay","Y","Terrapin Bay by the hydro station","TB1_9-23_F1","8.497",0.296,8.201,5.024,"0.014","TB1_9-23_UF1",88.6,1.057,2060,1,"TB1_9-23_1","9/27/2023",55,"12/1/2023",18.42
"223","TB1","9-23","TB1_9-23_WQ",30.734,4.34,21.43,7.81,8.73,32.64,"Terrapin Bay",25.158573,-80.726274,527586.12,2782534.55,"Florida Bay","Y","Terrapin Bay by the hydro station","TB1_9-23_F1","8.497",0.296,8.201,5.024,"0.014","TB1_9-23_UF1",88.6,1.057,2060,2,"TB1_9-23_2","9/27/2023",56,"12/1/2023",17.04
"224","TB2","1-24","TB2_1-24_WQ",22.6,7.7,18.8,8.26,3.71,9.92,"Southern Terrapin Bay",25.126647,-80.714868,528743.15,2779001.64,"Florida Bay","N","Florida Bay site just south of Terrapin","TB2_1-24_F1","1.091",0.183,0.908,9.372,"0.028","TB2_1-24_UF1",43.8,0.401,516.1,1,"TB2_1-24_1","1/7/2024",53,"",NA
"225","TB2","1-24","TB2_1-24_WQ",22.6,7.7,18.8,8.26,3.71,9.92,"Southern Terrapin Bay",25.126647,-80.714868,528743.15,2779001.64,"Florida Bay","N","Florida Bay site just south of Terrapin","TB2_1-24_F1","1.091",0.183,0.908,9.372,"0.028","TB2_1-24_UF1",43.8,0.401,516.1,2,"TB2_1-24_2","1/7/2024",52,"",NA
"226","TB2","1123E","TB2_1123E_WQ",22.5,7.6,22.1,NA,NA,NA,"Southern Terrapin Bay",25.126647,-80.714868,528743.15,2779001.64,"Florida Bay","N","Florida Bay site just south of Terrapin","TB2_1123E_F1","0.503",0.173,NA,0.054,"ND","TB2_1123E_UF",0.44,0.01054,4.297,1,"TB2_1123E_1","11/30/2023",54,"11/6/2024",1.9
"227","TB2","1123E","TB2_1123E_WQ",22.5,7.6,22.1,NA,NA,NA,"Southern Terrapin Bay",25.126647,-80.714868,528743.15,2779001.64,"Florida Bay","N","Florida Bay site just south of Terrapin","TB2_1123E_F1","0.503",0.173,NA,0.054,"ND","TB2_1123E_UF",0.44,0.01054,4.297,2,"TB2_1123E_2","11/30/2023",56,"11/6/2024",1.47
"228","TB2","1123E","TB2_1123E_WQ",22.5,7.6,22.1,NA,NA,NA,"Southern Terrapin Bay",25.126647,-80.714868,528743.15,2779001.64,"Florida Bay","N","Florida Bay site just south of Terrapin","TB2_1123E_F1","0.00704",0.00242,NA,0.00076,NA,"TB2_1123E_UF",0.44,0.01054,4.297,1,"TB2_1123E_1","11/30/2023",54,"11/6/2024",1.9
"229","TB2","1123E","TB2_1123E_WQ",22.5,7.6,22.1,NA,NA,NA,"Southern Terrapin Bay",25.126647,-80.714868,528743.15,2779001.64,"Florida Bay","N","Florida Bay site just south of Terrapin","TB2_1123E_F1","0.00704",0.00242,NA,0.00076,NA,"TB2_1123E_UF",0.44,0.01054,4.297,2,"TB2_1123E_2","11/30/2023",56,"11/6/2024",1.47
"230","TB2","4-24","TB2_4-24_WQ",24.8,7.99,27.02,8.32,2.06,9.53,"Southern Terrapin Bay",25.126647,-80.714868,528743.15,2779001.64,"Florida Bay","N","Florida Bay site just south of Terrapin","TB2_4-24_F1","1.752",0.152,NA,4.033,"0.018","TB2_4-24_UF1",30.5,0.681,372.8,2,"TB2_4-24_2","4/8/2024",50,"11/6/2024",1.66
"231","TB2","4-24","TB2_4-24_WQ",24.8,7.99,27.02,8.32,2.06,9.53,"Southern Terrapin Bay",25.126647,-80.714868,528743.15,2779001.64,"Florida Bay","N","Florida Bay site just south of Terrapin","TB2_4-24_F1","1.752",0.152,NA,4.033,"0.018","TB2_4-24_UF1",30.5,0.681,372.8,1,"TB2_4-24_1","4/8/2024",50,"11/6/2024",1.64
"232","TB2","8-24","TB2_8-24_WQ",30.243,6.05,30.68,7.76,14.26,0.26,"Southern Terrapin Bay",25.126647,-80.714868,528743.15,2779001.64,"Florida Bay","N","Florida Bay site just south of Terrapin","TB2_8-24_F1","0.445",0.1,NA,7.987,"0.010","TB2_8-24_UF1",76.4,0.654,714.6,2,"TB2_8-24_2","",NA,"11/6/2024",6.43
"233","TB2","8-24","TB2_8-24_WQ",30.243,6.05,30.68,7.76,14.26,0.26,"Southern Terrapin Bay",25.126647,-80.714868,528743.15,2779001.64,"Florida Bay","N","Florida Bay site just south of Terrapin","TB2_8-24_F1","0.445",0.1,NA,7.987,"0.010","TB2_8-24_UF1",76.4,0.654,714.6,1,"TB2_8-24_1","",NA,"11/6/2024",7.6
"234","TB2","9-23","TB2_9-23_WQ",29.625,5.94,34.17,8.19,5.36,10.3,"Southern Terrapin Bay",25.126647,-80.714868,528743.15,2779001.64,"Florida Bay","N","Florida Bay site just south of Terrapin","TB2_9-23_F1","3.379",0.123,NA,5.078,"0.021","TB2_9-23_UF1",49.4,0.275,1081,2,"TB2_9-23_2","9/27/2023",53,"12/1/2023",1.3
"235","TB2","9-23","TB2_9-23_WQ",29.625,5.94,34.17,8.19,5.36,10.3,"Southern Terrapin Bay",25.126647,-80.714868,528743.15,2779001.64,"Florida Bay","N","Florida Bay site just south of Terrapin","TB2_9-23_F1","3.379",0.123,NA,5.078,"0.021","TB2_9-23_UF1",49.4,0.275,1081,1,"TB2_9-23_1","9/27/2023",55,"12/1/2023",1.69
"236","TBC","1-24","TBC_1-24_WQ",23.4,4.5,7.7,7.58,18.85,26.88,"East Terrapin Creek",25.156611,-80.71696,528524.5,2782319.2,"POI","N","Dead creek on eastern side of Terrapin Bay","TBC_1-24_F1","1.039",0.431,0.608,3.297,"0.012","TBC_1-24_UF1",49.8,0.979,699.9,1,"TBC_1-24_1","1/7/2024",54,"",NA
"237","TBC","1-24","TBC_1-24_WQ",23.4,4.5,7.7,7.58,18.85,26.88,"East Terrapin Creek",25.156611,-80.71696,528524.5,2782319.2,"POI","N","Dead creek on eastern side of Terrapin Bay","TBC_1-24_F1","1.039",0.431,0.608,3.297,"0.012","TBC_1-24_UF1",49.8,0.979,699.9,2,"TBC_1-24_2","1/7/2024",53,"",NA
"238","TBC","4-24","TBC_4-24_WQ",23.9,2.28,21.64,7.26,16.15,37.68,"East Terrapin Creek",25.156611,-80.71696,528524.5,2782319.2,"POI","N","Dead creek on eastern side of Terrapin Bay","TBC_4-24_F1","0.89",0.241,NA,6.256,"0.029","TBC_4-24_UF1",68.1,1.578,679.7,1,"TBC_4-24_1","4/8/2024",50,"11/6/2024",16.77
"239","TBC","4-24","TBC_4-24_WQ",23.9,2.28,21.64,7.26,16.15,37.68,"East Terrapin Creek",25.156611,-80.71696,528524.5,2782319.2,"POI","N","Dead creek on eastern side of Terrapin Bay","TBC_4-24_F1","0.89",0.241,NA,6.256,"0.029","TBC_4-24_UF1",68.1,1.578,679.7,2,"TBC_4-24_2","4/8/2024",53,"11/6/2024",19.06
"240","TBC","4-24","TBC_4-24_WQ",23.9,2.28,21.64,7.26,16.15,37.68,"East Terrapin Creek",25.156611,-80.71696,528524.5,2782319.2,"POI","N","Dead creek on eastern side of Terrapin Bay","TBC_4-24_F1","0.890",0.241,NA,6.256,"0.029","TBC_4-24_UF1",68.1,1.578,679.7,1,"TBC_4-24_1","4/8/2024",50,"11/6/2024",16.77
"241","TBC","4-24","TBC_4-24_WQ",23.9,2.28,21.64,7.26,16.15,37.68,"East Terrapin Creek",25.156611,-80.71696,528524.5,2782319.2,"POI","N","Dead creek on eastern side of Terrapin Bay","TBC_4-24_F1","0.890",0.241,NA,6.256,"0.029","TBC_4-24_UF1",68.1,1.578,679.7,2,"TBC_4-24_2","4/8/2024",53,"11/6/2024",19.06
"242","TBC","8-24","TBC_8-24_WQ",30.016,2.6,27.72,7.33,6.2,0.72,"East Terrapin Creek",25.156611,-80.71696,528524.5,2782319.2,"POI","N","Dead creek on eastern side of Terrapin Bay","TBC_8-24_F1","4.505",0.25,4.255,2.199,"0.017","TBC_8-24_UF1",81.2,0.963,866.7,1,"TBC_8-24_1","",NA,"11/6/2024",5.5
"243","TBC","8-24","TBC_8-24_WQ",30.016,2.6,27.72,7.33,6.2,0.72,"East Terrapin Creek",25.156611,-80.71696,528524.5,2782319.2,"POI","N","Dead creek on eastern side of Terrapin Bay","TBC_8-24_F1","4.505",0.25,4.255,2.199,"0.017","TBC_8-24_UF1",81.2,0.963,866.7,2,"TBC_8-24_2","",NA,"11/6/2024",5.4
"244","TBC","9-23","TBC_9-23_WQ",29.954,5.19,30.67,7.9,21.54,16.07,"East Terrapin Creek",25.156611,-80.71696,528524.5,2782319.2,"POI","N","Dead creek on eastern side of Terrapin Bay","TBC_9-23_F1","4.299",0.17,4.129,9.994,"0.02","TBC_9-23_UF1",61.3,0.799,1242,2,"TBC_9-23_2","9/27/2023",56,"12/1/2023",9.32
"245","TBC","9-23","TBC_9-23_WQ",29.954,5.19,30.67,7.9,21.54,16.07,"East Terrapin Creek",25.156611,-80.71696,528524.5,2782319.2,"POI","N","Dead creek on eastern side of Terrapin Bay","TBC_9-23_F1","4.299",0.17,4.129,9.994,"0.02","TBC_9-23_UF1",61.3,0.799,1242,1,"TBC_9-23_1","9/27/2023",56,"12/1/2023",10.1
"246","TBCM","1-24","TBCM_1-24_WQ",25.4,7.1,7.4,NA,NA,NA,"East Terrapin Creek Mangrove",25.156911,-80.715074,528715.23,2782352.82,"Mangrove","N","Dead mangroves off of east Terrapin Creek","TBCM_1-24_F1","0.547",0.169,NA,4.576,"0.032","TBCM_1-24_UF1",83.2,1.508,1190,1,"TBCM_1-24_1","1/7/2024",53,"",NA
"247","TBCM","1-24","TBCM_1-24_WQ",25.4,7.1,7.4,NA,NA,NA,"East Terrapin Creek Mangrove",25.156911,-80.715074,528715.23,2782352.82,"Mangrove","N","Dead mangroves off of east Terrapin Creek","TBCM_1-24_F1","0.547",0.169,NA,4.576,"0.032","TBCM_1-24_UF1",83.2,1.508,1190,2,"TBCM_1-24_2","1/7/2024",50,"",NA
"248","TBCM","4-24","TBCM_4-24_WQ",26.7,10,63.6,NA,NA,NA,"East Terrapin Creek Mangrove",25.156911,-80.715074,528715.23,2782352.82,"Mangrove","N","Dead mangroves off of east Terrapin Creek","TBCM_4-24_F1","1.072",0.131,NA,8.696,"0.115","TBCM_4-24_UF1",73.3,0.877,857.5,2,"TBCM_4-24_2","4/8/2024",52,"",NA
"249","TBCM","4-24","TBCM_4-24_WQ",26.7,10,63.6,NA,NA,NA,"East Terrapin Creek Mangrove",25.156911,-80.715074,528715.23,2782352.82,"Mangrove","N","Dead mangroves off of east Terrapin Creek","TBCM_4-24_F1","1.072",0.131,NA,8.696,"0.115","TBCM_4-24_UF1",73.3,0.877,857.5,1,"TBCM_4-24_1","4/8/2024",50,"",NA
"250","TBCM","8-24","TBCM_8-24_WQ",33.315,7.69,27.91,8,29.3,2.29,"East Terrapin Creek Mangrove",25.156911,-80.715074,528715.23,2782352.82,"Mangrove","N","Dead mangroves off of east Terrapin Creek","TBCM_8-24_F1","ND",0.08,NA,0.718,"0.017","TBCM_8-24_UF1",65.5,1.243,539.9,2,"TBCM_8-24_2","",NA,"11/6/2024",8.13
"251","TBCM","8-24","TBCM_8-24_WQ",33.315,7.69,27.91,8,29.3,2.29,"East Terrapin Creek Mangrove",25.156911,-80.715074,528715.23,2782352.82,"Mangrove","N","Dead mangroves off of east Terrapin Creek","TBCM_8-24_F1","ND",0.08,NA,0.718,"0.017","TBCM_8-24_UF1",65.5,1.243,539.9,1,"TBCM_8-24_1","",NA,"11/6/2024",8.16
"252","TBCM","9-23","TBCM_9-23_WQ",NA,NA,28.2,NA,NA,NA,"East Terrapin Creek Mangrove",25.156911,-80.715074,528715.23,2782352.82,"Mangrove","N","Dead mangroves off of east Terrapin Creek","TBCM_9-23_F1","0.155",0.067,NA,5.107,"0.015","TBCM_9-23_UF1",85,1.158,1420,2,"TBCM_9-23_2","9/27/2023",54,"12/1/2023",13.99
"253","TBCM","9-23","TBCM_9-23_WQ",NA,NA,28.2,NA,NA,NA,"East Terrapin Creek Mangrove",25.156911,-80.715074,528715.23,2782352.82,"Mangrove","N","Dead mangroves off of east Terrapin Creek","TBCM_9-23_F1","0.155",0.067,NA,5.107,"0.015","TBCM_9-23_UF1",85,1.158,1420,1,"TBCM_9-23_1","9/27/2023",62,"12/1/2023",9.76
"254","TBHM","1-24","TBHM_1-24_WQ",21.9,3.1,5.6,8.33,31.78,17.84,"Terrapin Healthy Mangrove",25.166282,-80.731939,527013.52,2783386.99,"Mangrove","N","Healthy mangroves near McCormick Creek","TBHM_1-24_F1","0.655",0.197,NA,1.759,"0.012","TBHM_1-24_UF1",56.4,0.986,999.2,1,"TBHM_1-24_1","1/7/2024",51,"",NA
"255","TBHM","1-24","TBHM_1-24_WQ",21.9,3.1,5.6,8.33,31.78,17.84,"Terrapin Healthy Mangrove",25.166282,-80.731939,527013.52,2783386.99,"Mangrove","N","Healthy mangroves near McCormick Creek","TBHM_1-24_F1","0.655",0.197,NA,1.759,"0.012","TBHM_1-24_UF1",56.4,0.986,999.2,2,"TBHM_1-24_2","1/7/2024",53,"",NA
"256","TBHM","4-24","TBHM_4-24_WQ",25.7,7.1,10.67,8.33,31.78,17.84,"Terrapin Healthy Mangrove",25.166282,-80.731939,527013.52,2783386.99,"Mangrove","N","Healthy mangroves near McCormick Creek","TBHM_4-24_F1","0.741",0.111,NA,1.108,"0.190","TBHM_4-24_UF1",138.6,5.919,1228,1,"TBHM_4-24_1","4/8/2024",28,"11/6/2024",13.47
"257","TBHM","4-24","TBHM_4-24_WQ",25.7,7.1,10.67,8.33,31.78,17.84,"Terrapin Healthy Mangrove",25.166282,-80.731939,527013.52,2783386.99,"Mangrove","N","Healthy mangroves near McCormick Creek","TBHM_4-24_F1","0.741",0.111,NA,1.108,"0.190","TBHM_4-24_UF1",138.6,5.919,1228,2,"TBHM_4-24_2","4/8/2024",22,"11/6/2024",15.24
"258","TBHM","4-24","TBHM_4-24_WQ",25.7,7.1,10.67,8.33,31.78,17.84,"Terrapin Healthy Mangrove",25.166282,-80.731939,527013.52,2783386.99,"Mangrove","N","Healthy mangroves near McCormick Creek","TBHM_4-24_F1","0.741",0.111,NA,1.108,"0.19","TBHM_4-24_UF1",138.6,5.919,1228,1,"TBHM_4-24_1","4/8/2024",28,"11/6/2024",13.47
"259","TBHM","4-24","TBHM_4-24_WQ",25.7,7.1,10.67,8.33,31.78,17.84,"Terrapin Healthy Mangrove",25.166282,-80.731939,527013.52,2783386.99,"Mangrove","N","Healthy mangroves near McCormick Creek","TBHM_4-24_F1","0.741",0.111,NA,1.108,"0.19","TBHM_4-24_UF1",138.6,5.919,1228,2,"TBHM_4-24_2","4/8/2024",22,"11/6/2024",15.24
"260","TBHM","8-24","TBHM_8-24_WQ",29.928,4.12,23.47,7.76,12.14,1.04,"Terrapin Healthy Mangrove",25.166282,-80.731939,527013.52,2783386.99,"Mangrove","N","Healthy mangroves near McCormick Creek","TBHM_8-24_F1","0.011",0.054,NA,0.507,"0.003","TBHM_8-24_UF1",80.7,1.433,702.2,1,"TBHM_8-24_1","",NA,"11/6/2024",13.51
"261","TBHM","8-24","TBHM_8-24_WQ",29.928,4.12,23.47,7.76,12.14,1.04,"Terrapin Healthy Mangrove",25.166282,-80.731939,527013.52,2783386.99,"Mangrove","N","Healthy mangroves near McCormick Creek","TBHM_8-24_F1","0.011",0.054,NA,0.507,"0.003","TBHM_8-24_UF1",80.7,1.433,702.2,2,"TBHM_8-24_2","",NA,"11/6/2024",24.49
"262","TBHM","9-23","TBHM_9-23_WQ",NA,NA,12.6,NA,NA,NA,"Terrapin Healthy Mangrove",25.166282,-80.731939,527013.52,2783386.99,"Mangrove","N","Healthy mangroves near McCormick Creek","TBHM_9-23_F1","0.983",0.232,0.751,1.643,"0.005","TBHM_9-23_UF1",72.8,1.116,1803,1,"TBHM_9-23_1","9/27/2023",60,"12/1/2023",22.07
"263","TBHM","9-23","TBHM_9-23_WQ",NA,NA,12.6,NA,NA,NA,"Terrapin Healthy Mangrove",25.166282,-80.731939,527013.52,2783386.99,"Mangrove","N","Healthy mangroves near McCormick Creek","TBHM_9-23_F1","0.983",0.232,0.751,1.643,"0.005","TBHM_9-23_UF1",72.8,1.116,1803,2,"TBHM_9-23_2","9/27/2023",62,"12/1/2023",17.47
"264","TKB","1123E","TKB_1123E_WQ",22.6,7.4,30,NA,NA,NA,"Twin Keys Basin",24.982971,-80.765824,523633.91,2763082.59,"Florida Bay","N","Twin Keys Basin","TKB_1123E_F1","0.00417",0.00141,NA,0.06695,"0.00084","TKB_1123E_UF",0.68,0.00849,6.971,1,"TKB_1123E_1","11/30/2023",58,"11/6/2024",0.59
"265","TKB","1123E","TKB_1123E_WQ",22.6,7.4,30,NA,NA,NA,"Twin Keys Basin",24.982971,-80.765824,523633.91,2763082.59,"Florida Bay","N","Twin Keys Basin","TKB_1123E_F1","0.00417",0.00141,NA,0.06695,"0.00084","TKB_1123E_UF",0.68,0.00849,6.971,2,"TKB_1123E_2","11/30/2023",54,"11/6/2024",0.56
"266","TKB","1123E","TKB_1123E_WQ",22.6,7.4,30,NA,NA,NA,"Twin Keys Basin",24.982971,-80.765824,523633.91,2763082.59,"Florida Bay","N","Twin Keys Basin","TKB_1123E_F1","0.298",0.101,NA,4.782,"0.027","TKB_1123E_UF",0.68,0.00849,6.971,1,"TKB_1123E_1","11/30/2023",58,"11/6/2024",0.59
"267","TKB","1123E","TKB_1123E_WQ",22.6,7.4,30,NA,NA,NA,"Twin Keys Basin",24.982971,-80.765824,523633.91,2763082.59,"Florida Bay","N","Twin Keys Basin","TKB_1123E_F1","0.298",0.101,NA,4.782,"0.027","TKB_1123E_UF",0.68,0.00849,6.971,2,"TKB_1123E_2","11/30/2023",54,"11/6/2024",0.56
"268","TKB","4-24","TKB_4-24_WQ",25.5,7.26,31.97,8.34,1.59,7.35,"Twin Keys Basin",24.982971,-80.765824,523633.91,2763082.59,"Florida Bay","N","Twin Keys Basin","TKB_4-24_F1","0.64",0.059,NA,0.865,"ND","TKB_4-24_UF1",33.3,0.328,411,1,"TKB_4-24_1","4/11/2024",51,"11/6/2024",0.97
"269","TKB","4-24","TKB_4-24_WQ",25.5,7.26,31.97,8.34,1.59,7.35,"Twin Keys Basin",24.982971,-80.765824,523633.91,2763082.59,"Florida Bay","N","Twin Keys Basin","TKB_4-24_F1","0.64",0.059,NA,0.865,"ND","TKB_4-24_UF1",33.3,0.328,411,2,"TKB_4-24_2","4/11/2024",50,"11/6/2024",0.76
"270","TKB","4-24","TKB_4-24_WQ",25.5,7.26,31.97,8.34,1.59,7.35,"Twin Keys Basin",24.982971,-80.765824,523633.91,2763082.59,"Florida Bay","N","Twin Keys Basin","TKB_4-24_F1","0.640",0.059,NA,0.865,"ND","TKB_4-24_UF1",33.3,0.328,411,1,"TKB_4-24_1","4/11/2024",51,"11/6/2024",0.97
"271","TKB","4-24","TKB_4-24_WQ",25.5,7.26,31.97,8.34,1.59,7.35,"Twin Keys Basin",24.982971,-80.765824,523633.91,2763082.59,"Florida Bay","N","Twin Keys Basin","TKB_4-24_F1","0.640",0.059,NA,0.865,"ND","TKB_4-24_UF1",33.3,0.328,411,2,"TKB_4-24_2","4/11/2024",50,"11/6/2024",0.76
"272","TKB","8-24","TKB_8-24_WQ",30.808,6.63,38.05,7.91,0.95,0.22,"Twin Keys Basin",24.982971,-80.765824,523633.91,2763082.59,"Florida Bay","N","Twin Keys Basin","TKB_8-24_F1","1.240",0.216,1.024,1.591,"0.031","TKB_8-24_UF1",42.6,0.288,1679,2,"TKB_8-24_2","",NA,"11/6/2024",2.1
"273","TKB","8-24","TKB_8-24_WQ",30.808,6.63,38.05,7.91,0.95,0.22,"Twin Keys Basin",24.982971,-80.765824,523633.91,2763082.59,"Florida Bay","N","Twin Keys Basin","TKB_8-24_F1","1.240",0.216,1.024,1.591,"0.031","TKB_8-24_UF1",42.6,0.288,1679,1,"TKB_8-24_1","",NA,"11/6/2024",2.28
"274","TKB","9-23","TKB_9-23_WQ",28.866,6.53,38.15,8.3,0.24,6.84,"Twin Keys Basin",24.982971,-80.765824,523633.91,2763082.59,"Florida Bay","N","Twin Keys Basin","TKB_9-23_F1","0.00491",0.00063,NA,0.01865,"0.00056","TKB_9-23_UF1",0.78,0.00741,9.527,2,"TKB_9-23_2","10/5/2023",53,"11/6/2024",0.63
"275","TKB","9-23","TKB_9-23_WQ",28.866,6.53,38.15,8.3,0.24,6.84,"Twin Keys Basin",24.982971,-80.765824,523633.91,2763082.59,"Florida Bay","N","Twin Keys Basin","TKB_9-23_F1","0.00491",0.00063,NA,0.01865,"0.00056","TKB_9-23_UF1",0.78,0.00741,9.527,1,"TKB_9-23_1","10/5/2023",56,"11/6/2024",0.66
"276","TSM1","4-24","TSM1_4-24_WQ",25.2,3.8,0.3,NA,NA,NA,"Marsh 1",25.406877,-80.605754,539651.39,2810060.39,"Marsh","N","Taylor slough near entrance to park","TSM1_4-24_F1","0.102",0.006,NA,0.433,"0.024","TSM1_4-24_UF1",39.5,0.357,626.8,2,"TSM1_4-24_2","4/9/2024",NA,NA,NA
"277","TSM1","4-24","TSM1_4-24_WQ",25.2,3.8,0.3,NA,NA,NA,"Marsh 1",25.406877,-80.605754,539651.39,2810060.39,"Marsh","N","Taylor slough near entrance to park","TSM1_4-24_F1","0.102",0.006,NA,0.433,"0.024","TSM1_4-24_UF1",39.5,0.357,626.8,1,"TSM1_4-24_1","4/9/2024",NA,NA,NA
"278","TSM1","8-24","TSM1_8-24_WQ",29.525,5.19,0.21,7.64,0.1,28.83,"Marsh 1",25.406877,-80.605754,539651.39,2810060.39,"Marsh","N","Taylor slough near entrance to park","TSM1_8-24_F1","0.822",0.165,NA,0.455,"0.035","TSM1_8-24_UF1",123.8,1.36,1843,1,"TSM1_8-24_1","",NA,"",NA
"279","TSM1","8-24","TSM1_8-24_WQ",29.525,5.19,0.21,7.64,0.1,28.83,"Marsh 1",25.406877,-80.605754,539651.39,2810060.39,"Marsh","N","Taylor slough near entrance to park","TSM1_8-24_F1","0.822",0.165,NA,0.455,"0.035","TSM1_8-24_UF1",123.8,1.36,1843,2,"TSM1_8-24_2","",NA,"",NA
"280","TSM1","9-23","TSM1_9-23_WQ",NA,NA,NA,NA,NA,NA,"Marsh 1",25.406877,-80.605754,539651.39,2810060.39,"Marsh","N","Taylor slough near entrance to park","TSM1_9-23_F1","3.509",0.173,3.336,2.197,NA,"TSM1_9-23_UF1",35.8,0.397,949.2,1,"TSM1_9-23_1","9/30/2023",53,NA,NA
"281","TSM1","9-23","TSM1_9-23_WQ",NA,NA,NA,NA,NA,NA,"Marsh 1",25.406877,-80.605754,539651.39,2810060.39,"Marsh","N","Taylor slough near entrance to park","TSM1_9-23_F1","3.509",0.173,3.336,2.197,NA,"TSM1_9-23_UF1",35.8,0.397,949.2,2,"TSM1_9-23_2","9/30/2023",56,NA,NA
"282","TSM3","1123E","TSM3_1123E_WQ",25.2,6.3,0.2,NA,NA,NA,"Marsh 3",25.283386,-80.797905,520346.36,2796342.59,"Marsh","N","Marsh across from Paurotis Pond entrance","TSM3_1123E_F1","0.375",0.063,NA,6.171,"0.001","TSM3_1123E_UF",0.67,0.00825,6.763,2,"TSM3_1123E_2","11/28/2023",56,NA,NA
"283","TSM3","1123E","TSM3_1123E_WQ",25.2,6.3,0.2,NA,NA,NA,"Marsh 3",25.283386,-80.797905,520346.36,2796342.59,"Marsh","N","Marsh across from Paurotis Pond entrance","TSM3_1123E_F1","0.375",0.063,NA,6.171,"0.001","TSM3_1123E_UF",0.67,0.00825,6.763,1,"TSM3_1123E_1","11/28/2023",54,NA,NA
"284","TSM3","1123E","TSM3_1123E_WQ",25.2,6.3,0.2,NA,NA,NA,"Marsh 3",25.283386,-80.797905,520346.36,2796342.59,"Marsh","N","Marsh across from Paurotis Pond entrance","TSM3_1123E_F1","0.00525",0.00088,NA,0.08639,"0.00003","TSM3_1123E_UF",0.67,0.00825,6.763,2,"TSM3_1123E_2","11/28/2023",56,NA,NA
"285","TSM3","1123E","TSM3_1123E_WQ",25.2,6.3,0.2,NA,NA,NA,"Marsh 3",25.283386,-80.797905,520346.36,2796342.59,"Marsh","N","Marsh across from Paurotis Pond entrance","TSM3_1123E_F1","0.00525",0.00088,NA,0.08639,"0.00003","TSM3_1123E_UF",0.67,0.00825,6.763,1,"TSM3_1123E_1","11/28/2023",54,NA,NA
"286","TSM3","8-24","TSM3_8-24_WQ",29.55,5.33,0.22,7.61,4.44,26.8,"Marsh 3",25.283386,-80.797905,520346.36,2796342.59,"Marsh","N","Marsh across from Paurotis Pond entrance","TSM3_8-24_F1","1.561",0.196,1.365,1.276,"0.034","TSM3_8-24_UF1",134,1.94,1695,1,"TSM3_8-24_1","",NA,"11/6/2024",9.62
"287","TSM3","8-24","TSM3_8-24_WQ",29.55,5.33,0.22,7.61,4.44,26.8,"Marsh 3",25.283386,-80.797905,520346.36,2796342.59,"Marsh","N","Marsh across from Paurotis Pond entrance","TSM3_8-24_F1","1.561",0.196,1.365,1.276,"0.034","TSM3_8-24_UF1",134,1.94,1695,2,"TSM3_8-24_2","",NA,"11/6/2024",11.43
"288","TSM3","9-23","TSM3_9-23_WQ",NA,NA,NA,NA,NA,NA,"Marsh 3",25.283386,-80.797905,520346.36,2796342.59,"Marsh","N","Marsh across from Paurotis Pond entrance","TSM3_9-23_F1","2.644",0.121,NA,2.819,"0.032","TSM3_9-23_UF1",56,0.206,1122,2,"TSM3_9-23_2","9/30/2023",54,NA,NA
"289","TSM3","9-23","TSM3_9-23_WQ",NA,NA,NA,NA,NA,NA,"Marsh 3",25.283386,-80.797905,520346.36,2796342.59,"Marsh","N","Marsh across from Paurotis Pond entrance","TSM3_9-23_F1","2.644",0.121,NA,2.819,"0.032","TSM3_9-23_UF1",56,0.206,1122,1,"TSM3_9-23_1","9/30/2023",52,NA,NA
"290","TSM4","1123E","TSM4_1123E_WQ",24.4,4.7,0.2,NA,NA,NA,"Marsh 4",25.250483,-80.797746,520367.89,2792699.17,"Marsh","N","Marsh just south of Nine Mile Pond","TSM4_1123E_F1","0.00251",0.00112,NA,0.00871,NA,"TSM4_1123E_UF",0.75,0.00933,8.758,2,"TSM4_1123E_2","11/28/2023",53,NA,NA
"291","TSM4","1123E","TSM4_1123E_WQ",24.4,4.7,0.2,NA,NA,NA,"Marsh 4",25.250483,-80.797746,520367.89,2792699.17,"Marsh","N","Marsh just south of Nine Mile Pond","TSM4_1123E_F1","0.00251",0.00112,NA,0.00871,NA,"TSM4_1123E_UF",0.75,0.00933,8.758,1,"TSM4_1123E_1","11/28/2023",55,NA,NA
"292","TSM4","1123E","TSM4_1123E_WQ",24.4,4.7,0.2,NA,NA,NA,"Marsh 4",25.250483,-80.797746,520367.89,2792699.17,"Marsh","N","Marsh just south of Nine Mile Pond","TSM4_1123E_F1","0.179",0.08,NA,0.622,"ND","TSM4_1123E_UF",0.75,0.00933,8.758,2,"TSM4_1123E_2","11/28/2023",53,NA,NA
"293","TSM4","1123E","TSM4_1123E_WQ",24.4,4.7,0.2,NA,NA,NA,"Marsh 4",25.250483,-80.797746,520367.89,2792699.17,"Marsh","N","Marsh just south of Nine Mile Pond","TSM4_1123E_F1","0.179",0.08,NA,0.622,"ND","TSM4_1123E_UF",0.75,0.00933,8.758,1,"TSM4_1123E_1","11/28/2023",55,NA,NA
"294","TSM4","4-24","TSM4_4-24_WQ",23.2,4.9,0.1,NA,NA,NA,"Marsh 4",25.250483,-80.797746,520367.89,2792699.17,"Marsh","N","Marsh just south of Nine Mile Pond","TSM4_4-24_F1","0.233",0.038,NA,1.103,"0.012","TSM4_4-24_UF1",75.2,0.35,676.4,1,"TSM4_4-24_1","4/9/2024",NA,NA,NA
"295","TSM4","4-24","TSM4_4-24_WQ",23.2,4.9,0.1,NA,NA,NA,"Marsh 4",25.250483,-80.797746,520367.89,2792699.17,"Marsh","N","Marsh just south of Nine Mile Pond","TSM4_4-24_F1","0.233",0.038,NA,1.103,"0.012","TSM4_4-24_UF1",75.2,0.35,676.4,2,"TSM4_4-24_2","4/9/2024",NA,NA,NA
"296","TSM4","8-24","TSM4_8-24_WQ",27.831,1.63,0.34,6.96,22.1,3.82,"Marsh 4",25.250483,-80.797746,520367.89,2792699.17,"Marsh","N","Marsh just south of Nine Mile Pond","TSM4_8-24_F1","0.666",0.069,NA,0.222,"0.019","TSM4_8-24_UF1",88.3,1.584,871.7,2,"TSM4_8-24_2","",NA,"11/6/2024",8.54
"297","TSM4","8-24","TSM4_8-24_WQ",27.831,1.63,0.34,6.96,22.1,3.82,"Marsh 4",25.250483,-80.797746,520367.89,2792699.17,"Marsh","N","Marsh just south of Nine Mile Pond","TSM4_8-24_F1","0.666",0.069,NA,0.222,"0.019","TSM4_8-24_UF1",88.3,1.584,871.7,1,"TSM4_8-24_1","",NA,"11/6/2024",7.92
"298","TSM4","9-23","TSM4_9-23_WQ",NA,NA,NA,NA,NA,NA,"Marsh 4",25.250483,-80.797746,520367.89,2792699.17,"Marsh","N","Marsh just south of Nine Mile Pond","TSM4_9-23_F1","0.107",0.066,NA,1.206,NA,"TSM4_9-23_UF1",48.6,0.257,1111,1,"TSM4_9-23_1","9/30/2023",53,NA,NA
"299","TSM4","9-23","TSM4_9-23_WQ",NA,NA,NA,NA,NA,NA,"Marsh 4",25.250483,-80.797746,520367.89,2792699.17,"Marsh","N","Marsh just south of Nine Mile Pond","TSM4_9-23_F1","0.107",0.066,NA,1.206,NA,"TSM4_9-23_UF1",48.6,0.257,1111,2,"TSM4_9-23_2","9/30/2023",57,NA,NA
"300","WB1","1-24","WB1_1-24_WQ",22.4,8,23.5,8.23,1.29,10.76,"Whipray Basin",25.081421,-80.762105,523990.16,2773984.49,"Florida Bay","Y","Whipray Basin","WB1_1-24_F1","0.214",0.025,NA,0.639,"0.039","WB1_1-24_UF1",58.6,0.818,621.6,2,"WB1_1-24_2","1/7/2024",53,"",NA
"301","WB1","1-24","WB1_1-24_WQ",22.4,8,23.5,8.23,1.29,10.76,"Whipray Basin",25.081421,-80.762105,523990.16,2773984.49,"Florida Bay","Y","Whipray Basin","WB1_1-24_F1","0.214",0.025,NA,0.639,"0.039","WB1_1-24_UF1",58.6,0.818,621.6,1,"WB1_1-24_1","1/7/2024",51,"",NA
"302","WB1","1123E","WB1_1123E_WQ",22.2,7.2,26.2,NA,NA,NA,"Whipray Basin",25.081421,-80.762105,523990.16,2773984.49,"Florida Bay","Y","Whipray Basin","WB1_1123E_F1","0.671",0.13,NA,0.044,"0.016","WB1_1123E_UF",0.95,0.01355,9.759,1,"WB1_1123E_1","11/30/2023",53,"11/6/2024",1.06
"303","WB1","1123E","WB1_1123E_WQ",22.2,7.2,26.2,NA,NA,NA,"Whipray Basin",25.081421,-80.762105,523990.16,2773984.49,"Florida Bay","Y","Whipray Basin","WB1_1123E_F1","0.671",0.13,NA,0.044,"0.016","WB1_1123E_UF",0.95,0.01355,9.759,2,"WB1_1123E_2","11/30/2023",56,"11/6/2024",0.86
"304","WB1","1123E","WB1_1123E_WQ",22.2,7.2,26.2,NA,NA,NA,"Whipray Basin",25.081421,-80.762105,523990.16,2773984.49,"Florida Bay","Y","Whipray Basin","WB1_1123E_F1","0.00939",0.00182,NA,0.00062,"0.0005","WB1_1123E_UF",0.95,0.01355,9.759,1,"WB1_1123E_1","11/30/2023",53,"11/6/2024",1.06
"305","WB1","1123E","WB1_1123E_WQ",22.2,7.2,26.2,NA,NA,NA,"Whipray Basin",25.081421,-80.762105,523990.16,2773984.49,"Florida Bay","Y","Whipray Basin","WB1_1123E_F1","0.00939",0.00182,NA,0.00062,"0.0005","WB1_1123E_UF",0.95,0.01355,9.759,2,"WB1_1123E_2","11/30/2023",56,"11/6/2024",0.86
"306","WB1","4-24","WB1_4-24_WQ",25.2,7.32,30.8,8.42,1.01,9.46,"Whipray Basin",25.081421,-80.762105,523990.16,2773984.49,"Florida Bay","Y","Whipray Basin","WB1_4-24_F1","0.061",0.014,NA,0.354,"ND","WB1_4-24_UF1",57.9,0.458,799.7,1,"WB1_4-24_1","4/11/2024",52,"11/6/2024",0.63
"307","WB1","4-24","WB1_4-24_WQ",25.2,7.32,30.8,8.42,1.01,9.46,"Whipray Basin",25.081421,-80.762105,523990.16,2773984.49,"Florida Bay","Y","Whipray Basin","WB1_4-24_F1","0.061",0.014,NA,0.354,"ND","WB1_4-24_UF1",57.9,0.458,799.7,2,"WB1_4-24_2","4/11/2024",51,"11/6/2024",1.38
"308","WB1","8-24","WB1_8-24_WQ",31.601,8.44,36.46,8.08,1.53,0.31,"Whipray Basin",25.081421,-80.762105,523990.16,2773984.49,"Florida Bay","Y","Whipray Basin","WB1_8-24_F1","0.207",0.143,NA,0.929,"0.011","WB1_8-24_UF1",79,0.538,883.3,2,"WB1_8-24_2","",NA,"11/6/2024",8.2
"309","WB1","8-24","WB1_8-24_WQ",31.601,8.44,36.46,8.08,1.53,0.31,"Whipray Basin",25.081421,-80.762105,523990.16,2773984.49,"Florida Bay","Y","Whipray Basin","WB1_8-24_F1","0.207",0.143,NA,0.929,"0.011","WB1_8-24_UF1",79,0.538,883.3,1,"WB1_8-24_1","",NA,"",NA
"310","WB1","9-23","WB1_9-23_WQ",28.192,5.48,35.62,8.04,1.56,12.05,"Whipray Basin",25.081421,-80.762105,523990.16,2773984.49,"Florida Bay","Y","Whipray Basin","WB1_9-23_F1","0.00269",0.00073,NA,0.00854,"0.00047","WB1_9-23_UF1",0.95,0.01559,9.82,1,"WB1_9-23_1","10/5/2023",53,"11/6/2024",4.09
"311","WB1","9-23","WB1_9-23_WQ",28.192,5.48,35.62,8.04,1.56,12.05,"Whipray Basin",25.081421,-80.762105,523990.16,2773984.49,"Florida Bay","Y","Whipray Basin","WB1_9-23_F1","0.00269",0.00073,NA,0.00854,"0.00047","WB1_9-23_UF1",0.95,0.01559,9.82,2,"WB1_9-23_2","10/5/2023",55,"11/6/2024",5.04
"312","WB2","1-24","WB2_1-24_WQ",22.8,7.6,23.4,8.32,1.32,8.18,"Southern Whipray Basin",25.049659,-80.766102,523593.1,2770466.86,"Florida Bay ","N","Southern Whipray Basin","WB2_1-24_F1","0.742",0.113,NA,6.106,"0.03","WB2_1-24_UF1",62.6,0.426,784.9,1,"WB2_1-24_1","1/7/2024",55,"",NA
"313","WB2","1-24","WB2_1-24_WQ",22.8,7.6,23.4,8.32,1.32,8.18,"Southern Whipray Basin",25.049659,-80.766102,523593.1,2770466.86,"Florida Bay ","N","Southern Whipray Basin","WB2_1-24_F1","0.742",0.113,NA,6.106,"0.03","WB2_1-24_UF1",62.6,0.426,784.9,2,"WB2_1-24_2","1/7/2024",53,"",NA
"314","WB2","4-24","WB2_4-24_WQ",25.4,7.11,30.45,8.39,1.65,7.4,"Southern Whipray Basin",25.049659,-80.766102,523593.1,2770466.86,"Florida Bay ","N","Southern Whipray Basin","WB2_4-24_F1","0.214",0.049,NA,1.02,"0.008","WB2_4-24_UF1",45.7,0.369,520.6,2,"WB2_4-24_2","4/11/2024",51,"11/6/2024",0.75
"315","WB2","4-24","WB2_4-24_WQ",25.4,7.11,30.45,8.39,1.65,7.4,"Southern Whipray Basin",25.049659,-80.766102,523593.1,2770466.86,"Florida Bay ","N","Southern Whipray Basin","WB2_4-24_F1","0.214",0.049,NA,1.02,"0.008","WB2_4-24_UF1",45.7,0.369,520.6,1,"WB2_4-24_1","4/11/2024",51,"11/6/2024",0.83
"316","WB2","8-24","WB2_8-24_WQ",31.444,8,36.73,8.08,0.7,0.12,"Southern Whipray Basin",25.049659,-80.766102,523593.1,2770466.86,"Florida Bay ","N","Southern Whipray Basin","WB2_8-24_F1","0.57",0.127,NA,2.22,"0.018","WB2_8-24_UF1",51.2,0.969,663.8,2,"WB2_8-24_2","",NA,"11/6/2024",1.87
"317","WB2","8-24","WB2_8-24_WQ",31.444,8,36.73,8.08,0.7,0.12,"Southern Whipray Basin",25.049659,-80.766102,523593.1,2770466.86,"Florida Bay ","N","Southern Whipray Basin","WB2_8-24_F1","0.57",0.127,NA,2.22,"0.018","WB2_8-24_UF1",51.2,0.969,663.8,1,"WB2_8-24_1","",NA,"11/6/2024",1.79
"318","WB2","8-24","WB2_8-24_WQ",31.444,8,36.73,8.08,0.7,0.12,"Southern Whipray Basin",25.049659,-80.766102,523593.1,2770466.86,"Florida Bay ","N","Southern Whipray Basin","WB2_8-24_F1","0.570",0.127,NA,2.22,"0.018","WB2_8-24_UF1",51.2,0.969,663.8,2,"WB2_8-24_2","",NA,"11/6/2024",1.87
"319","WB2","8-24","WB2_8-24_WQ",31.444,8,36.73,8.08,0.7,0.12,"Southern Whipray Basin",25.049659,-80.766102,523593.1,2770466.86,"Florida Bay ","N","Southern Whipray Basin","WB2_8-24_F1","0.570",0.127,NA,2.22,"0.018","WB2_8-24_UF1",51.2,0.969,663.8,1,"WB2_8-24_1","",NA,"11/6/2024",1.79
