Site_code,Sampling_event,Sample_code,Collected,Accounted For, Filtered,Decarb,Wrapped,Clean Filter Weight,Average Clean Filter Weight,Dried Filter Weight,Sample Weight,Total Weight after Trim,,C Total weight %,C Sample Amount,,N Total weight %,N Sample Amount,,S Total weight %,S Sample Amount,,C Section Weight,C Cut Filter Weight,C Filter Trim Piece,C Sample Weight,C Filter Weight,C Sample to Filter Ratio,C Vial Piece,C Sample Amount in Vial Piece,C Vial Filter Amount,C Weight After Decarb,C Weight Ratio After Decarb (same),C Total Weight to Tin,C approx Sample in Tin,,N Section Weight,N Cut Weight,N Filter Trim Piece,N Sample Weight,N Filter Weight,N Sample to Filter Ratio,N Total Weight to Tin,N apprx Sample in Tin,,S Section Weight,S Cut Weight,S Trim Piece,S Sample Weight,S Filter Weight,S Sample to Filter Ratio,S Total Weight to Tin,S apprx Sample in Tin,,Submitted_SIA,C13,Uc C,Wt%C,Uc C_Percents,Amount,Analyst comments,N15,Uc N,Wt%N,Uc N_Percents,Amount,Analyst comments
ACS1,11-24,ACS1_11-24_G,11/10/24,Y,,,"C,N,S",134.6,,145.2,10.6,109.5,,27.85388128,2.696357457,,28.76712329,2.78476262,,43.37899543,4.19924522,,41.1,30.5,10.6,2.7,27.8,0.1,15,1.45,13.55,14.9,0.1,3.2,0.31,,39.8,31.5,8.3,2.8,28.7,0.1,6.7,0.6,,74,47.5,26.5,4.2,43.3,0.1,17.1,1.7,,Y,-30.04,0.14,7.9,0.17406374,0.9, ,-1.15,0.32,1.028,0.060783666,1.6, 
ACS1,1-24,ACS1_1-24_G,1/11/24,y,9/10/24,,"C,N,S",133.9,,161.1,27.2,112.4,,24.11032028,5.834525905,,26.51245552,6.415825534,,49.3772242,11.94893682,,38.5,27.1,11.4,5.83,21.27,0.27,17.1,4.69,12.41,20.7,0.27,4.3,1.18,,38.4,29.8,8.6,6.4,23.4,0.27,7.9,2.2,,72.2,55.5,16.7,11.9,43.6,0.27,26.4,7.2,,Y,-23.33,0.14,14.53,0.127599816,1, ,5.06,0.26,0.917,0.008958871,1.8, 
ACS1,8-24,ACS1_8-24_G,8/1/24,Y,,,"C,N,S",135.5,,176.6,41.1,110.1,,24.34150772,9.086611874,,25.06811989,9.357854019,,50.59037239,18.88523438,,34.7,26.8,7.9,9.09,17.71,0.51,17.3,8.87,8.43,18.8,0.51,4.2,2.15,,39.9,27.6,12.3,9.4,18.2,0.51,6.8,3.5,,74.1,55.7,18.4,18.9,36.8,0.51,31.4,16.1,,Y,-22.29,0.14,5.23,0.272121508,0.9,,,,,,1.6,BQL_N<0.0144mg;0.0083 mg N
ACS1,9-23,ACS1_9-23_G,9/26/23,y,9/4/24,,"C,N,S",133.4,,153.4,20,105.6,,24.90530303,4.716913453,,25.85227273,4.896263774,,49.24242424,9.326216713,,37.3,26.3,11,4.72,21.58,0.22,20,4.37,15.63,24.9,0.22,5.3,1.16,,37.8,27.3,10.5,4.9,22.4,0.22,7.6,1.7,,69.2,52,17.2,9.3,42.7,0.22,30,6.6,,Y,-29.14,0.14,8.56,0.171007079,0.9, ,2.08,0.25,1.215,0.011397459,1.4, 
ACS2,4-24,ACS2_4-24_G,4/10/24,Y,9/4/24,,"C,N,S",129.6,,162.8,33.2,108.4,,24.35424354,7.45904876,,25,7.656826568,,50.64575646,15.51143094,,35.9,26.4,9.5,7.46,18.94,0.39,18.1,7.13,10.97,17.6,0.39,3.3,1.3,,37.3,27.1,10.2,7.7,19.4,0.39,5,2,,81.5,54.9,26.6,15.5,39.4,0.39,20.8,8.2,,Y,-25.32,0.14,12.18,0.148009741,0.9, ,,,,,1.4,BQL_N<0.0112mg;0.0094 mg N
ACS2,8-24,ACS2_8-24_G,8/1/24,Y,,,"C,N,S",133.3,,162.3,29,109.7,,23.06289881,6.096846542,,25.52415679,6.747498149,,51.41294439,13.59138913,,33.5,25.3,8.2,6.1,19.2,0.32,15.2,4.83,10.37,15.1,0.32,4,1.27,,34.5,28,6.5,6.7,21.3,0.32,5.2,1.7,,85.2,56.4,28.8,13.6,42.8,0.32,21.7,6.9,,Y,-28.79,0.14,5.1,0.239480987,1,,,,,,1.8,BQL_N<0.0144mg;0.0117 mg N
ACS2,9-23,ACS2_9-23_G,9/26/23,Y,9/4/24,,"C,N,S",129.7,,153.3,23.6,109.2,,29.21245421,6.31331428,,23.44322344,5.066484187,,47.34432234,10.23192314,,41,31.9,9.1,6.31,25.59,0.25,18.5,4.56,13.94,18.4,0.25,3.3,0.81,,40.2,25.6,14.6,5.1,20.5,0.25,5.2,1.3,,73.1,51.7,21.4,10.2,41.5,0.25,19.6,4.8,,Y,-28.23,0.28,7.15,0.155620476,1,Very Small C,4.64,,0.806,0.017041282,1.3, 
ACS3,1-24,ACS3_1-24_G,1/11/24,Y,,,"C,N,S",133.7,,156.1,22.4,108.2,,25.50831793,5.280834765,,26.52495379,5.491302818,,47.96672828,9.930265374,,41.6,27.6,14,5.28,22.32,0.24,22,5.21,16.79,22.6,0.24,4,0.95,,39.2,28.7,10.5,5.5,23.2,0.24,8,1.9,,72,51.9,20.1,9.9,42,0.24,22.4,5.3,,Y,-27.37,0.15,16.17,0.033811838,0.9, ,3.55,,1.328,0.008822005,1.9, 
ACS3,8-24,ACS3_8-24_G,8/1/24,Y,,,"C,N,S",133.1,,156,22.9,110.4,,26.08695652,5.411153119,,25,5.185688406,,48.91304348,10.1459121,,40.1,28.8,11.3,5.41,23.39,0.23,17.1,,,19.4,0.23,4.8,1.11,,37.2,27.6,9.6,5.2,22.4,0.23,7.3,1.7,,75.5,54,21.5,10.1,43.9,0.23,27.1,6.3,,Y,-27.48,0.14,3.44,0.22161392,0.9, ,,,,,1.7,BQL_N<0.0112mg;0.005 mg N
ACS3,9-23,ACS3_9-23_G,9/26/23,Y,9/3/24,,"C,N,S",129.6,,154.6,25,108.7,,26.0349586,5.987800966,,25.1149954,5.776217893,,48.850046,11.23506118,,38.9,28.3,10.6,5.99,22.31,0.27,22.3,5.98,16.32,22,0.27,3.6,0.97,,41.7,27.3,14.4,5.8,21.5,0.27,6.3,1.7,,78.4,53.1,25.3,11.2,41.9,0.27,17.7,4.8,,Y,-26.04,0.15,9.38,0.035293324,0.9, ,,,,,1.4,BQL_N<0.008mg;0.0076 mg N
ACS4,4-24,ACS4_4-24_G,4/10/24,Y,9/6/24,,"C,N,S",129.2,,149.9,20.7,95.9,,25.9645464,5.60444328,,26.27737226,5.671966693,,47.75808133,10.30857439,,37.7,24.9,12.8,5.6,19.3,0.29,16.6,4.82,11.78,20.2,0.29,3.2,0.93,,38.4,25.2,13.2,5.7,19.5,0.29,4.8,1.4,,76.9,45.8,31.1,10.3,35.5,0.29,14.9,4.3,,Y,-27.63,0.14,8.44,0.199005143,0.8, ,2.98,,1.207,0.013188704,1.4, 
ACS4,8-24,ACS4_8-24_G,8/1/24,Y,,,"C,N,S",132.7,,175.6,42.9,95.8,,23.2776618,10.42392162,,26.0960334,11.68601078,,50.6263048,22.67086092,,32.9,22.3,10.6,10.42,11.88,0.88,14,12.29,1.71,14.4,0.88,3.7,3.25,,35.7,25,10.7,11.7,13.3,0.88,5.9,5.2,,80.5,48.5,32,22.7,25.8,0.88,18.9,16.6,,Y,-28.66,0.28,1.48,0.246867174,0.9,Very small C,,,,,1.7,BDL_N<0.0068mg;0.0041 mg N
ACS5,1-24,ACS5_1-24_G,1/11/24,Y,,,"C,N,S",132.2,,145.1,12.9,101.1,,25.3214639,3.230928628,,25.42037587,3.243549443,,49.25816024,6.285165846,,38.3,25.6,12.7,3.23,22.37,0.14,17.2,2.48,14.72,17.8,0.14,3.7,0.53,,39.1,25.7,13.4,3.2,22.5,0.14,8.8,1.3,,71.8,49.8,22,6.3,43.5,0.14,21.2,3.1,,Y,-28.38,0.14,12.56,0.170345613,0.8, ,4.71,0.31,1.277,0.061932729,1.5, 
ACS5,4-24,ACS5_4-24_G,4/10/24,Y,9/4/24,,"C,N,S",129.5,,152.2,22.7,101.4,,26.42998028,5.916770732,,24.95069034,5.585608191,,48.61932939,10.88420885,,33.5,26.8,6.7,5.92,20.88,0.28,20.9,5.92,14.98,21.3,0.28,4.9,1.39,,36.2,25.3,10.9,5.6,19.7,0.28,10.2,2.9,,74.6,49.3,25.3,10.9,38.4,0.28,28.4,8,,Y,-25.5,0.15,11.42,0.038556313,0.8, ,3.52,0.3,1.269,0.009772154,1.5, 
ACS5,8-24,ACS5_8-24_G,8/1/24,Y,,,"C,N,S",132.2,,168.8,36.6,91.9,,25.46245919,10.14065295,,24.37431991,9.707291717,,50.16322089,19.97795304,,37.6,23.4,14.2,10.14,13.26,0.76,20.1,15.37,4.73,19.6,0.76,5.3,4.05,,36.9,22.4,14.5,9.7,12.7,0.76,9.8,7.5,,67.7,46.1,21.6,20,26.1,0.76,28.3,21.6,,Y,-21.88,0.15,8.95,0.035948801,0.9, ,,,,,1.9,BQL_N<0.0144mg;0.0133 mg N
ACS5,9-23,ACS5_9-23_G,9/26/23,Y,9/3/24,,"C,N,S",128.7,,150.9,22.2,90.1,,26.41509434,6.508491613,,23.30743618,5.742786717,,50.27746948,12.38801135,,39.2,23.8,15.4,6.51,17.29,0.38,19.7,7.42,12.28,20.1,0.38,6,2.26,,33.6,21,12.6,5.7,15.3,0.38,9.1,3.4,,68.5,45.3,23.2,12.4,32.9,0.38,29.9,11.3,,Y,-26.4,0.14,7.88,0.173424833,0.9, ,3.37,,1.13,0.009587717,1.8, 
CC,1-24,CC_1-24_G,1/6/24,Y,9/10/24,,"C,N,S",127.4,,150.7,23.3,109.8,,24.68123862,5.237457739,,24.13479053,5.121499265,,51.18397086,10.86144372,,42.8,27.1,15.7,5.24,21.86,0.24,16.8,4.02,12.78,18.7,0.24,3.3,0.79,,39.1,26.5,12.6,5.1,21.4,0.24,4.9,1.2,,80,56.2,23.8,10.9,45.3,0.24,17.5,4.2,,Y,-28.69,0.31,2.27,0.05127622,0.9,Very Small C,,,,,1.5,BDL_N<0.0041mg;0.0013 mg N
CC,4-24,CC_4-24_G,4/11/24,Y,9/5/24,,"C,N,S",130.3,,182.7,52.4,115.6,,26.47058824,11.99877875,,27.07612457,12.27326062,,46.4532872,21.05668036,,46.3,30.6,15.7,12,18.6,0.65,17.3,11.16,6.14,19.3,0.65,3.3,2.13,,42.6,31.3,11.3,12.3,19,0.65,4.9,3.2,,79.2,53.7,25.5,21.1,32.6,0.65,15.4,9.9,,Y,-26.17,0.14,2.09,0.284703128,1,,,,,,1.6,BDL_N<0.003mg;0.0022 mg N
CC,8-24,CC_8-24_G,8/1/24,Y,,,"C,N,S",134,,174.4,40.4,118.6,,25.29510961,8.616546613,,26.13827993,8.903764834,,48.56661046,16.5437695,,47.4,30,17.4,8.62,21.38,0.4,16.4,6.61,9.79,20.5,0.4,2.9,1.17,,38.2,31,7.2,8.9,22.1,0.4,5.2,2.1,,85.1,57.6,27.5,16.5,41.1,0.4,14.5,5.8,,Y,-24.71,0.15,2.83,0.043981973,1, ,,,,,1.7,BQL_N<0.008mg;0.0044 mg N
CC,9-23,CC_9-23_G,10/5/23,Y,12/15/23,,"C,N,S",,130.5010101,174.2,43.6989899,114.4,,27.97202797,10.6848721,,21.15384615,8.080434523,,50.87412587,19.43311112,,40.6,32,8.6,10.68,21.32,0.5,16.5,8.27,8.23,21.7,0.5,4.4,2.21,,36.9,24.2,12.7,8.1,16.1,0.5,8.2,4.1,,77.1,58.2,18.9,19.4,38.8,0.5,26.1,13.1,,Y,-25.2,0.14,1.57,0.026776251,0.9, ,,,,,1.9,BQL_N<0.0066mg;0.0025 mg N
CP,8-24,CP_7-24_G,7/3/24,Y,,,"C,N,S",135,,150.3,15.3,106.4,,29.22932331,4.203088784,,22.7443609,3.270570694,,48.02631579,6.90603977,,39.4,31.1,8.3,4.2,26.9,0.16,23.5,3.67,19.83,21.8,0.16,4.1,0.64,,39.8,24.2,15.6,3.3,20.9,0.16,5.7,0.9,,75.4,51.1,24.3,6.9,44.2,0.16,18.9,3,,Y,-26.13,0.14,8.51,0.2000634,1,,2.85,0.25,0.797,0.017708235,1.5, 
CP,9-23,CP_9-23_G,9/15/23,Y,9/4/24,,"C,N,S",129.6,,148.6,19,114.3,,23.27209099,3.868501564,,25.54680665,4.246625777,,51.18110236,8.507794793,,33.2,26.6,6.6,3.87,22.73,0.17,18.2,3.1,15.1,19.3,0.17,4.2,0.71,,41.4,29.2,12.2,4.2,25,0.17,5.8,1,,77.7,58.5,19.2,8.5,50,0.17,23.5,4,,Y,-25.71,0.15,6.53,0.047438772,0.8, ,,,,,1.3,BDL_N<0.0022mg;0.0011 mg N
DC1,11-24,DC1_11-24_G,11/16/24,Y,,,"C,N,S",133.6,,162.5,28.9,108.7,,25.39098436,6.750684894,,25.39098436,6.750684894,,49.21803128,13.08556673,,40.9,27.6,13.3,6.75,20.85,0.32,20.4,6.61,13.79,18.1,0.32,5.2,1.68,,31.4,27.6,3.8,6.8,20.8,0.32,6.3,2,,74,53.5,20.5,13.1,40.4,0.32,31.2,10.1,,Y,-24.17,0.27,2.91,0.226081314,0.8,Very small C,3.07,0.38,0.517,0.0115346,1.7,Small N
DC1,4-24,DC1_4-24_G,4/10/24,Y,9/5/24,,"C,N,S",130.8,,151.1,20.3,135.4,,25.99704579,3.89763685,,28.50812408,4.274113137,,45.49483013,6.820864488,,52,35.2,16.8,3.9,31.3,0.12,29.4,3.66,25.74,27.2,0.12,1.3,0.16,,55.2,38.6,16.6,4.3,34.3,0.12,2.4,0.3,,100.2,61.6,38.6,6.8,54.8,0.12,7.6,0.9,,Y,-24.92,0.15,10.86,0.029343079,1, ,5.91,0.26,1.841,0.014846569,1.4, 
DC1,8-24,DC1_8-24_G,8/1/24,Y,,,"C,N,S",133.9,,176.4,42.5,109,,22.20183486,8.656678731,,24.86238532,9.694049322,,52.93577982,20.64009763,,40.2,24.2,16,8.66,15.54,0.56,18.8,10.47,8.33,18.9,0.56,1.6,0.89,,43.5,27.1,16.4,9.7,17.4,0.56,2.7,1.5,,90.5,57.7,32.8,20.6,37.1,0.56,8.3,4.6,,Y,-23.3,0.14,5.31,0.236595047,1,,,,,,1.4,BQL_N<0.0144mg;0.0079 mg N
DC1,9-23,DC1_9-23_G,9/26/23,y,10/3/24,,"C,N,S",132.6,,172.2,39.6,106.2,,27.40112994,10.21737049,,27.4952919,10.25248173,,45.10357815,16.81828338,,43.1,29.1,14,10.22,18.88,0.54,20.9,11.31,9.59,,0.54,1.4,0.76,,48.6,29.2,19.4,10.3,18.9,0.54,2.9,1.6,,83.1,47.9,35.2,16.8,31.1,0.54,8.9,4.8,,Y,-23.26,0.14,5.27,0.165612254,1, ,2.44,0.25,0.783,0.011082305,1.6, 
DC2,4-24,DC2_4-24_G,4/10/24,Y,9/4/24,,"C,N,S",128.3,,149.8,21.5,118.7,,26.36899747,4.776187411,,25.27379949,4.57781541,,48.35720303,8.758886817,,47.4,31.3,16.1,4.78,26.52,0.18,22.7,4.09,18.61,23.9,0.18,2.2,0.4,,44.7,30,14.7,4.6,25.4,0.18,4.1,0.7,,82.8,57.4,25.4,8.8,48.6,0.18,10.8,1.9,,Y,-25.63,0.14,10.99,0.178733743,0.8, ,3.52,,1.462,0.009007145,1.9, 
DC2,8-24,DC2_8-24_G,8/1/24,Y,,,"C,N,S",128.2,,151.8,23.6,97.3,,26.82425488,6.506191318,,26.20760534,6.356623701,,46.96813977,11.39206679,,39.3,26.1,13.2,6.51,19.59,0.33,20.1,6.67,13.43,19.3,0.33,3.5,1.16,,38,25.5,12.5,6.4,19.1,0.33,4.7,1.6,,74.8,45.7,29.1,11.4,34.3,0.33,18.1,6,,Y,-24.26,0.21,8.28,0.018505047,0.9, ,2.92,0.31,0.865,0.051202567,1.9, 
DC2,9-23,DC2_9-23_G,9/26/23,Y,10/3/24,,"C,N,S",,130.5010101,143.5,12.9989899,104.7,,27.69818529,3.438857983,,23.20916905,2.881525827,,49.09264565,6.095079322,,37.8,29,8.8,3.44,25.56,0.13,21.4,2.88,18.52,21.5,0.13,4.1,0.55,,36.1,24.3,11.8,2.9,21.4,0.13,6.6,0.9,,77.6,51.4,26.2,6.1,45.3,0.13,22,3,,Y,-25.43,0.15,12.42,0.032446256,0.9, ,2.67,0.31,1.744,0.063772589,1.5, 
DCM1,4-24,DCM1_4-24_G,4/10/24,Y,9/9/24,,"C,N,S",129.5,,174.4,44.9,99.4,,27.16297787,12.26979584,,26.45875252,11.95169002,,46.37826962,20.9495403,,36.9,27,9.9,12.27,14.73,0.83,17.5,14.58,2.92,18.3,0.83,6.1,5.08,,36.6,26.3,10.3,12,14.3,0.83,12.9,10.7,,70,46.1,23.9,20.9,25.2,0.83,35.2,29.3,,Y,-20.84,0.14,8.06,0.148149246,1, ,3.03,,0.957,0.017902308,1.2, 
DCM1,8-24,DCM1_8-24_G,8/1/24,Y,9/13/24,,"C,N,S",133.4,,174,40.6,109.4,,25.50274223,9.464454612,,23.40036563,8.684230755,,51.09689214,18.962832,,40.9,27.9,13,9.46,18.44,0.51,15.1,7.75,7.35,15.6,0.51,5.6,2.87,,37.9,25.6,12.3,8.7,16.9,0.51,8.9,4.6,,76.1,55.9,20.2,19,36.9,0.51,26.7,13.7,,Y,-22.33,0.15,11.05,0.029253697,1, ,3.2,,1.433,0.013674349,1.3, 
DCM2,1-24,DCM2_1-24_G,1/11/24,Y,,,"C,N,S",134,,145.9,11.9,130.1,,24.13528055,2.20760829,,22.98232129,2.102149296,,52.88239816,4.83705256,,42.2,31.4,10.8,2.21,29.19,0.08,22.4,1.69,20.71,25.9,0.08,2.1,0.16,,41.9,29.9,12,2.1,27.8,0.08,3.4,0.3,,93.9,68.8,25.1,4.8,64,0.08,11.9,0.9,,Y,-26.53,0.14,11.41,0.15043124,0.9, ,3.52,0.25,0.911,0.014097471,1.7, 
DCM2,8-24,DCM2_8-24_G,8/1/24,Y,,,"C,N,S",134.1,,176.7,42.6,119.7,,21.88805347,7.789733314,,23.30827068,8.295174025,,54.80367586,19.50406509,,41.7,26.2,15.5,7.79,18.41,0.42,22.7,9.6,13.1,24.6,0.42,2.5,1.06,,39.4,27.9,11.5,8.3,19.6,0.42,4.8,2,,82,65.6,16.4,19.5,46.1,0.42,15.2,6.4,,Y,-23.67,0.14,5.61,0.170477989,1, ,,,,,1.3,BQL_N<0.0144mg;0.0116 mg N
EP146,8-24,EP146_7-24_G,7/3/24,Y,,,"C,N,S",134.4,,162.3,27.9,115.3,,24.54466609,5.939255714,,25.58542931,6.191096946,,49.8699046,12.06739235,,39.6,28.3,11.3,5.94,22.36,0.27,19.6,5.21,14.39,25.2,0.27,4.3,1.14,,41.8,29.5,12.3,6.2,23.3,0.27,5.7,1.5,,72.8,57.5,15.3,12.1,45.4,0.27,20.3,5.4,,Y,-28.38,0.14,3.96,0.215264655,0.9, ,3.72,0.25,0.491,0.01626474,1.8, 
EP146,9-23,EP146_9-23_G,9/15/23,Y,9/4/24,,"C,N,S",128.9,,155.2,26.3,124.3,,28.80128721,6.093916763,,27.43362832,5.804540827,,43.76508447,9.260029941,,43.9,35.8,8.1,6.09,29.71,0.21,17.6,3.61,13.99,20.8,0.21,4.1,0.84,,40.5,34.1,6.4,5.8,28.3,0.21,7.3,1.5,,76.2,54.4,21.8,9.3,45.1,0.21,23,4.7,,Y,-29.33,0.14,6.49,0.255134702,0.9,,,,,,1.9,BQL_N<0.008mg;0.0071 mg N
GB1,11-24,GB1_11-24_G,11/16/24,Y,,,"C,N,S",134.3,,151.2,16.9,107.5,,21.95348837,3.451292591,,32.74418605,5.147690644,,45.30232558,7.121946998,,33.3,23.6,9.7,3.45,20.15,0.17,20,3.43,16.57,25.3,0.17,4,0.69,,42,35.2,6.8,5.1,30.1,0.17,5.5,0.9,,74.6,48.7,25.9,7.1,41.6,0.17,21,3.6,,Y,-24.24,0.14,4.18,0.287320247,0.9,,3.79,0.51,0.494,0.011658222,1.7,Very Small N
GB1,1-24,GB1_1-24_G,1/11/24,Y,9/11/24,,"C,N,S",131.7,,169.7,38,108.4,,26.19926199,9.184243134,,24.1697417,8.47278768,,49.63099631,17.39831974,,45.2,28.4,16.8,9.18,19.22,0.48,17,8.13,8.87,17,0.48,3,1.43,,38.6,26.2,12.4,8.5,17.7,0.48,4.8,2.3,,76.3,53.8,22.5,17.4,36.4,0.48,15.3,7.3,,Y,-27.15,0.14,12.88,0.233866151,0.8,,,,,,1.2,BDL_N<0.003mg;0.0019 mg N
GB1,4-24,GB1_4-24_G,4/10/24,Y,9/5/24,,"C,N,S",127.6,,158,30.4,108.9,,27.7318641,7.741493742,,23.14049587,6.45978948,,49.12764004,13.7142356,,43.4,30.2,13.2,7.74,22.46,0.34,20.8,7.17,13.63,21.1,0.34,3.6,1.24,,36,25.2,10.8,6.5,18.7,0.34,4.9,1.7,,76.5,53.5,23,13.7,39.8,0.34,20.2,7,,Y,-23.83,0.22,5.12,0.059976862,0.7,Small C,,,,,1.1,BQL_N<0.008mg;0.0071 mg N
GB1,8-24,GB1_8-24_G,8/1/24,Y,,,"C,N,S",130.1,,169.3,39.2,96.6,,19.66873706,7.981516488,,31.7805383,12.89645033,,48.55072464,19.70174333,,36.1,19,17.1,7.98,11.02,0.72,16.3,11.81,4.49,16.2,0.72,2.5,1.81,,42.9,30.7,12.2,12.9,17.8,0.72,6.4,4.6,,71.4,46.9,24.5,19.7,27.2,0.72,17.3,12.5,,Y,-24.05,0.22,3.74,0.054447018,0.8,Small C,,,,,1.6,BQL_N<0.0144mg;0.0076 mg N
GB1,9-23,GB1_9-23_G,9/26/23,Y,10/3/24,,"C,N,S",,130.5010101,142.3,11.7989899,107.8,,26.90166976,2.944457604,,25.32467532,2.771851469,,47.77365492,5.228950573,,38,29,9,2.94,26.06,0.11,19.1,2.16,16.94,19.2,0.11,4.5,0.51,,37.7,27.3,10.4,2.8,24.5,0.11,8.5,1,,74,51.5,22.5,5.2,46.3,0.11,28.9,3.3,,Y,-25.7,0.14,9.23,0.017817003,0.9, ,3.39,0.31,1.091,0.048275828,1.9, 
GB2,1-24,GB2_1-24_G,1/6/24,Y,,,"C,N,S",132.4,130.5010101,144.7,12.3,100.5,,22.78606965,2.788742853,,24.27860697,2.971411599,,52.93532338,6.478651519,,34.1,22.9,11.2,2.79,20.11,0.14,20.7,2.87,17.83,,0.14,5.6,0.78,,36.3,24.4,11.9,3,21.4,0.14,11,1.5,,72.7,53.2,19.5,6.5,46.7,0.14,33.3,4.6,,Y,-24.86,0.2,4.41,0.169950693,1,Small C,3.73,0.25,0.459,0.010338362,1.9, 
GB2,4-24,GB2_4-24_G,4/11/24,Y,9/4/24,,"C,N,S",128.2,,165.8,37.6,104,,26.53846154,9.594674556,,22.40384615,8.099852071,,51.05769231,18.45931953,,37.2,27.6,9.6,9.59,18.01,0.53,16.5,8.79,7.71,17.8,0.53,7.4,3.94,,32.9,23.3,9.6,8.1,15.2,0.53,15,8,,75.8,53.1,22.7,18.5,34.6,0.53,37.2,19.8,,Y,-21.84,0.15,3.85,0.041306299,1, ,,,,,1.3,BQL_N<0.008mg;0.0067 mg N
GB2,8-24,GB2_8-24_G,8/1/24,Y,,,"C,N,S",132.4,,161,28.6,140.2,,26.46219686,5.398137163,,23.9657632,4.88887894,,49.57203994,10.11241328,,43.3,37.1,6.2,5.4,31.7,0.17,22.6,3.85,18.75,24.1,0.17,3.9,0.66,,43.1,33.6,9.5,4.9,28.7,0.17,8.2,1.4,,83,69.5,13.5,10.1,59.4,0.17,22.9,3.9,,Y,-20.54,0.2,4.21,0.170948474,1,Small C,,,,,1.8,BQL_N<0.0144mg;0.011 mg N
GB2,9-23,GB2_9-23_G,9/27/23,Y,12/15/23,,"C,N,S",,130.5010101,149.5,18.9989899,107.8,,26.15955473,4.61043707,,23.93320965,4.218059447,,49.90723562,8.795798381,,41.7,28.2,13.5,4.61,23.59,0.2,17.6,3.44,14.16,19.1,0.2,3.3,0.64,,42.3,25.8,16.5,4.2,21.6,0.2,4.9,1,,74.6,53.8,20.8,8.8,45,0.2,14.3,2.8,,Y,-23.35,0.14,3.18,0.028028267,0.8, ,,,,,2,BQL_N<0.0066mg;0.0063 mg N
GBHM,1-24,GBHM_1-24_G,1/11/24,Y,,,"C,N,S",135.1,,148.6,13.5,113,,26.37168142,3.150599107,,25.30973451,3.023729345,,48.31858407,5.772574203,,39.4,29.8,9.6,3.15,26.65,0.12,20.6,2.44,18.16,20.7,0.12,3.8,0.45,,38.8,28.6,10.2,3,25.6,0.12,7.5,0.9,,74.5,54.6,19.9,5.8,48.8,0.12,21.4,2.5,,Y,-27.3,0.14,13.16,0.201560359,0.9,,5.42,0.26,1.677,0.011859315,2, 
GBHM,9-23,GBHM_9-23_G,9/26/23,Y,10/3/24,,"C,N,S",,130.5010101,154.4,23.8989899,114.1,,23.48816827,4.919750187,,27.87028922,5.837614028,,48.64154251,10.18828863,,36.8,26.8,10,4.92,21.88,0.22,17,3.82,13.18,17.3,0.22,4.3,0.97,,39.9,31.8,8.1,5.8,26,0.22,6.9,1.6,,74.3,55.5,18.8,10.2,45.3,0.22,19.6,4.4,,Y,-26.35,0.14,8.48,0.021556205,0.8, ,3.82,0.3,1.154,0.01221014,1.3, 
JB,11-24,JB_11-24_G,11/16/24,Y,,,"C,N,S",133.4,,159.2,25.8,110.4,,27.7173913,6.477433837,,24.63768116,5.757718967,,47.64492754,11.13441241,,42.1,30.6,11.5,6.48,24.12,0.27,18.7,5.02,13.68,21.1,0.27,2.5,0.67,,38.1,27.2,10.9,5.8,21.4,0.27,4.7,1.3,,79.4,52.6,26.8,11.1,41.5,0.27,15.3,4.1,,Y,-22.99,0.14,5.56,0.31078193,0.8,,2.07,0.38,0.613,0.012926433,1.5,Small N
JB,1-24,JB_1-24_G,1/6/24,Y,9/10/24,,"C,N,S",128.7,,152,23.3,115.5,,25.19480519,5.082588407,,25.19480519,5.082588407,,49.61038961,10.00798336,,36.1,29.1,7,5.08,24.02,0.21,16.9,3.58,13.32,17.3,0.21,6.9,1.46,,37.6,29.1,8.5,5.1,24,0.21,13.5,2.9,,72.1,57.3,14.8,10,47.3,0.21,43.6,9.2,,Y,-27.99,0.14,1.32,0.249064661,0.9, ,3.27,0.25,0.553,0.016915282,1.7, 
JB,4-24,JB_4-24_G,4/11/24,Y,9/6/24,,"C,N,S",130.8,,167.1,36.3,97.5,,27.48717949,10.23368836,,27.38461538,10.19550296,,45.12820513,16.80157791,,39,26.8,12.2,10.23,16.57,0.62,17.6,10.87,6.73,19.7,0.62,5.2,3.21,,36.4,26.7,9.7,10.2,16.5,0.62,12.3,7.6,,69.9,44,25.9,16.8,27.2,0.62,32,19.8,,Y,-26.89,0.3,1.38,0.061031524,0.8,Very small C,,,,,1.5,BDL_N<0.0022mg;0.0009 mg N
JB,8-24,JB_8-24_G,8/1/24,Y,,,"C,N,S",133.4,,146.7,13.3,110.4,,26.08695652,3.142722117,,24.27536232,2.924477526,,49.63768116,5.979901806,,36.7,28.8,7.9,3.14,25.66,0.12,22.7,2.78,19.92,19.5,0.12,6.8,0.83,,37.2,26.8,10.4,2.9,23.9,0.12,12.6,1.5,,71.2,54.8,16.4,6,48.8,0.12,40,4.9,,Y,-26.04,0.21,2.36,0.187075936,1.1,Small C,,,,,1.7,BDL_N<0.0068mg;0.0035 mg N
JB,9-23,JB_9-23_G,10/5/23,Y,12/15/23,,"C,N,S",,130.5010101,208.5,77.9989899,127.5,,27.37254902,16.74534255,,26.11764706,15.97764776,,46.50980392,28.45268805,,42.6,34.9,7.7,16.75,18.15,0.92,19.3,17.8,1.5,21.9,0.92,2.8,2.58,,48.4,33.3,15.1,16,17.3,0.92,4.6,4.2,,78.1,59.3,18.8,28.5,30.8,0.92,18,16.6,,Y,-14.61,0.14,3.67,0.023716038,0.9, ,3.46,0.25,0.953,0.01274812,1.8, 
MCS1,11-24,MCS1_11-24_G,11/16/24,Y,,,"C,N,S",133.1,,152.4,19.3,119.5,,23.68200837,3.824792983,,26.69456067,4.311339087,,49.62343096,8.014495545,,39.3,28.3,11,3.82,24.48,0.16,21.3,3.33,17.97,23.1,0.16,4.6,0.72,,38.2,31.9,6.3,4.3,27.6,0.16,10,1.6,,79.9,59.3,20.6,8,51.3,0.16,26.2,4.1,,Y,-27.43,0.27,1.91,0.183099897,1,Very small C,,,,,1.4,BDL_N<0.003mg;0.0019 mg N
MCS1,8-24,MCS1_8-24_G,8/1/24,Y,,,"C,N,S",128.7,,144.1,15.4,101.5,,25.91133005,3.931374214,,26.69950739,4.050959742,,47.38916256,7.190079837,,37.5,26.3,11.2,3.93,22.37,0.18,16.5,2.9,13.6,16.8,0.18,6.7,1.18,,37.2,27.1,10.1,4.1,23,0.18,12.7,2.2,,70.6,48.1,22.5,7.2,40.9,0.18,40.7,7.2,,Y,-25.14,0.14,9.05,0.163858999,0.9, ,,,,,1.5,BQL_N<0.0144mg;0.012 mg N
MCS1,9-23,MCS1_9-23_G,9/27/23,y,12/15/23,,"C,N,S",133.3,,170.8,37.5,120,,24.58333333,7.682291667,,26.75,8.359375,,48.66666667,15.20833333,,38.1,29.5,8.6,7.68,21.82,0.35,23.6,8.31,15.29,23.8,0.35,9.1,3.2,,38.5,32.1,6.4,8.4,23.7,0.35,19.4,6.8,,71.8,58.4,13.4,15.2,43.2,0.35,50.7,17.9,,Y,-27.36,0.27,2.82,0.178249753,1,Very small C,3.18,0.25,0.449,0.010391896,1.9, 
MCS2,1-24,MCS2_1-24_G,1/7/24,Y,,,"C,N,S",133.5,,146.1,12.6,108.4,,25.55350554,2.970241418,,29.15129151,3.388434253,,45.29520295,5.264940565,,40,27.7,12.3,2.97,24.73,0.12,15.8,1.9,13.9,17.3,0.12,3.4,0.41,,42.4,31.6,10.8,3.4,28.2,0.12,5.9,0.7,,79.3,49.1,30.2,5.3,43.8,0.12,16.2,1.9,,Y,-29.11,0.14,5.72,0.227276107,0.8, ,,,,,1.9,BQL_N<0.0066mg;0.0044 mg N
MCS2,8-24,MCS2_8-24_G,8/1/24,Y,9/17/24,,"C,N,S",131.9,,146.5,14.6,122.5,,25.63265306,3.054993753,,25.06122449,2.986888796,,49.30612245,5.876484798,,50.2,31.4,18.8,3.05,28.35,0.11,18.9,2.04,16.86,17.8,0.11,2.1,0.23,,36.9,30.7,6.2,3,27.7,0.11,4.6,0.5,,85.1,60.4,24.7,5.9,54.5,0.11,12.8,1.4,,Y,-25.72,0.14,8.34,0.025997923,0.7, ,1.82,0.3,0.997,0.008273763,1.8, 
MCS2,9-23,MCS2_9-23_G,9/27/23,y,12/15/23,,"C,N,S",133.4,,155.9,22.5,106.3,,19.37911571,4.101882441,,31.420508,6.650624929,,49.20037629,10.41400251,,39.6,20.6,19,4.1,16.5,0.25,15.3,3.8,11.5,16.8,0.25,4.6,1.14,,41.2,33.4,7.8,6.7,26.7,0.25,5.7,1.4,,72.5,52.3,20.2,10.4,41.9,0.25,19.2,4.8,,Y,-27.77,0.14,5.42,0.186194598,0.9, ,2.82,0.25,0.856,0.009913422,1.7, 
MCS3,8-24,MCS3_8-24_G,8/1/24,Y,,,"C,N,S",133.3,,149,15.7,114.6,,25.04363002,3.430933606,,27.7486911,3.801522254,,47.20767888,6.46736962,,40.1,28.7,11.4,3.43,25.27,0.14,23.9,3.25,20.65,23.6,0.14,2.7,0.37,,42.1,31.8,10.3,3.8,28,0.14,5.4,0.7,,79.1,54.1,25,6.5,47.6,0.14,16.1,2.2,,Y,-25.56,0.15,7.23,0.04587339,0.8, ,1.83,,1.075,0.011461276,1.6, 
MCS3,9-23,MCS3_9-23_G,9/27/23,y,12/15/23,,"C,N,S",134,,162.3,28.3,110.2,,21.59709619,5.546259729,,26.31578947,6.758047569,,52.08711434,13.37627346,,34.1,23.8,10.3,5.55,18.25,0.3,19.7,5.99,13.71,20,0.3,6,1.82,,37.1,29,8.1,6.8,22.2,0.3,10.2,3.1,,76,57.4,18.6,13.4,44,0.3,28.2,8.6,,Y,-28.62,0.14,5.83,0.162838327,1, ,2.78,0.25,0.76,0.01217408,1.5, 
MCS4,4-24,MCS4_4-24_G,4/8/24,Y,9/5/24,,"C,N,S",129.1,,147.7,18.6,101.5,,27.29064039,5.001043461,,24.2364532,4.441359897,,48.4729064,8.882719794,,38.3,27.7,10.6,5,22.7,0.22,17.9,3.94,13.96,18.6,0.22,4.7,1.04,,37.2,24.6,12.6,4.4,20.2,0.22,7.5,1.7,,74.9,49.2,25.7,8.9,40.3,0.22,22.9,5,,Y,-26.69,0.14,3.3,0.300811828,0.9,,3.57,0.25,1.074,0.01733108,1.4, 
MCS4,8-24,MCS4_8-24_G,8/1/24,Y,,,"C,N,S",132.2,,164.4,32.2,126.8,,26.1829653,6.648986456,,27.05047319,6.8692842,,46.76656151,11.87605111,,42.5,33.2,9.3,6.65,26.55,0.25,16.2,4.06,12.14,16.1,0.25,4.1,1.03,,42.9,34.3,8.6,6.9,27.4,0.25,7.6,1.9,,74.1,59.3,14.8,11.9,47.4,0.25,25.9,6.5,,Y,-24.61,0.14,5.73,0.18464866,0.9, ,1.79,0.25,1.103,0.008432594,1.8, 
MCS4,9-23,MCS4_9-23_G,9/27/23,y,12/15/23,,"C,N,S",134.2,,168.3,34.1,105.2,,27.47148289,8.90472972,,24.61977186,7.980363313,,47.90874525,15.52935564,,37.6,28.9,8.7,8.9,20,0.45,16,7.13,8.87,16.1,0.45,3.4,1.51,,34.8,25.9,8.9,8,17.9,0.45,5,2.2,,75.7,50.4,25.3,15.5,34.9,0.45,23.4,10.4,,Y,-27.93,0.2,3.96,0.154766329,1.1,Small C,3.31,0.38,0.547,0.011373738,1.7,Small N
NCL,4-24,NCL_3-24_G,3/7/24,Y,,,"C,N,S",133.5,,151,17.5,112.2,,26.02495544,4.059150803,,25.13368984,3.92013879,,48.84135472,7.617858357,,38.5,29.2,9.3,4.06,25.14,0.16,18.4,2.97,15.43,18.6,0.16,5.3,0.86,,37.5,28.2,9.3,3.9,24.3,0.16,8,1.3,,71.3,54.8,16.5,7.6,47.2,0.16,30.9,5,,Y,-26.37,0.14,6.85,0.217226007,1,,2.99,0.25,0.674,0.018750133,1.5, 
OL,4-24,OL_3-24_G,3/7/24,Y,9/9/24,,"C,N,S",129.9,,161.3,31.4,140.6,,25.24893314,5.638808682,,24.6799431,5.511736937,,50.07112376,11.18231356,,43.7,35.5,8.2,5.64,29.86,0.19,16.3,3.08,13.22,23.2,0.19,3,0.57,,39.6,34.7,4.9,5.5,29.2,0.19,3.8,0.7,,97.7,70.4,27.3,11.2,59.2,0.19,13,2.5,,Y,-28.57,0.14,3.21,0.024356343,0.9, ,,,,,1.7,BQL_N<0.0112mg;0.0045 mg N
OL,9-23,OL_9-23_G,9/15/23,Y,9/3/24,,"C,N,S",128.5,,161.7,33.2,127.6,,23.98119122,6.239620287,,23.51097179,6.117274791,,52.50783699,13.6619137,,45.4,30.6,14.8,6.24,24.36,0.26,23.4,5.99,17.41,24.5,0.26,2.8,0.72,,37.8,30,7.8,6.1,23.9,0.26,3.4,0.9,,87.6,67,20.6,13.7,53.3,0.26,16.7,4.3,,Y,-28.55,0.21,3.47,0.221296564,0.9,Small C,,,,,1.3,BQL_N<0.008mg;0.0047 mg N
P37,8-24,P37_7-24_G,7/3/24,Y,,,"C,N,S",133.7,,172.1,38.4,104.7,,25.40592168,9.317931161,,24.06876791,8.827513731,,50.52531041,18.53077287,,35.7,26.6,9.1,9.32,17.28,0.54,20.8,11.21,9.59,22.2,0.54,5.2,2.8,,36.8,25.2,11.6,8.8,16.4,0.54,8.3,4.5,,71.2,52.9,18.3,18.5,34.4,0.54,33,17.8,,Y,-28.15,0.14,2.57,0.025281398,0.9, ,,,,,1.8,BDL_N<0.0068mg;0.0053 mg N
R127,8-24,R127_7-24_G,7/3/24,Y,,,"C,N,S",132.4,,157.9,25.5,110.7,,25.47425474,5.86805326,,28.00361337,6.450696847,,46.52213189,10.71648025,,40.5,28.2,12.3,5.87,22.33,0.26,16.1,4.23,11.87,15.3,0.26,2.3,0.6,,44.9,31,13.9,6.5,24.5,0.26,3.9,1,,77.2,51.5,25.7,10.7,40.8,0.26,13,3.4,,Y,-30.54,0.14,4.25,0.020091797,1, ,,,,,1.5,BDL_N<0.0068mg;0.0061 mg N
R127,9-23,R127_9-23_G,9/15/23,Y,9/4/24,,"C,N,S",129.1,,144.2,15.1,119.8,,24.95826377,3.145824566,,26.5442404,3.345726461,,48.49749583,6.112789541,,40.1,29.9,10.2,3.15,26.75,0.12,16,1.88,14.12,15.5,0.12,2.7,0.32,,40.8,31.8,9,3.3,28.5,0.12,4,0.5,,77.4,58.1,19.3,6.1,52,0.12,19.5,2.3,,Y,-30.07,0.15,5.08,0.050963582,0.8, ,,,,,1.2,BQL_N<0.008mg;0.0048 mg N
RB,11-24,RB_11-24_G,11/16/24,Y,,,"C,N,S",133.7,,151.1,17.4,112.09,,23.98965117,3.723971188,,23.55250245,3.656111542,,52.45784637,8.143157524,,38.8,26.89,11.91,3.72,23.17,0.16,21.5,3.46,18.04,20.7,0.16,5,0.8,,35.5,26.4,9.1,3.7,22.7,0.16,3.5,0.6,,76.2,58.8,17.4,8.1,50.7,0.16,13.9,2.2,,Y,-26.06,0.14,3.26,0.345541222,0.8,,,,,,1.9,BQL_N<0.0073mg;0.0039 mg N
RB,1-24,RB_1-24_G,1/6/24,Y,,,"C,N,S",133,,170,37,110.1,,22.9791099,7.722316679,,26.7938238,9.004282293,,50.2270663,16.87921393,,35.9,25.3,10.6,7.72,17.58,0.44,19.3,8.48,10.82,20.1,0.44,3.9,1.71,,39.3,29.5,9.8,9,20.5,0.44,6.3,1.4,,75.9,55.3,20.6,16.9,38.4,0.44,22.7,10,,Y,-25.6,0.21,2.28,0.236403487,0.9,Small C,,,,,1.9,BQL_N<0.0112mg;0.0052 mg N
RB,4-24,RB_4-24_G,4/11/24,Y,9/5/24,,"C,N,S",130.1,,155.7,25.6,114.6,,26.52705061,5.925763487,,26.17801047,5.847792915,,47.29493892,10.56501253,,37.2,30.4,6.8,5.93,24.47,0.24,19.4,4.7,14.7,19.1,0.24,4.1,0.99,,37.7,30,7.7,5.8,24.2,0.24,9.7,2.3,,76.1,54.2,21.9,10.6,43.6,0.24,26,6.3,,Y,-25.04,0.3,2.13,0.051663554,0.9,Very small C,,,,,1.9,BQL_N<0.008mg;0.0042 mg N
RB,8-24,RB_8-24_G,8/1/24,Y,,,"C,N,S",128.7,,168.3,39.6,140.8,,23.36647727,6.571821733,,27.20170455,7.650479403,,49.43181818,13.90269886,,50.1,32.9,17.2,6.57,26.33,0.25,23.3,5.82,17.48,25.2,0.25,2.3,0.57,,48.1,38.3,9.8,7.7,30.6,0.25,3.6,0.9,,98.5,69.6,28.9,13.9,55.7,0.25,10.5,2.6,,Y,-20.48,0.14,4.62,0.246190547,1,,,,,,2,BQL_N<0.0144mg;0.0096 mg N
RB,9-23,RB_9-23_G,9/27/23,Y,12/15/23,,"C,N,S",,130.5010101,142.1,11.5989899,133.9,,27.78192681,2.406589159,,25.76549664,2.231917366,,46.45257655,4.023920584,,48.7,37.2,11.5,2.41,34.79,0.07,21.4,1.48,19.92,22.9,0.07,2.4,0.17,,48.1,34.5,13.6,2.2,32.3,0.07,3.8,0.3,,87,62.2,24.8,4,58.2,0.07,12.5,0.9,,Y,-23.72,0.14,4.78,0.025803025,0.8, ,,,,,1.6,BQL_N<0.0112mg;0.0055 mg N
SBT1,11-24,SBT1_11-24_G,11/10/24,Y,,,"C,N,S",133.6,,161.2,27.6,121,,24.21487603,5.523393211,,28.26446281,6.447100608,,47.52066116,10.83942354,,45.5,29.3,16.2,5.52,23.78,0.23,17.7,4.11,13.59,18.2,0.23,2.7,0.63,,44.7,34.2,10.5,6.4,27.8,0.23,3.7,0.9,,78.5,57.5,21,10.8,46.7,0.23,14,3.3,,Y,-31.86,0.14,10.49,0.141865234,1, ,3.13,0.31,1.747,0.061704564,2, 
SBT1,1-24,SBT1_1-24_G,2/2/24,Y,,,"C,N,S",130.1,,172.2,42.1,123.7,,27.00080841,9.189442473,,24.97978981,8.501609953,,48.01940178,16.34290069,,43.7,33.4,10.3,9.19,24.21,0.38,16.1,6.11,9.99,18.1,0.38,3.3,1.25,,44.9,30.9,14,8.5,22.4,0.38,3.9,1.5,,77.6,59.4,18.2,16.3,43.1,0.38,17,6.5,,Y,-31.71,0.14,13.16,0.232385291,0.8,,3.98,0.25,1.257,0.011619802,1.8, 
SBT1,4-24,SBT1_4-24_G,4/9/24,Y,9/5/24,,"C,N,S",128.8,,164.2,35.4,120.9,,27.54342432,8.064823994,,25.97187758,7.604668871,,46.4846981,13.61090416,,45.8,33.3,12.5,8.06,25.24,0.32,18.8,6.01,12.79,18.8,0.32,3.1,0.99,,41.9,31.4,10.5,7.6,23.8,0.32,5.4,1.7,,76.5,56.2,20.3,13.6,42.6,0.32,17,5.4,,Y,-31.76,0.14,14.19,0.135939902,1, ,,,,,1.5,BQL_N<0.0112mg;0.0071 mg N
SBT1,8-24,SBT1_8-24_G,8/1/24,Y,,,"C,N,S",133.3,,164.7,31.4,135.4,,25.92319055,6.011729565,,24.96307238,5.789072915,,49.11373708,11.38974405,,42.2,35.1,7.1,6.01,29.09,0.21,19.6,4.05,15.55,19.8,0.21,3.3,0.68,,41.3,33.8,7.5,5.8,28,0.21,5.9,1.2,,84.4,66.5,17.9,11.4,55.1,0.21,19.1,3.9,,Y,-24.68,0.14,8.33,0.016019701,1, ,2.33,,0.861,0.009164595,2, 
SBT1,9-23,SBT1_9-23_G,9/30/23,Y,10/3/24,,"C,N,S",,130.5010101,155.4,24.8989899,128.4,,25.15576324,4.878139368,,24.45482866,4.74221598,,50.3894081,9.771381334,,41.4,32.3,9.1,4.88,27.42,0.18,21.4,3.81,17.59,22.2,0.18,3.6,0.64,,37.4,31.4,6,4.7,26.7,0.18,7.5,1.3,,80.7,64.7,16,9.8,54.9,0.18,22,3.9,,Y,-25.34,0.14,7.53,0.014591571,1.1, ,2.8,0.3,0.913,0.010022406,1.6, 
SBT2,11-24,SBT2_11-24_G,11/16/24,Y,,,"C,N,S",134.7,,164.2,29.5,127.2,,25.78616352,5.980281634,,29.48113208,6.837212234,,44.7327044,10.37433003,,46.4,32.8,13.6,5.98,26.82,0.22,21.3,4.75,16.55,22.7,0.22,3,0.67,,44.7,37.5,7.2,6.8,30.7,0.22,5.9,1.3,,81.4,56.9,24.5,10.4,46.5,0.22,15,3.3,,Y,-22.18,0.2,4.16,0.171242198,1,Small C,2.42,0.25,0.661,0.011669283,1.6, 
SBT2,1-24,SBT2_1-24_G,1/6/24,Y,1/29/24,,"C,N,S",,130.5010101,158.5,27.9989899,120.8,,26.07615894,6.043924758,,25.33112583,5.871241194,,48.59271523,11.26280582,,43.5,31.5,12,6.04,25.46,0.24,16.9,4.01,12.89,19,0.24,4,0.95,,44.5,30.6,13.9,5.9,24.7,0.24,7.7,1.8,,74.8,58.7,16.1,11.3,47.4,0.24,21.8,5.2,,Y,-23.15,0.14,2.13,0.023017394,1, ,,,,,1.6,BQL_N<0.0066mg;0.0023 mg N
SBT2,4-24,SBT2_4-24_G,4/11/24,Y,9/5/24,,"C,N,S",131.5,,194.6,63.1,119.6,,26.50501672,13.98383407,,27.25752508,14.38085144,,46.23745819,24.39451181,,41.3,31.7,9.6,13.98,17.72,0.79,20.3,16.02,4.28,21,0.79,5,3.95,,40.5,32.6,7.9,14.4,18.2,0.79,6.9,5.4,,79.9,55.3,24.6,24.4,30.9,0.79,21.2,16.7,,Y,-23.81,0.14,1.9,0.287672684,1,,,,,,1.7,BDL_N<0.003mg;0.0029 mg N
SBT2,8-24,SBT2_8-24_G,8/1/24,Y,,,"C,N,S",135.4,,163.3,27.9,111.5,,24.30493274,6.08168272,,24.93273543,6.238774156,,50.76233184,12.70196465,,37.1,27.1,10,6.08,21.02,0.29,16.6,4.8,11.8,17.5,0.29,6.8,1.97,,40.1,27.8,12.3,6.2,21.6,0.29,10.6,3.1,,72.8,56.6,16.2,12.7,43.9,0.29,39.3,11.4,,Y,-22.9,0.3,2.48,0.057895686,0.8,Very small C,,,,,1.9,BDL_N<0.0068mg;0.0062 mg N
SBT2,9-23,SBT2_9-23_G,10/5/23,Y,12/15/23,,"C,N,S",,130.5010101,174.7,44.1989899,127.3,,24.1162608,8.373247192,,24.43047918,8.482344875,,51.45326002,17.86474564,,41.9,30.7,11.2,8.37,22.33,0.38,23.2,8.7,14.5,22.9,0.38,2.9,1.09,,42.1,31.1,11,8.5,22.6,0.38,3.8,1.4,,93.7,65.5,28.2,17.9,47.6,0.38,14.3,5.4,,Y,,,1.15,0.027413738,0.9,Too Small,,,,,1.9,BDL_N<0.0041mg;0.0019 mg N
TB1,11-24,TB1_11-24_G,11/16/24,Y,,,"C,N,S",132.1,,160.1,28,120,,25.25,5.891666667,,27.16666667,6.338888889,,47.58333333,11.10277778,,44.8,30.3,14.5,5.89,24.41,0.24,20.1,4.85,15.25,20.5,0.24,2.2,0.53,,43.5,32.6,10.9,6.3,26.3,0.24,4.3,1,,81.4,57.1,24.3,11.1,46,0.24,12.6,3,,Y,-23.86,0.14,3.07,0.269080833,1,,,,,,1.9,BQL_N<0.0073mg;0.0054 mg N
TB1,1-24,TB1_1-24_G,1/7/24,Y,,,"C,N,S",132.7,,146.5,13.8,118.5,,22.53164557,2.623938471,,22.86919831,2.663248411,,54.59915612,6.358382738,,38.6,26.7,11.9,2.62,24.08,0.11,16.9,1.84,15.06,18,0.11,2.9,0.32,,39.6,27.1,12.5,2.7,24.4,0.11,6.2,0.7,,85.1,64.7,20.4,6.4,58.3,0.11,16.6,1.8,,Y,-28.24,0.14,9.46,0.261627512,0.8,,4.2,0.3,0.917,0.010006131,1.6, 
TB1,4-24,TB1_4-24_G,4/8/24,Y,9/9/24,,"C,N,S",129.9,,148.9,19,105.8,,26.08695652,4.684803156,,27.5047259,4.939412023,,46.40831758,8.334196919,,37.8,27.6,10.2,4.68,22.92,0.2,17.5,3.58,13.92,18,0.2,3.8,0.78,,40.6,29.1,11.5,4.9,24.2,0.2,8.8,1.8,,75.8,49.1,26.7,8.3,40.8,0.2,21.1,4.3,,Y,-25.93,0.14,7.36,0.209581376,0.8, ,4.18,,0.834,0.020972048,1.1, 
TB1,8-24,TB1_8-24_G,8/1/24,Y,,,"C,N,S",133.6,,147.9,14.3,122.7,,26.24286879,3.05845985,,27.38386308,3.191436366,,46.37326813,5.404545512,,43,32.2,10.8,3.06,29.14,0.1,13.5,1.42,12.08,14.2,0.1,3.5,0.37,,44.6,33.6,11,3.2,30.4,0.1,5.8,0.6,,79.1,56.9,22.2,5.4,51.5,0.1,17,1.8,,Y,-25.21,0.14,5.33,0.270679544,0.9,,,,,,1.8,BQL_N<0.0144mg;0.01 mg N
TB1,9-23,TB1_9-23_G,9/27/23,Y,12/15/23,,"C,N,S",,130.5010101,141.5,10.9989899,119.6,,25.33444816,2.32987742,,27.25752508,2.506732802,,47.40802676,4.359869627,,38.6,30.3,8.3,2.33,27.97,0.08,16.8,1.4,15.4,16.9,0.08,3.9,0.32,,42.2,32.6,9.6,2.5,30.1,0.08,7.1,0.6,,78.2,56.7,21.5,4.4,52.3,0.08,20.2,1.7,,Y,-27.9,0.14,5.84,0.020942005,0.9, ,,,,,1.4,BQL_N<0.0112mg;0.0095 mg N
TB2,11-24,TB2_11-24_G,11/16/24,Y,,,"C,N,S",134.4,,157.4,23,114.3,,28.78390201,5.792036275,,25.28433946,5.087837336,,45.93175853,9.242611078,,41,32.9,8.1,5.79,27.11,0.21,17,3.63,13.37,18.5,0.21,3,0.64,,34,28.9,5.1,5.1,23.8,0.21,7.2,1.5,,65,52.5,12.5,9.2,43.3,0.21,18,3.8,,Y,-22.86,0.14,6.29,0.35607754,0.7,,2.67,0.25,0.67,0.009284618,1.9, 
TB2,8-24,TB2_8-24_G,8/1/24,Y,,,"C,N,S",134.2,,168.3,34.1,114.3,,24.32195976,7.256157722,,25.63429571,7.647677024,,50.04374453,14.92993603,,40.2,27.8,12.4,7.26,20.54,0.35,17.3,6.11,11.19,20.9,0.35,2.8,0.99,,44,29.3,14.7,7.6,21.7,0.35,5,1.8,,80.9,57.2,23.7,14.9,42.3,0.35,17.2,6.1,,Y,-22.13,0.14,3.78,0.258326814,1,,,,,,1.7,BQL_N<0.0144mg;0.0075 mg N
TB2,9-23,TB2_9-23_G,9/27/23,Y,12/15/23,,"C,N,S",,130.5010101,157.2,26.6989899,119.7,,25.73099415,5.739277802,,22.80701754,5.087087143,,51.4619883,11.4785556,,44.7,30.8,13.9,5.74,25.06,0.23,19.8,4.53,15.27,21.3,0.23,2.3,0.53,,43.4,27.3,16.1,5.1,22.2,0.23,3.1,0.7,,89.5,61.6,27.9,11.5,50.1,0.23,13.1,3,,Y,-20.17,0.14,5.36,0.018732938,1, ,2.98,0.3,0.647,0.009720629,1.8, 
TBC,4-24,TBC_4-24_G,4/8/24,Y,9/9/24,,"C,N,S",132,,160.2,28.2,119.8,,25.20868114,5.93392995,,23.95659432,5.63919833,,50.83472454,11.96610377,,44.4,30.2,14.2,5.93,24.27,0.24,20,4.89,15.11,19.6,0.24,2.3,0.56,,42.9,28.7,14.2,5.6,23.1,0.24,4,1,,91.1,60.9,30.2,12,48.9,0.24,12.6,3.1,,Y,-28.81,0.14,5.47,0.197716185,0.9, ,2.19,0.3,0.831,0.010398068,1.6, 
TBC,8-24,TBC_8-24_G,8/1/24,Y,,,"C,N,S",133.6,,163.9,30.3,119,,23.19327731,5.905515147,,25.29411765,6.440434998,,51.51260504,13.11623473,,41.5,27.6,13.9,5.91,21.69,0.27,18.2,4.95,13.25,17.8,0.27,2.5,0.68,,42.1,30.1,12,6.4,23.7,0.27,5.1,1.4,,84.3,61.3,23,13.1,48.2,0.27,14.1,3.8,,Y,-23.74,0.21,2.95,0.227789889,0.9,Small C,,,,,1.5,BDL_N<0.0068mg;0.0054 mg N
TBC,9-23,TBC_9-23_G,9/27/23,Y,12/15/23,,"C,N,S",,130.5010101,153.2,22.6989899,130.8,,27.75229358,4.816124095,,25,4.338491953,,47.24770642,8.199351765,,47.2,36.3,10.9,4.82,31.48,0.15,23.9,3.66,20.24,29.7,0.15,3,0.46,,44.9,32.7,12.2,4.3,28.4,0.15,5,0.8,,72.7,61.8,10.9,8.2,53.6,0.15,15.4,2.4,,Y,-23.48,0.14,3.05,0.021701408,1, ,,,,,1.6,BQL_N<0.0112mg;0.0041 mg N
TBCM,4-24,TBCM_4-24_G,4/8/24,Y,9/6/24,,"C,N,S",128.4,,149,20.6,115.9,,24.84900777,4.41664849,,27.26488352,4.846044871,,47.88610871,8.511249694,,40.9,28.8,12.1,4.42,24.38,0.18,20.1,3.64,16.46,21,0.18,2.4,0.43,,44,31.6,12.4,4.8,26.8,0.18,5,0.9,,84,55.5,28.5,8.5,47,0.18,12.2,2.2,,Y,-24.23,0.23,3.46,0.055186317,0.8,Small C,,,,,1.1,BQL_N<0.0112mg;0.0079 mg N
TBCM,8-24,TBCM_8-24_G,8/1/24,Y,,,"C,N,S",129.5,,152,22.5,140.3,,23.87740556,3.829234676,,24.94654312,4.000692945,,51.17605132,8.207135814,,43,33.5,9.5,3.83,29.67,0.13,21.2,2.74,18.46,24,0.13,3.9,0.5,,44.7,35,9.7,4,31,0.13,6.5,0.8,,88.9,71.8,17.1,8.2,63.6,0.13,18.7,2.4,,Y,-21.79,0.14,5.98,0.261785086,0.9,,,,,,1.5,BQL_N<0.0144mg;0.0107 mg N
TBCM,9-23,TBCM_9-23_G,9/27/23,Y,10/3/24,,"C,N,S",,130.5010101,149.1,18.5989899,142.7,,25.22775053,3.288091641,,25.22775053,3.288091641,,49.54449895,6.45744664,,45.4,36,9.4,3.29,32.71,0.1,22.9,2.3,20.6,23.2,0.1,4,0.4,,45.7,36,9.7,3.3,32.7,0.1,5.3,0.5,,82.4,70.7,11.7,6.5,64.2,0.1,21.8,2.2,,Y,-24.28,0.14,5.19,0.021731149,0.9, ,,,,,1.5,BQL_N<0.0112mg;0.009 mg N
TBHM,4-24,TBHM_4-24_G,4/8/24,Y,9/6/24,,"C,N,S",129.5,,151.8,22.3,116.5,,24.46351931,4.682716572,,26.18025751,5.011328262,,49.35622318,9.447586067,,34.1,28.5,5.6,4.68,23.82,0.2,21.5,4.23,17.27,21.7,0.2,3.6,0.71,,41.4,30.5,10.9,5,25.5,0.2,6.5,1.3,,84.4,57.5,26.9,9.4,48.1,0.2,18.9,3.7,,Y,-26.38,0.15,10.86,0.039273455,0.8, ,3.58,0.25,0.859,0.018933618,1.4, 
TBHM,8-24,TBHM_8-24_G,8/1/24,Y,,,"C,N,S",132.5,,152.5,20,126.4,,27.76898734,4.393827111,,23.57594937,3.730371735,,48.65506329,7.698585964,,43.6,35.1,8.5,4.39,30.71,0.14,22.4,3.21,19.19,22.2,0.14,4.3,0.62,,40.2,29.8,10.4,3.7,26.1,0.14,8.1,1.2,,81.2,61.5,19.7,7.7,53.8,0.14,19.5,2.8,,Y,-24.53,0.14,6.23,0.023970543,0.8, ,1.51,0.31,0.783,0.053159361,1.9, 
TBHM,9-23,TBHM_9-23_G,9/27/23,Y,10/3/24,,"C,N,S",,130.5010101,144.7,14.1989899,127.8,,22.69170579,2.521121293,,23.86541471,2.651524119,,53.4428795,5.937675322,,38.1,29,9.1,2.52,26.48,0.1,21.2,2.02,19.18,20.8,0.1,3.9,0.37,,38.6,30.5,8.1,2.7,27.8,0.1,8.3,0.8,,81.8,68.3,13.5,5.9,62.4,0.1,26.2,2.5,,Y,-28.4,0.14,8.66,0.021382376,0.8, ,2.99,0.25,1.311,0.012338581,1.7, 
TKB,11-24,TKB_11-24_G,11/16/24,Y,,,"C,N,S",134.1,,167.5,33.4,107.8,,24.48979592,7.587747529,,25.8812616,8.018869548,,49.62894249,15.37668533,,37.1,26.4,10.7,7.59,18.81,0.4,19.2,7.74,11.46,20.6,0.4,3.6,1.45,,39,27.9,11.1,8,19.9,0.4,7.5,3,,75.2,53.5,21.7,15.4,38.1,0.4,20.7,8.3,,Y,-24.65,0.27,2.58,0.200988048,0.9,Very small C,3.37,0.51,0.448,0.011911845,1.7,Very Small N
TKB,1-24,TKB_1-24_G,1/6/24,Y,,,"C,N,S",133.9,,146.7,12.8,102.4,,25.29296875,3.161621094,,24.90234375,3.112792969,,49.8046875,6.225585937,,38,25.9,12.1,3.16,22.74,0.14,18.1,2.52,15.58,18.1,0.14,3.3,0.46,,37.4,25.5,11.9,3.1,22.4,0.14,6.1,0.8,,76.4,51,25.4,6.2,44.8,0.14,18.9,2.6,,Y,-24.75,0.14,5.01,0.275324531,0.9,,,,,,1.5,BDL_N<0.0068mg;0.0055 mg N
TKB,4-24,TKB_4-24_G,4/11/24,Y,9/6/24,,"C,N,S",126.9,,159.8,32.9,104.9,,26.40610105,8.28179909,,24.69018112,7.74363164,,48.90371783,15.33777232,,37.7,27.7,10,8.28,19.42,0.43,19.3,8.23,11.07,17.7,0.43,4.1,1.75,,36.9,25.9,11,7.7,18.2,0.43,5.8,2.5,,78.1,51.3,26.8,15.3,36,0.43,17.8,7.6,,Y,-24.94,0.3,2.12,0.051686799,0.9,Very small C,,,,,1.9,BDL_N<0.0041mg;0.0016 mg N
TKB,8-24,TKB_8-24_G,8/1/24,Y,,,"C,N,S",128.8,,157.5,28.7,112.8,,25,6.360815603,,23.4929078,5.97736218,,51.5070922,13.10508463,,38.1,28.2,9.9,6.36,21.84,0.29,17.8,5.18,12.62,21.1,0.29,3.9,1.14,,39.5,26.5,13,6,20.5,0.29,7.6,2.2,,78.9,58.1,20.8,13.1,45,0.29,23.2,6.8,,Y,-20.95,0.14,10.96,0.178934821,0.8, ,,,,,1.8,BQL_N<0.008mg;0.0045 mg N
TKB,9-23,TKB_9-23_G,10/5/23,Y,12/15/23,,"C,N,S",,130.5010101,176.3,45.7989899,119.9,,27.35613011,10.44940055,,26.10508757,9.971531627,,46.53878232,17.77672411,,40.8,32.8,8,10.45,22.35,0.47,23.2,10.85,12.35,22.8,0.47,5.1,2.38,,39.6,31.3,8.3,10,21.3,0.47,8,3.7,,77.8,55.8,22,17.8,38,0.47,26.5,12.4,,Y,-17,0.14,4.85,0.019339828,1, ,3.23,0.3,1.093,0.008675244,1.7, 
TSH,9-23,TSH_9-23_G,9/15/23,Y,9/3/24,,"C,N,S",129,,149.3,20.3,101.8,,26.03143418,5.190944145,,26.22789784,5.230121082,,47.74066798,9.519995677,,36.1,26.5,9.6,5.19,21.31,0.24,19.1,4.65,14.45,19.3,0.24,5.3,1.29,,36.6,26.7,9.9,5.2,21.5,0.24,8.6,2.1,,71.5,48.6,22.9,9.5,39.1,0.24,27.4,6.7,,Y,-28.46,0.15,12.76,0.037209384,0.8, ,,,,,1.7,BQL_N<0.0112mg;0.0065 mg N
TSM1,1-24,TSM1_1-24_G,2/2/24,Y,9/11/24,,"C,N,S",132.5,,153.8,21.3,107,,23.55140187,4.688269718,,22.52336449,4.483623024,,53.92523364,10.73464931,,38.4,25.2,13.2,4.69,20.51,0.23,16.3,3.73,12.57,16.1,0.23,6,1.37,,35.4,24.1,11.3,4.5,19.6,0.23,12.4,2.8,,74.4,57.7,16.7,10.7,47,0.23,36.1,8.3,,Y,-28.64,0.15,4.7,0.0392012,1, ,,,,,1.3,BQL_N<0.008mg;0.004 mg N
TSM1,4-24,TSM1_4-24_G,4/9/24,Y,9/6/24,,"C,N,S",129.2,,182.3,53.1,102.4,,26.7578125,13.8753891,,24.0234375,12.45746613,,49.21875,25.52261353,,37.9,27.4,10.5,13.88,13.52,1.03,16.7,17.13,-0.43,16.8,1.03,7.6,7.8,,37.2,24.6,12.6,12.5,12.1,1.03,11.6,11.9,,71.7,50.4,21.3,25.5,24.9,1.03,33.4,34.3,,Y,-28.8,0.14,2.16,0.25465157,1.1,,,,,,1.4,BDL_N<0.0022mg;0.0021 mg N
TSM1,8-24,TSM1_8-24_G,8/1/24,Y,9/13/24,,"C,N,S",131.1,,156.9,25.8,116.1,,24.46167097,5.435926883,,28.85443583,6.412096851,,46.6838932,10.37419849,,37.2,28.4,8.8,5.44,22.96,0.24,18.9,4.47,14.43,18.5,0.24,6.2,1.47,,39.8,33.5,6.3,6.4,27.1,0.24,14.8,3.5,,69.8,54.2,15.6,10.4,43.8,0.24,36.9,8.7,,Y,-24.69,0.15,5.31,0.037749941,1, ,,,,,1.6,BQL_N<0.0112mg;0.0066 mg N
TSM1,9-23,TSM1_9-23_G,9/30/23,Y,9/3/24,,"C,N,S",129.2,,146.4,17.2,103.9,,25.21655438,4.174444036,,26.37151107,4.365639946,,48.41193455,8.014295229,,37.3,26.2,11.1,4.17,22.03,0.19,16,3.03,12.97,16,0.19,8,1.52,,36.8,27.4,9.4,4.4,23,0.19,14.5,2.7,,71.3,50.3,21,8,42.3,0.19,24.6,4.7,,Y,-27.01,0.15,6.74,0.040099098,0.9, ,,,,,1.1,BQL_N<0.008mg;0.0057 mg N
TSM3,11-24,TSM3_11-24_G,11/10/24,Y,,,"C,N,S",132.9,,150.9,18,109.1,,25.29789184,4.173804337,,26.48945921,4.37039657,,48.21264895,7.954424207,,41.4,27.6,13.8,4.17,23.43,0.18,20.9,3.72,16.2,18.7,0.18,5.2,0.93,,38,28.9,9.1,4.4,24.5,0.18,8.7,1.6,,72,52.6,19.4,8,44.6,0.18,26.9,4.8,,Y,-28.28,0.2,4.39,0.19146688,0.9,Small C,,,,,1.6,BQL_N<0.0144mg;0.0073 mg N
TSM3,4-24,TSM3_4-24_G,4/9/24,Y,9/9/24,,"C,N,S",129.8,,169.4,39.6,118,,24.83050847,8.332950302,,21.18644068,7.110025855,,53.98305085,18.11634588,,36.5,29.3,7.2,8.33,20.97,0.4,15.6,6.2,9.4,16.2,0.4,4.2,1.67,,37.7,25,12.7,7.1,17.9,0.4,8.1,3.2,,86.8,63.7,23.1,18.1,45.6,0.4,18.8,7.5,,Y,-27.48,0.14,3.59,0.26125566,1,,,,,,1.1,BDL_N<0.003mg;0.003 mg N
TSM3,8-24,TSM3_8-24_G,8/1/24,Y,9/13/24,,"C,N,S",133.8,,157.9,24.1,103.8,,24.18111753,5.614305709,,25.24084778,5.860350979,,50.57803468,11.74306971,,39.2,25.1,14.1,5.61,19.49,0.29,12.5,3.6,8.9,13.4,0.29,5.1,1.47,,38.4,26.2,12.2,5.9,20.3,0.29,9.1,2.6,,74.2,52.5,21.7,11.7,40.8,0.29,25.5,7.3,,Y,-24.81,0.14,11.49,0.015171061,1, ,2.65,0.3,0.796,0.010572697,1.6, 
TSM3,9-23,TSM3_9-23_G,9/30/23,Y,9/3/24,,"C,N,S",130,,152.4,22.4,114.4,,28.14685315,5.511271945,,26.22377622,5.134725414,,45.62937063,8.934422221,,42.1,32.2,9.9,5.51,26.69,0.21,16.8,3.47,13.33,18.2,0.21,3.6,0.74,,40.5,30,10.5,5.1,24.9,0.21,8.7,1.8,,76.1,52.2,23.9,8.9,43.3,0.21,26.5,5.5,,Y,-25.57,0.14,4.15,0.213033085,0.9, ,,,,,1.2,BQL_N<0.008mg;0.0064 mg N
TSM4,4-24,TSM4_4-24_G,4/9/24,Y,9/6/24,,"C,N,S",128.7,,143.5,14.8,118.8,,25.84175084,3.219342697,,24.74747475,3.08301874,,49.41077441,6.155551021,,40.4,30.7,9.7,3.22,27.48,0.12,17.5,2.05,15.45,19.2,0.12,3.8,0.45,,39.8,29.4,10.4,3.1,26.3,0.12,6.2,0.7,,84.3,58.7,25.6,6.2,52.5,0.12,20.2,2.4,,Y,-28.28,0.14,8.11,0.27692333,0.8,,,,,,1.3,BQL_N<0.008mg;0.0065 mg N
TSM4,9-23,TSM4_9-23_G,9/30/23,Y,9/3/24,,"C,N,S",128.7,,155.8,27.1,117.1,,25.53373185,5.909172786,,26.13151153,6.047514624,,48.33475662,11.18592574,,39.4,29.9,9.5,5.91,23.99,0.25,14.9,3.67,11.23,15.9,0.25,3.8,0.94,,41.5,30.6,10.9,6,24.6,0.25,6.6,1.6,,78.7,56.6,22.1,11.2,45.4,0.25,21.7,5.3,,Y,-27.74,0.14,5.29,0.236837165,1,,,,,,1.7,BQL_N<0.008mg;0.0054 mg N
WB1,1-24,WB1_1-24_G,1/7/24,Y,,,"C,N,S",129.3,,160.3,31,111.8,,25.58139535,7.093231268,,25.13416816,6.969223729,,49.28443649,13.66563087,,40.7,28.6,12.1,7.09,21.51,0.33,14.7,4.85,9.85,15,0.33,3.7,1.22,,41.6,28.1,13.5,7,21.1,0.33,6.7,2.2,,79,55.1,23.9,13.7,41.4,0.33,18.4,6.1,,Y,-21.2,0.21,2.92,0.228161393,0.9,Small C,,,,,1.6,BQL_N<0.0144mg;0.0089 mg N
WB1,4-24,WB1_4-24_G,4/11/24,Y,9/5/24,,"C,N,S",129.5,,163.9,34.4,116.5,,23.5193133,6.944758607,,27.21030043,8.034629483,,49.27038627,14.54850891,,38.9,27.4,11.5,6.94,20.46,0.34,15.3,5.19,10.11,16.7,0.34,3.1,1.05,,42.9,31.7,11.2,8,23.7,0.34,7.7,2.6,,82.6,57.4,25.2,14.5,42.9,0.34,19,6.5,,Y,-24.79,0.3,1.43,0.047875457,1,Very small C,,,,,1.7,BDL_N<0.0041mg;0.0013 mg N
WB1,8-24,WB1_8-24_G,8/1/24,Y,,,"C,N,S",135.3,,151.6,16.3,103.9,,27.14148219,4.257999613,,26.17901829,4.107006719,,46.67949952,7.323155362,,41.8,28.2,13.6,4.26,23.94,0.18,15.7,2.79,15.6,16.2,0.18,4.6,0.82,,38.8,27.2,11.6,4.1,23.1,0.18,6.3,1.1,,76.1,48.5,27.6,7.3,41.2,0.18,24.2,4.3,,Y,-21.01,0.14,6.33,0.163168566,1, ,3.37,0.25,0.703,0.016970698,1.6, 
WB1,9-23,WB1_9-23_G,10/5/23,Y,12/15/23,,"C,N,S",,130.5010101,151.7,21.1989899,115.6,,24.30795848,4.457648497,,27.94117647,5.123916244,,47.75086505,8.756661816,,40.8,28.1,12.7,4.46,23.64,0.19,17,3.21,16.8,18,0.19,2.6,0.49,,43.2,32.3,10.9,5.1,27.2,0.19,5.2,1,,85,55.2,29.8,8.8,46.4,0.19,15.1,2.8,,Y,-21.67,0.14,3.51,0.021066432,1, ,,,,,1.6,BQL_N<0.0112mg;0.0058 mg N
WB2,4-24,WB2_4-24_G,4/11/24,Y,9/5/24,,"C,N,S",129.6,,169.8,40.2,93.2,,26.18025751,11.29234283,,23.2832618,10.04278031,,50.53648069,21.79792407,,35.1,24.4,10.7,11.29,13.11,0.86,,,,10.3,0.86,9.8,8.44,,35.1,21.7,13.4,10,11.7,0.86,8.9,7.7,,67.2,47.1,20.1,21.8,25.3,0.86,33.1,28.5,,Y,-25.73,0.28,1.07,0.225713574,1,Very small C,,,,,1.4,BDL_N<0.003mg;0.0011 mg N
WB2,8-24,WB2_8-24_G,8/1/24,Y,,,"C,N,S",129.1,,150.7,21.6,103.1,,26.57613967,5.567843035,,25.21823472,5.283354704,,48.20562561,10.09933572,,32,27.4,4.6,5.57,21.83,0.26,,,,11.5,0.26,9.1,2.32,,39,26,13,5.3,20.7,0.26,15.2,3.9,,68.5,49.7,18.8,10.1,39.6,0.26,37,9.4,,Y,-22,0.28,2.02,0.273030585,0.8,Very small C,,,,,1.6,BDL_N<0.0068mg;0.0047 mg N
WB2,9-23,WB2_9-23_G,10/5/23,Y,12/15/23,,"C,N,S",,130.5010101,152.3,21.7989899,100.6,,25.24850895,5.471093355,,26.64015905,5.772649681,,48.11133201,10.42523301,,33.9,25.4,8.5,5.47,19.93,0.27,,,,8.2,0.27,7.9,2.17,,30.4,26.8,3.6,5.8,21,0.27,11.1,3,,71.4,48.4,23,10.4,38,0.27,36.2,9.9,,Y,-20.84,0.14,3.24,0.021431027,1, ,,,,,1.4,BQL_N<0.0066mg;0.0062 mg N