Sample_code,Site_code,Sampling_event,Filtered.Unfiltered,Collected,Submitted,Returned,N.N_um.L,N.N_MDL,N.N_FLAG,NO3.N_um.L,NO2.N_um.L,NO2.N_MDL,NO2.N_FLAG,NH3.NH4.N_um.L,NH3.NH4.N_MDL,NH3.NH4.N_FLAG,TN_um.L,TN_MDL,TN_FLAG,TP_um.L,TP_MDL,TP_FLAG,SRP_um.L,SRP_MDL,SRP_FLAG,TOC_um.L,TOC_MDL,TOC_FLAG
ACS1_1-24_UF1,ACS1,45681,UF,1/11/2024,1/29/2024,3/1/2024,NA,NA,NA,NA,NA,NA,NA,NA,NA,NA,166.7,3.5,NA,2,0.031,,,NA,,1193,10.4,NA
ACS1_11-24_UF1,ACS1,45985,UF,1/12/2024,,,NA,NA,NA,NA,NA,NA,NA,NA,NA,NA,116.4,3.5,NA,1.053,0.016,,,NA,,770.9,10.4,NA
ACS1_1123E_F1,ACS1,1123E,F,1/13/2024,1/29/2024,3/1/2024,0.668,0.124,I,NA,0.364,0.015,NA,0.542,0.196,I,NA,NA,NA,NA,NA,,0.072,0.062,I,NA,NA,NA
ACS1_4-24_F1,ACS1,45771,F,1/14/2024,11/23/2024,3/21/2025,2.623,0.124,NA,2.278,0.345,0.015,NA,2.108,0.196,NA,NA,NA,NA,NA,NA,,0.219,0.062,I,NA,NA,NA
ACS1_4-24_UF1,ACS1,45771,UF,1/15/2024,11/23/2024,3/21/2025,NA,NA,NA,NA,NA,NA,NA,NA,NA,NA,148.8,3.5,NA,2.41,0.212,,,NA,,1632,10.4,NA
ACS1_4-24_UF1,ACS1,45771,UF,1/16/2024,,,NA,NA,NA,NA,NA,NA,NA,NA,NA,NA,148.8,3.5,NA,2.41,0.212,,,NA,,1632,10.4,NA
ACS1_8-24_UF1,ACS1,45893,UF,1/17/2024,,,NA,NA,NA,NA,NA,NA,NA,NA,NA,NA,183.3,3.5,NA,4.087,0.212,,,NA,,1889,10.4,NA
ACS2_1-24_UF1,ACS2,45681,UF,1/18/2024,1/29/2024,3/1/2024,NA,NA,NA,NA,NA,NA,NA,NA,NA,NA,117.6,3.5,NA,1.774,0.031,,,NA,,1788,10.4,NA
ACS2_4-24_F1,ACS2,45771,F,1/19/2024,11/23/2024,3/21/2025,1.567,0.124,NA,1.239,0.328,0.015,NA,0.443,0.196,I,NA,NA,NA,NA,NA,,0.239,0.062,I,NA,NA,NA
ACS2_4-24_UF1,ACS2,45771,UF,1/20/2024,,,NA,NA,NA,NA,NA,NA,NA,NA,NA,NA,139.3,3.5,NA,2.796,0.212,,,NA,,1429,10.4,NA
ACS2_4-24_UF1,ACS2,45771,UF,1/21/2024,11/23/2024,3/21/2025,NA,NA,NA,NA,NA,NA,NA,NA,NA,NA,139.3,3.5,NA,2.796,0.212,,,NA,,1429,10.4,NA
ACS2_8-24_UF1,ACS2,45893,UF,1/22/2024,,,NA,NA,NA,NA,NA,NA,NA,NA,NA,NA,130,3.5,NA,1.271,0.016,,,NA,,1013,10.4,NA
ACS3_1-24_UF1,ACS3,45681,UF,1/23/2024,1/29/2024,3/1/2024,NA,NA,NA,NA,NA,NA,NA,NA,NA,NA,108.6,3.5,NA,1.916,0.031,,,NA,,1916,10.4,NA
ACS3_4-24_F1,ACS3,45771,F,1/24/2024,11/23/2024,3/21/2025,0.964,0.124,NA,0.375,0.589,0.015,NA,1.639,0.196,NA,NA,NA,NA,NA,NA,,0.645,0.062,,NA,NA,NA
ACS3_4-24_UF1,ACS3,45771,UF,1/25/2024,11/23/2024,3/21/2025,NA,NA,NA,NA,NA,NA,NA,NA,NA,NA,95.5,3.5,NA,3.196,0.212,,,NA,,914.2,10.4,NA
ACS3_4-24_UF1,ACS3,45771,UF,1/26/2024,,,NA,NA,NA,NA,NA,NA,NA,NA,NA,NA,95.5,3.5,NA,3.196,0.212,,,NA,,914.2,10.4,NA
ACS3_8-24_F1,ACS3,45893,F,1/27/2024,,,0.558,0.124,I,NA,0.028,0.015,I,2.425,0.196,NA,NA,NA,NA,NA,NA,,0.038,0.062,T,NA,NA,NA
ACS3_8-24_UF1,ACS3,45893,UF,1/28/2024,,,NA,NA,NA,NA,NA,NA,NA,NA,NA,NA,79,3.5,NA,0.757,0.016,,,NA,,763.1,10.4,NA
ACS4_1-24_UF1,ACS4,45681,UF,1/29/2024,1/29/2024,3/1/2024,NA,NA,NA,NA,NA,NA,NA,NA,NA,NA,100,3.5,NA,1.964,0.031,,,NA,,1729,10.4,NA
ACS4_4-24_F1,ACS4,45771,F,1/30/2024,11/23/2024,3/21/2025,1.49,0.124,NA,1.155,0.335,0.015,NA,1.189,0.196,NA,NA,NA,NA,NA,NA,,0.209,0.062,I,NA,NA,NA
ACS4_4-24_UF1,ACS4,45771,UF,1/31/2024,11/23/2024,3/21/2025,NA,NA,NA,NA,NA,NA,NA,NA,NA,NA,197.1,3.5,NA,5.758,0.212,,,NA,,1386,10.4,NA
ACS4_4-24_UF1,ACS4,45771,UF,2/1/2024,,,NA,NA,NA,NA,NA,NA,NA,NA,NA,NA,197.1,3.5,NA,5.758,0.212,,,NA,,1386,10.4,NA
ACS4_8-24_UF1,ACS4,45893,UF,2/2/2024,,,NA,NA,NA,NA,NA,NA,NA,NA,NA,NA,41.9,3.5,NA,1.075,0.015,,,NA,,637.3,10.4,NA
ACS5_1-24_UF1,ACS5,45681,UF,2/3/2024,1/29/2024,3/1/2024,NA,NA,NA,NA,NA,NA,NA,NA,NA,NA,129.8,3.5,NA,2.267,0.099,,,NA,,2022,10.4,NA
ACS5_4-24_F1,ACS5,45771,F,2/4/2024,11/23/2024,3/21/2025,1.11,0.124,NA,0.841,0.269,0.015,NA,1.35,0.196,NA,NA,NA,NA,NA,NA,,0.113,0.062,I,NA,NA,NA
ACS5_4-24_UF1,ACS5,45771,UF,2/5/2024,,,NA,NA,NA,NA,NA,NA,NA,NA,NA,NA,146.4,3.5,NA,3.698,0.212,,,NA,,1097,10.4,NA
ACS5_4-24_UF1,ACS5,45771,UF,2/6/2024,11/23/2024,3/21/2025,NA,NA,NA,NA,NA,NA,NA,NA,NA,NA,146.4,3.5,NA,3.698,0.212,,,NA,,1097,10.4,NA
ACS5_8-24_UF1,ACS5,45893,UF,2/7/2024,,,NA,NA,NA,NA,NA,NA,NA,NA,NA,NA,129,3.5,NA,1.96,0.015,,,NA,,1158,10.4,NA
CC_1-24_UF1,CC,45681,UF,2/8/2024,1/29/2024,3/1/2024,NA,NA,NA,NA,NA,NA,NA,NA,NA,NA,21,3.5,NA,0.507,0.028,,,NA,,325.7,10.4,NA
CC_4-24_F1,CC,45771,F,2/9/2024,11/23/2024,3/21/2025,0.065,0.13,T,NA,0.023,0.013,I,0.048,0.179,T,NA,NA,NA,NA,NA,,0.001,0.046,T,NA,NA,NA
CC_4-24_UF1,CC,45771,UF,2/10/2024,,,NA,NA,NA,NA,NA,NA,NA,NA,NA,NA,36.7,3.5,NA,1.732,0.015,,,NA,,243.3,10.4,NA
CC_4-24_UF1,CC,45771,UF,2/11/2024,11/23/2024,3/21/2025,NA,NA,NA,NA,NA,NA,NA,NA,NA,NA,36.7,3.5,NA,1.732,0.015,,,NA,,243.3,10.4,NA
CC_8-24_UF1,CC,45893,UF,2/12/2024,,,NA,NA,NA,NA,NA,NA,NA,NA,NA,NA,38.1,3.5,NA,1.301,0.015,,,NA,,258.8,10.4,NA
CP_3-24_F1,CP,45740,F,2/13/2024,11/23/2024,3/21/2025,0.375,0.124,I,NA,0.077,0.015,I,2.789,0.196,NA,NA,NA,NA,NA,NA,,0.025,0.062,T,NA,NA,NA
CP_3-24_UF1,CP,45740,UF,2/14/2024,,,NA,NA,NA,NA,NA,NA,NA,NA,NA,NA,100.2,3.5,NA,0.344,0.016,,,NA,,808,10.4,NA
CP_3-24_UF1,CP,45740,UF,2/15/2024,11/23/2024,3/21/2025,NA,NA,NA,NA,NA,NA,NA,NA,NA,NA,100.2,3.5,NA,0.344,0.016,,,NA,,808,10.4,NA
CP_7-24_F1,CP,45862,F,2/16/2024,11/23/2024,3/21/2025,0.341,0.124,I,NA,0.021,0.015,I,6.039,0.196,NA,NA,NA,NA,NA,NA,,0.012,0.062,T,NA,NA,NA
CP_7-24_UF1,CP,45862,UF,2/17/2024,,,NA,NA,NA,NA,NA,NA,NA,NA,NA,NA,86.9,3.5,NA,0.307,0.016,,,NA,,836.7,10.4,NA
CP_7-24_UF1,CP,45862,UF,2/18/2024,11/23/2024,3/21/2025,NA,NA,NA,NA,NA,NA,NA,NA,NA,NA,86.9,3.5,NA,0.307,0.016,,,NA,,836.7,10.4,NA
DC1_1-24_UF1,DC1,45681,UF,2/19/2024,1/29/2024,3/1/2024,NA,NA,NA,NA,NA,NA,NA,NA,NA,NA,126.7,3.5,NA,1.967,0.099,,,NA,,2178,10.4,NA
DC1_11-24_F1,DC1,45985,F,2/20/2024,,,0.233,0.13,I,NA,0.019,0.013,I,0.277,0.179,I,NA,NA,NA,NA,NA,,0.025,0.046,T,NA,NA,NA
DC1_11-24_UF1,DC1,45985,UF,2/21/2024,,,NA,NA,NA,NA,NA,NA,NA,NA,NA,NA,46.7,3.5,NA,1.66,0.015,,,NA,,473.7,10.4,NA
DC1_1123E_F2,DC1,1123E,F,2/22/2024,1/29/2024,3/1/2024,0.189,0.124,I,NA,0.515,0.015,NA,6.582,0.196,NA,NA,NA,NA,NA,NA,,0.294,0.062,I,NA,NA,NA
DC1_4-24_F1,DC1,45771,F,2/23/2024,11/23/2024,3/21/2025,4.473,0.13,NA,4.22,0.253,0.013,NA,2.807,0.179,NA,NA,NA,NA,NA,NA,,0.147,0.046,I,NA,NA,NA
DC1_4-24_UF1,DC1,45771,UF,2/24/2024,11/23/2024,3/21/2025,NA,NA,NA,NA,NA,NA,NA,NA,NA,NA,204,3.5,NA,4.355,0.077,,,NA,,1388,10.4,NA
DC1_4-24_UF1,DC1,45771,UF,2/25/2024,,,NA,NA,NA,NA,NA,NA,NA,NA,NA,NA,204,3.5,NA,4.355,0.077,,,NA,,1388,10.4,NA
DC1_8-24_UF1,DC1,45893,UF,2/26/2024,,,NA,NA,NA,NA,NA,NA,NA,NA,NA,NA,171.4,6.9,NA,4.635,0.077,,,NA,,2330,10.4,NA
DC2_1-24_UF1,DC2,45681,UF,2/27/2024,1/29/2024,3/1/2024,NA,NA,NA,NA,NA,NA,NA,NA,NA,NA,131.9,3.5,NA,1.964,0.099,,,NA,,2398,20.8,NA
DC2_4-24_F1,DC2,45771,F,2/28/2024,11/23/2024,3/21/2025,1.642,0.13,NA,1.26,0.382,0.013,NA,1.21,0.179,NA,NA,NA,NA,NA,NA,,0.169,0.046,I,NA,NA,NA
DC2_4-24_UF1,DC2,45771,UF,2/29/2024,,,NA,NA,NA,NA,NA,NA,NA,NA,NA,NA,232.1,3.5,NA,6.048,0.107,,,NA,,1998,10.4,NA
DC2_4-24_UF1,DC2,45771,UF,3/1/2024,11/23/2024,3/21/2025,NA,NA,NA,NA,NA,NA,NA,NA,NA,NA,232.1,3.5,NA,6.048,0.107,,,NA,,1998,10.4,NA
DC2_8-24_F1,DC2,45893,F,3/2/2024,,,1.378,0.13,NA,0.677,0.701,0.013,NA,3.675,0.179,NA,NA,NA,NA,NA,NA,,0.132,0.046,I,NA,NA,NA
DC2_8-24_UF1,DC2,45893,UF,3/3/2024,,,NA,NA,NA,NA,NA,NA,NA,NA,NA,NA,218.3,3.5,NA,4.375,0.077,,,NA,,2056,10.4,NA
DCM1_1-24_UF1,DCM1,45681,UF,3/4/2024,1/29/2024,3/1/2024,NA,NA,NA,NA,NA,NA,NA,NA,NA,NA,141,3.5,NA,2.396,0.099,,,NA,,2177,10.4,NA
DCM1_1123E_F1,DCM1,1123E,F,3/5/2024,1/29/2024,3/1/2024,0.408,0.124,I,NA,0.37,0.015,NA,1.777,0.196,NA,NA,NA,NA,NA,NA,,0.079,0.062,I,NA,NA,NA
DCM1_4-24_F1,DCM1,45771,F,3/6/2024,11/23/2024,3/21/2025,0.59,0.124,I,NA,0.318,0.015,NA,1.106,0.196,NA,NA,NA,NA,NA,NA,,0.244,0.062,I,NA,NA,NA
DCM1_4-24_UF1,DCM1,45771,UF,3/7/2024,,,NA,NA,NA,NA,NA,NA,NA,NA,NA,NA,354.8,6.9,NA,10.088,0.212,,,NA,,2825,20.8,NA
DCM1_4-24_UF1,DCM1,45771,UF,3/8/2024,11/23/2024,3/21/2025,NA,NA,NA,NA,NA,NA,NA,NA,NA,NA,354.8,6.9,NA,10.088,0.212,,,NA,,2825,20.8,NA
DCM1_8-24_UF1,DCM1,45893,UF,3/9/2024,,,NA,NA,NA,NA,NA,NA,NA,NA,NA,NA,263.1,17.3,NA,1.133,0.212,I,,NA,,3536,10.4,NA
DCM2_1-24_UF1,DCM2,45681,UF,3/10/2024,1/29/2024,3/1/2024,NA,NA,NA,NA,NA,NA,NA,NA,NA,NA,153.3,3.5,NA,3.437,0.099,,,NA,,1922,10.4,NA
DCM2_8-24_UF1,DCM2,45893,UF,3/11/2024,,,NA,NA,NA,NA,NA,NA,NA,NA,NA,NA,163.1,17.3,NA,7.128,0.122,,,NA,,1750,10.4,NA
EP146_3-24_F1,EP146,45740,F,3/12/2024,11/23/2024,3/21/2025,0.416,0.124,I,NA,0.044,0.015,I,18.894,0.589,NA,NA,NA,NA,NA,NA,,0.053,0.062,T,NA,NA,NA
EP146_3-24_UF1,EP146,45740,UF,3/13/2024,,,NA,NA,NA,NA,NA,NA,NA,NA,NA,NA,107.4,3.5,NA,0.678,0.016,,,NA,,818.3,10.4,NA
EP146_3-24_UF1,EP146,45740,UF,3/14/2024,11/23/2024,3/21/2025,NA,NA,NA,NA,NA,NA,NA,NA,NA,NA,107.4,3.5,NA,0.678,0.016,,,NA,,818.3,10.4,NA
EP146_7-24_F1,EP146,45862,F,3/15/2024,11/23/2024,3/21/2025,0.432,0.124,I,NA,0.073,0.015,I,0.786,0.196,I,NA,NA,NA,NA,NA,,0.007,0.062,T,NA,NA,NA
EP146_7-24_UF1,EP146,45862,UF,3/16/2024,,,NA,NA,NA,NA,NA,NA,NA,NA,NA,NA,77.9,3.5,NA,1.383,0.016,,,NA,,860.8,10.4,NA
EP146_7-24_UF1,EP146,45862,UF,3/17/2024,11/23/2024,3/21/2025,NA,NA,NA,NA,NA,NA,NA,NA,NA,NA,77.9,3.5,NA,1.383,0.016,,,NA,,860.8,10.4,NA
GB1_1-24_UF1,GB1,45681,UF,3/18/2024,1/29/2024,3/1/2024,NA,NA,NA,NA,NA,NA,NA,NA,NA,NA,98.1,3.5,NA,1.889,0.028,,,NA,,1556,10.4,NA
GB1_11-24_F1,GB1,45985,F,3/19/2024,,,1.023,0.13,NA,0.807,0.216,0.013,NA,10.508,0.359,NA,NA,NA,NA,NA,NA,,0.06,0.046,I,NA,NA,NA
GB1_11-24_UF1,GB1,45985,UF,3/20/2024,,,NA,NA,NA,NA,NA,NA,NA,NA,NA,NA,38.8,3.5,NA,0.804,0.015,,,NA,,372,10.4,NA
GB1_1123E_F1,GB1,1123E,F,3/21/2024,1/29/2024,3/1/2024,0.438,0.13,I,NA,0.131,0.013,I,0.307,0.179,I,NA,NA,NA,NA,NA,,0.067,0.046,I,NA,NA,NA
GB1_4-24_F1,GB1,45771,F,3/22/2024,11/23/2024,3/21/2025,ND,0.13,U,NA,0.079,0.013,I,0.846,0.179,I,NA,NA,NA,NA,NA,,0.029,0.046,T,NA,NA,NA
GB1_4-24_UF1,GB1,45771,UF,3/23/2024,11/23/2024,3/21/2025,NA,NA,NA,NA,NA,NA,NA,NA,NA,NA,109.3,3.5,NA,2.047,0.015,,,NA,,1047,10.4,NA
GB1_4-24_UF1,GB1,45771,UF,3/24/2024,,,NA,NA,NA,NA,NA,NA,NA,NA,NA,NA,109.3,3.5,NA,2.047,0.015,,,NA,,1047,10.4,NA
GB1_8-24_UF1,GB1,45893,UF,3/25/2024,,,NA,NA,NA,NA,NA,NA,NA,NA,NA,NA,163.6,3.5,NA,2.874,0.046,,,NA,,1330,10.4,NA
GB2_1-24_UF1,GB2,45681,UF,3/26/2024,1/29/2024,3/1/2024,NA,NA,NA,NA,NA,NA,NA,NA,NA,NA,40.5,3.5,NA,0.77,0.028,,,NA,,701.7,10.4,NA
GB2_1123E_F1,GB2,1123E,F,3/27/2024,1/29/2024,3/1/2024,0.473,0.13,I,NA,0.097,0.013,I,0.073,0.179,T,NA,NA,NA,NA,NA,,0.007,0.046,T,NA,NA,NA
GB2_4-24_F1,GB2,45771,F,3/28/2024,11/23/2024,3/21/2025,0.299,0.13,I,NA,0.15,0.013,I,3.82,0.179,NA,NA,NA,NA,NA,NA,,0.001,0.046,T,NA,NA,NA
GB2_4-24_UF1,GB2,45771,UF,3/29/2024,,,NA,NA,NA,NA,NA,NA,NA,NA,NA,NA,89,3.5,NA,1.047,0.015,,,NA,,616.1,10.4,NA
GB2_4-24_UF1,GB2,45771,UF,3/30/2024,11/23/2024,3/21/2025,NA,NA,NA,NA,NA,NA,NA,NA,NA,NA,89,3.5,NA,1.047,0.015,,,NA,,616.1,10.4,NA
GB2_8-24_UF1,GB2,45893,UF,3/31/2024,,,NA,NA,NA,NA,NA,NA,NA,NA,NA,NA,81.9,3.5,NA,0.976,0.015,,,NA,,791.3,10.4,NA
GBHM_1-24_UF1,GBHM,45681,UF,4/1/2024,1/29/2024,3/1/2024,NA,NA,NA,NA,NA,NA,NA,NA,NA,NA,109,3.5,NA,4.066,0.099,,,NA,,1193,10.4,NA
JB_1-24_UF1,JB,45681,UF,4/2/2024,1/29/2024,3/1/2024,NA,NA,NA,NA,NA,NA,NA,NA,NA,NA,20.2,3.5,NA,0.346,0.028,,,NA,,286.8,10.4,NA
JB_11-24_F1,JB,45985,F,4/3/2024,,,0.489,0.13,I,NA,0.037,0.013,I,0.219,0.179,I,NA,NA,NA,NA,NA,,0.023,0.046,T,NA,NA,NA
JB_11-24_UF1,JB,45985,UF,4/4/2024,,,NA,NA,NA,NA,NA,NA,NA,NA,NA,NA,48.1,3.5,NA,1.204,0.015,,,NA,,531.8,10.4,NA
JB_1123E_F1,JB,1123E,F,4/5/2024,10/5/2023,3/1/2024,0.443,0.13,I,NA,0.018,0.013,I,0.288,0.179,I,NA,NA,NA,NA,NA,,0.038,0.046,T,NA,NA,NA
JB_4-24_F1,JB,45771,F,4/6/2024,11/23/2024,3/21/2025,0.154,0.13,I,NA,0.041,0.013,I,0.249,0.179,I,NA,NA,NA,NA,NA,,0.013,0.046,T,NA,NA,NA
JB_4-24_UF1,JB,45771,UF,4/7/2024,,,NA,NA,NA,NA,NA,NA,NA,NA,NA,NA,20.7,3.5,NA,0.415,0.015,,,NA,,256.4,10.4,NA
JB_4-24_UF1,JB,45771,UF,4/8/2024,11/23/2024,3/21/2025,NA,NA,NA,NA,NA,NA,NA,NA,NA,NA,20.7,3.5,NA,0.415,0.015,,,NA,,256.4,10.4,NA
JB_8-24_F1,JB,45893,F,4/9/2024,,,0.239,0.13,I,NA,0.023,0.013,I,0.671,0.179,I,NA,NA,NA,NA,NA,,0.009,0.046,T,NA,NA,NA
JB_8-24_UF1,JB,45893,UF,4/10/2024,,,NA,NA,NA,NA,NA,NA,NA,NA,NA,NA,35.5,3.5,NA,0.31,0.015,,,NA,,498.4,10.4,NA
MCS1_1-24_UF1,MCS1,45681,UF,4/11/2024,1/29/2024,3/1/2024,NA,NA,NA,NA,NA,NA,NA,NA,NA,NA,65.2,3.5,NA,0.975,0.031,,,NA,,901.7,10.4,NA
MCS1_11-24_F1,MCS1,45985,F,4/12/2024,,,0.513,0.13,I,NA,0.048,0.013,I,0.203,0.179,I,NA,NA,NA,NA,NA,,0.018,0.046,T,NA,NA,NA
MCS1_11-24_UF1,MCS1,45985,UF,4/13/2024,,,NA,NA,NA,NA,NA,NA,NA,NA,NA,NA,16,3.5,I,0.516,0.015,,,NA,,245.5,10.4,NA
MCS1_1123E_F1,MCS1,1123E,F,4/14/2024,1/29/2024,3/1/2024,0.343,0.124,I,NA,0.077,0.015,I,0.155,0.196,T,NA,NA,NA,NA,NA,,0.011,0.062,T,NA,NA,NA
MCS1_4-24_F1,MCS1,45771,F,4/15/2024,11/23/2024,3/21/2025,1.105,0.124,NA,NA,0.155,0.015,I,1.485,0.196,NA,NA,NA,NA,NA,NA,,0.053,0.062,T,NA,NA,NA
MCS1_4-24_UF1,MCS1,45771,UF,4/16/2024,,,NA,NA,NA,NA,NA,NA,NA,NA,NA,NA,68.1,3.5,NA,1.003,0.016,,,NA,,465.7,10.4,NA
MCS1_4-24_UF1,MCS1,45771,UF,4/17/2024,11/23/2024,3/21/2025,NA,NA,NA,NA,NA,NA,NA,NA,NA,NA,68.1,3.5,NA,1.003,0.016,,,NA,,465.7,10.4,NA
MCS1_8-24_F1,MCS1,45893,F,4/18/2024,,,0.795,0.124,I,NA,0.017,0.015,I,1.187,0.196,NA,NA,NA,NA,NA,NA,,0.035,0.062,T,NA,NA,NA
MCS1_8-24_UF1,MCS1,45893,UF,4/19/2024,,,NA,NA,NA,NA,NA,NA,NA,NA,NA,NA,88.6,3.5,NA,1.063,0.016,,,NA,,1397,10.4,NA
MCS2_1-24_UF1,MCS2,45681,UF,4/20/2024,1/29/2024,3/1/2024,NA,NA,NA,NA,NA,NA,NA,NA,NA,NA,62.9,3.5,NA,0.636,0.031,,,NA,,900,10.4,NA
MCS2_4-24_F1,MCS2,45771,F,4/21/2024,11/23/2024,3/21/2025,1.06,0.124,NA,NA,0.139,0.015,I,1.471,0.196,NA,NA,NA,NA,NA,NA,,0.034,0.062,T,NA,NA,NA
MCS2_4-24_UF1,MCS2,45771,UF,4/22/2024,11/23/2024,3/21/2025,NA,NA,NA,NA,NA,NA,NA,NA,NA,NA,88.1,3.5,NA,1.607,0.016,,,NA,,423,10.4,NA
MCS2_4-24_UF1,MCS2,45771,UF,4/23/2024,,,NA,NA,NA,NA,NA,NA,NA,NA,NA,NA,88.1,3.5,NA,1.607,0.016,,,NA,,423,10.4,NA
MCS2_8-24_F1,MCS2,45893,F,4/24/2024,,,0.569,0.124,I,NA,0.051,0.015,I,1.216,0.196,NA,NA,NA,NA,NA,NA,,0.017,0.062,T,NA,NA,NA
MCS2_8-24_UF1,MCS2,45893,UF,4/25/2024,,,NA,NA,NA,NA,NA,NA,NA,NA,NA,NA,106.2,3.5,NA,1.114,0.015,,,NA,,1037,10.4,NA
MCS3_1-24_UF1,MCS3,45681,UF,4/26/2024,1/29/2024,3/1/2024,NA,NA,NA,NA,NA,NA,NA,NA,NA,NA,60.5,3.5,NA,0.774,0.031,,,NA,,860,10.4,NA
MCS3_4-24_F1,MCS3,45771,F,4/27/2024,11/23/2024,3/21/2025,1.286,0.124,NA,NA,0.099,0.015,I,1.874,0.196,NA,NA,NA,NA,NA,NA,,0.024,0.062,T,NA,NA,NA
MCS3_4-24_UF1,MCS3,45771,UF,4/28/2024,11/23/2024,3/21/2025,NA,NA,NA,NA,NA,NA,NA,NA,NA,NA,91.7,3.5,NA,1.755,0.016,,,NA,,1276,10.4,NA
MCS3_4-24_UF1,MCS3,45771,UF,4/29/2024,,,NA,NA,NA,NA,NA,NA,NA,NA,NA,NA,91.7,3.5,NA,1.755,0.016,,,NA,,1276,10.4,NA
MCS3_8-24_F1,MCS3,45893,F,4/30/2024,,,1.43,0.13,NA,NA,0.055,0.013,I,0.902,0.179,I,NA,NA,NA,NA,NA,,0.02,0.046,T,NA,NA,NA
MCS3_8-24_UF1,MCS3,45893,UF,5/1/2024,,,NA,NA,NA,NA,NA,NA,NA,NA,NA,NA,103.1,3.5,NA,1.211,0.015,,,NA,,1187,10.4,NA
MCS4_1-24_UF1,MCS4,45681,UF,5/2/2024,1/29/2024,3/1/2024,NA,NA,NA,NA,NA,NA,NA,NA,NA,NA,66.7,3.5,NA,0.645,0.031,,,NA,,1107,10.4,NA
MCS4_4-24_F1,MCS4,45771,F,5/3/2024,11/23/2024,3/21/2025,1.422,0.124,NA,NA,0.117,0.015,I,1.75,0.196,NA,NA,NA,NA,NA,NA,,0.027,0.062,T,NA,NA,NA
MCS4_4-24_UF1,MCS4,45771,UF,5/4/2024,,,NA,NA,NA,NA,NA,NA,NA,NA,NA,NA,71,3.5,NA,1.562,0.016,,,NA,,664.3,10.4,NA
MCS4_4-24_UF1,MCS4,45771,UF,5/5/2024,11/23/2024,3/21/2025,NA,NA,NA,NA,NA,NA,NA,NA,NA,NA,71,3.5,NA,1.562,0.016,,,NA,,664.3,10.4,NA
MCS4_8-24_UF1,MCS4,45893,UF,5/6/2024,,,NA,NA,NA,NA,NA,NA,NA,NA,NA,NA,97.1,3.5,NA,1.207,0.015,,,NA,,1058,10.4,NA
NCL_3-24_F1,NCL,45740,F,5/7/2024,11/23/2024,3/21/2025,1.115,0.124,NA,NA,0.016,0.015,I,2.194,0.196,NA,NA,NA,NA,NA,NA,,0.013,0.062,T,NA,NA,NA
NCL_3-24_UF1,NCL,45740,UF,5/8/2024,11/23/2024,3/21/2025,NA,NA,NA,NA,NA,NA,NA,NA,NA,NA,107.1,3.5,NA,0.365,0.016,,,NA,,819.2,10.4,NA
NCL_3-24_UF1,NCL,45740,UF,5/9/2024,,,NA,NA,NA,NA,NA,NA,NA,NA,NA,NA,107.1,3.5,NA,0.365,0.016,,,NA,,819.2,10.4,NA
NCL_7-24_F1,NCL,45862,F,5/10/2024,11/23/2024,3/21/2025,0.45,0.124,I,NA,0.027,0.015,I,3.414,0.196,NA,NA,NA,NA,NA,NA,,0.037,0.062,T,NA,NA,NA
NCL_7-24_UF1,NCL,45862,UF,5/11/2024,11/23/2024,3/21/2025,NA,NA,NA,NA,NA,NA,NA,NA,NA,NA,107.4,3.5,NA,0.308,0.016,,,NA,,900,10.4,NA
NCL_7-24_UF1,NCL,45862,UF,5/12/2024,,,NA,NA,NA,NA,NA,NA,NA,NA,NA,NA,107.4,3.5,NA,0.308,0.016,,,NA,,900,10.4,NA
OL_3-24_F1,OL,45740,F,5/13/2024,11/23/2024,3/21/2025,0.493,0.124,I,NA,0.049,0.015,I,66.045,2.943,NA,NA,NA,NA,NA,NA,,0.017,0.062,T,NA,NA,NA
OL_3-24_UF1,OL,45740,UF,5/14/2024,,,NA,NA,NA,NA,NA,NA,NA,NA,NA,NA,135.5,3.5,NA,0.541,0.016,,,NA,,875.8,10.4,NA
OL_3-24_UF1,OL,45740,UF,5/15/2024,11/23/2024,3/21/2025,NA,NA,NA,NA,NA,NA,NA,NA,NA,NA,135.5,3.5,NA,0.541,0.016,,,NA,,875.8,10.4,NA
OL_7-24_F1,OL,45862,F,5/16/2024,11/23/2024,3/21/2025,0.238,0.124,I,NA,0.166,0.015,NA,1.07,0.196,NA,NA,NA,NA,NA,NA,,0.022,0.062,T,NA,NA,NA
OL_7-24_UF1,OL,45862,UF,5/17/2024,,,NA,NA,NA,NA,NA,NA,NA,NA,NA,NA,69.6,3.5,NA,0.496,0.016,,,NA,,891.7,10.4,NA
OL_7-24_UF1,OL,45862,UF,5/18/2024,11/23/2024,3/21/2025,NA,NA,NA,NA,NA,NA,NA,NA,NA,NA,69.6,3.5,NA,0.496,0.016,,,NA,,891.7,10.4,NA
P37_3-24_F1,P37,45740,F,5/19/2024,11/23/2024,3/21/2025,0.771,0.124,I,NA,0.188,0.015,NA,21.39,0.589,NA,NA,NA,NA,NA,NA,,0.014,0.062,T,NA,NA,NA
P37_3-24_UF1,P37,45740,UF,5/20/2024,,,NA,NA,NA,NA,NA,NA,NA,NA,NA,NA,88.1,3.5,NA,0.583,0.016,,,NA,,643.5,10.4,NA
P37_3-24_UF1,P37,45740,UF,5/21/2024,11/23/2024,3/21/2025,NA,NA,NA,NA,NA,NA,NA,NA,NA,NA,88.1,3.5,NA,0.583,0.016,,,NA,,643.5,10.4,NA
P37_7-24_F1,P37,45862,F,5/22/2024,11/23/2024,3/21/2025,0.139,0.124,I,NA,0.037,0.015,I,0.964,0.196,I,NA,NA,NA,NA,NA,,0.004,0.062,T,NA,NA,NA
P37_7-24_UF1,P37,45862,UF,5/23/2024,,,NA,NA,NA,NA,NA,NA,NA,NA,NA,NA,56.7,3.5,NA,0.323,0.016,,,NA,,620.4,10.4,NA
P37_7-24_UF1,P37,45862,UF,5/24/2024,11/23/2024,3/21/2025,NA,NA,NA,NA,NA,NA,NA,NA,NA,NA,56.7,3.5,NA,0.323,0.016,,,NA,,620.4,10.4,NA
R127_3-24_F1,R127,45740,F,5/25/2024,11/23/2024,3/21/2025,0.561,0.124,I,NA,0.029,0.015,I,0.808,0.196,I,NA,NA,NA,NA,NA,,0.019,0.062,T,NA,NA,NA
R127_3-24_UF1,R127,45740,UF,5/26/2024,,,NA,NA,NA,NA,NA,NA,NA,NA,NA,NA,71.4,3.5,NA,0.673,0.016,,,NA,,774.4,10.4,NA
R127_3-24_UF1,R127,45740,UF,5/27/2024,11/23/2024,3/21/2025,NA,NA,NA,NA,NA,NA,NA,NA,NA,NA,71.4,3.5,NA,0.673,0.016,,,NA,,774.4,10.4,NA
R127_7-24_F1,R127,45862,F,5/28/2024,11/23/2024,3/21/2025,0.407,0.124,I,NA,0.107,0.015,I,0.307,0.196,I,NA,NA,NA,NA,NA,,ND,0.062,U,NA,NA,NA
R127_7-24_UF1,R127,45862,UF,5/29/2024,11/23/2024,3/21/2025,NA,NA,NA,NA,NA,NA,NA,NA,NA,NA,45.7,3.5,NA,0.697,0.016,,,NA,,706.3,10.4,NA
R127_7-24_UF1,R127,45862,UF,5/30/2024,,,NA,NA,NA,NA,NA,NA,NA,NA,NA,NA,45.7,3.5,NA,0.697,0.016,,,NA,,706.3,10.4,NA
RB_1-24_UF1,RB,45681,UF,5/31/2024,1/29/2024,3/1/2024,NA,NA,NA,NA,NA,NA,NA,NA,NA,NA,37.9,3.5,NA,0.618,0.028,,,NA,,501.1,10.4,NA
RB_11-24_F1,RB,45985,F,6/1/2024,,,1.339,0.13,NA,0.969,0.37,0.013,NA,13.854,0.359,NA,NA,NA,NA,NA,NA,,0.023,0.046,T,NA,NA,NA
RB_11-24_UF1,RB,45985,UF,6/2/2024,,,NA,NA,NA,NA,NA,NA,NA,NA,NA,NA,52.4,3.5,NA,0.599,0.015,,,NA,,437.5,10.4,NA
RB_1123E_F1,RB,1123E,F,6/3/2024,1/29/2024,3/1/2024,0.451,0.13,I,NA,0.066,0.013,I,0.033,0.179,T,NA,NA,NA,NA,NA,,0.025,0.046,T,NA,NA,NA
RB_4-24_F1,RB,45771,F,6/4/2024,11/23/2024,3/21/2025,0.537,0.13,I,NA,0.156,0.013,I,1.227,0.179,NA,NA,NA,NA,NA,NA,,0.027,0.046,T,NA,NA,NA
RB_4-24_UF1,RB,45771,UF,6/5/2024,,,NA,NA,NA,NA,NA,NA,NA,NA,NA,NA,48.8,3.5,NA,0.451,0.015,,,NA,,695.3,10.4,NA
RB_4-24_UF1,RB,45771,UF,6/6/2024,11/23/2024,3/21/2025,NA,NA,NA,NA,NA,NA,NA,NA,NA,NA,48.8,3.5,NA,0.451,0.015,,,NA,,695.3,10.4,NA
RB_8-24_UF1,RB,45893,UF,6/7/2024,,,NA,NA,NA,NA,NA,NA,NA,NA,NA,NA,105.5,3.5,NA,1.045,0.015,,,NA,,1054,10.4,NA
SBT1_1-24_UF1,SBT1,45681,UF,6/8/2024,,,NA,NA,NA,NA,NA,NA,NA,NA,NA,NA,268.1,3.5,NA,7.941,0.212,,,NA,,1825,10.4,NA
SBT1_11-24_UF1,SBT1,45985,UF,6/9/2024,,,NA,NA,NA,NA,NA,NA,NA,NA,NA,NA,254.3,6.9,NA,13.37,0.153,,,NA,,5230,41.59,NA
SBT1_1123E_F1,SBT1,1123E,F,6/10/2024,1/29/2024,3/1/2024,0.6,0.124,I,NA,1.293,0.015,NA,1.694,0.196,NA,NA,NA,NA,NA,NA,,3.373,0.062,,NA,NA,NA
SBT1_4-24_F1,SBT1,45771,F,6/11/2024,11/23/2024,3/21/2025,1.298,0.13,NA,NA,0.305,0.013,NA,3.301,0.179,NA,NA,NA,NA,NA,NA,,1.126,0.046,,NA,NA,NA
SBT1_4-24_UF1,SBT1,45771,UF,6/12/2024,,,NA,NA,NA,NA,NA,NA,NA,NA,NA,NA,188.3,3.5,NA,4.35,0.077,,,NA,,2455,20.8,NA
SBT1_4-24_UF1,SBT1,45771,UF,6/13/2024,11/23/2024,3/21/2025,NA,NA,NA,NA,NA,NA,NA,NA,NA,NA,188.3,3.5,NA,4.35,0.077,,,NA,,2455,20.8,NA
SBT1_8-24_UF1,SBT1,45893,UF,6/14/2024,,,NA,NA,NA,NA,NA,NA,NA,NA,NA,NA,163.3,3.5,NA,2.202,0.031,,,NA,,1945,10.4,NA
SBT2_1-24_UF1,SBT2,45681,UF,6/15/2024,1/29/2024,3/1/2024,NA,NA,NA,NA,NA,NA,NA,NA,NA,NA,39.5,3.5,NA,0.69,0.028,,,NA,,483.5,10.4,NA
SBT2_11-24_UF1,SBT2,45985,UF,6/16/2024,,,NA,NA,NA,NA,NA,NA,NA,NA,NA,NA,98.9,3.5,NA,1.798,0.015,,,NA,,856.7,10.4,NA
SBT2_1123E_F1,SBT2,1123E,F,6/17/2024,1/29/2024,3/1/2024,0.156,0.13,I,NA,0.039,0.013,I,0.472,0.179,I,NA,NA,NA,NA,NA,,0.028,0.046,T,NA,NA,NA
SBT2_4-24_F1,SBT2,45771,F,6/18/2024,11/23/2024,3/21/2025,0.494,0.13,I,NA,0.058,0.013,I,1.594,0.179,NA,NA,NA,NA,NA,NA,,0.039,0.046,T,NA,NA,NA
SBT2_4-24_UF1,SBT2,45771,UF,6/19/2024,,,NA,NA,NA,NA,NA,NA,NA,NA,NA,NA,57.9,3.5,NA,2.022,0.015,,,NA,,1341,20.8,NA
SBT2_4-24_UF1,SBT2,45771,UF,6/20/2024,11/23/2024,3/21/2025,NA,NA,NA,NA,NA,NA,NA,NA,NA,NA,57.9,3.5,NA,2.022,0.015,,,NA,,1341,20.8,NA
SBT2_8-24_UF1,SBT2,45893,UF,6/21/2024,,,NA,NA,NA,NA,NA,NA,NA,NA,NA,NA,62.4,3.5,NA,0.83,0.015,,,NA,,660.6,10.4,NA
TB1_1-24_UF1,TB1,45681,UF,6/22/2024,1/29/2024,3/1/2024,NA,NA,NA,NA,NA,NA,NA,NA,NA,NA,61.4,3.5,NA,0.798,0.031,,,NA,,834.2,10.4,NA
TB1_11-24_UF1,TB1,45985,UF,6/23/2024,,,NA,NA,NA,NA,NA,NA,NA,NA,NA,NA,36.2,3.5,NA,1.462,0.015,,,NA,,482.8,10.4,NA
TB1_1123E_F1,TB1,1123E,F,6/24/2024,1/29/2024,3/1/2024,0.388,0.124,I,NA,0.151,0.015,I,0.931,0.196,I,NA,NA,NA,NA,NA,,0.008,0.062,T,NA,NA,NA
TB1_4-24_F1,TB1,45771,F,6/25/2024,11/23/2024,3/21/2025,1.341,0.13,NA,NA,0.063,0.013,I,0.552,0.179,I,NA,NA,NA,NA,NA,,0.029,0.046,T,NA,NA,NA
TB1_4-24_UF1,TB1,45771,UF,6/26/2024,,,NA,NA,NA,NA,NA,NA,NA,NA,NA,NA,105.7,3.5,NA,1.732,0.015,,,NA,,1272,10.4,NA
TB1_4-24_UF1,TB1,45771,UF,6/27/2024,11/23/2024,3/21/2025,NA,NA,NA,NA,NA,NA,NA,NA,NA,NA,105.7,3.5,NA,1.732,0.015,,,NA,,1272,10.4,NA
TB1_8-24_F1,TB1,45893,F,6/28/2024,,,ND,0.13,U,NA,0.042,0.013,I,0.472,0.179,I,NA,NA,NA,NA,NA,,0.014,0.046,T,NA,NA,NA
TB1_8-24_UF1,TB1,45893,UF,6/29/2024,,,NA,NA,NA,NA,NA,NA,NA,NA,NA,NA,51.7,3.5,NA,0.737,0.015,,,NA,,484.4,10.4,NA
TB2_1-24_UF1,TB2,45681,UF,6/30/2024,1/29/2024,3/1/2024,NA,NA,NA,NA,NA,NA,NA,NA,NA,NA,43.8,3.5,NA,0.401,0.028,,,NA,,516.1,10.4,NA
TB2_11-24_F1,TB2,45985,F,7/1/2024,,,0.962,0.13,NA,NA,0.07,0.013,I,0.147,0.179,T,NA,NA,NA,NA,NA,,0.096,0.046,I,NA,NA,NA
TB2_11-24_UF1,TB2,45985,UF,7/2/2024,,,NA,NA,NA,NA,NA,NA,NA,NA,NA,NA,49.8,3.5,NA,1.501,0.015,,,NA,,539.5,10.4,NA
TB2_1123E_F1,TB2,1123E,F,7/3/2024,1/29/2024,3/1/2024,0.503,0.13,I,NA,0.173,0.013,NA,0.054,0.359,T,NA,NA,NA,NA,NA,,ND,0.046,U,NA,NA,NA
TB2_4-24_F1,TB2,45771,F,7/4/2024,11/23/2024,3/21/2025,1.752,0.13,NA,NA,0.152,0.013,I,4.033,0.179,NA,NA,NA,NA,NA,NA,,0.018,0.046,T,NA,NA,NA
TB2_4-24_UF1,TB2,45771,UF,7/5/2024,,,NA,NA,NA,NA,NA,NA,NA,NA,NA,NA,30.5,3.5,NA,0.681,0.015,,,NA,,372.8,10.4,NA
TB2_4-24_UF1,TB2,45771,UF,7/6/2024,11/23/2024,3/21/2025,NA,NA,NA,NA,NA,NA,NA,NA,NA,NA,30.5,3.5,NA,0.681,0.015,,,NA,,372.8,10.4,NA
TB2_8-24_UF1,TB2,45893,UF,7/7/2024,,,NA,NA,NA,NA,NA,NA,NA,NA,NA,NA,76.4,3.5,NA,0.654,0.015,,,NA,,714.6,10.4,NA
TBC_1-24_UF1,TBC,45681,UF,7/8/2024,1/29/2024,3/1/2024,NA,NA,NA,NA,NA,NA,NA,NA,NA,NA,49.8,3.5,NA,0.979,0.031,,,NA,,699.9,10.4,NA
TBC_4-24_F1,TBC,45771,F,7/9/2024,11/23/2024,3/21/2025,0.89,0.13,I,NA,0.241,0.013,NA,6.256,0.179,NA,NA,NA,NA,NA,NA,,0.029,0.046,T,NA,NA,NA
TBC_4-24_UF1,TBC,45771,UF,7/10/2024,11/23/2024,3/21/2025,NA,NA,NA,NA,NA,NA,NA,NA,NA,NA,68.1,3.5,NA,1.578,0.015,,,NA,,679.7,10.4,NA
TBC_4-24_UF1,TBC,45771,UF,7/11/2024,,,NA,NA,NA,NA,NA,NA,NA,NA,NA,NA,68.1,3.5,NA,1.578,0.015,,,NA,,679.7,10.4,NA
TBC_8-24_UF1,TBC,45893,UF,7/12/2024,,,NA,NA,NA,NA,NA,NA,NA,NA,NA,NA,81.2,3.5,NA,0.963,0.015,,,NA,,866.7,10.4,NA
TBCM_1-24_UF1,TBCM,45681,UF,7/13/2024,1/29/2024,3/1/2024,NA,NA,NA,NA,NA,NA,NA,NA,NA,NA,83.2,3.5,NA,1.508,0.031,,,NA,,1190,10.4,NA
TBCM_4-24_F1,TBCM,45771,F,7/14/2024,11/23/2024,3/21/2025,1.072,0.124,NA,NA,0.131,0.015,I,8.696,0.196,NA,NA,NA,NA,NA,NA,,0.115,0.062,I,NA,NA,NA
TBCM_4-24_UF1,TBCM,45771,UF,7/15/2024,11/23/2024,3/21/2025,NA,NA,NA,NA,NA,NA,NA,NA,NA,NA,73.3,3.5,NA,0.877,0.016,,,NA,,857.5,10.4,NA
TBCM_4-24_UF1,TBCM,45771,UF,7/16/2024,,,NA,NA,NA,NA,NA,NA,NA,NA,NA,NA,73.3,3.5,NA,0.877,0.016,,,NA,,857.5,10.4,NA
TBCM_8-24_F1,TBCM,45893,F,7/17/2024,,,ND,0.13,U,NA,0.08,0.013,I,0.718,0.179,I,NA,NA,NA,NA,NA,,0.017,0.046,T,NA,NA,NA
TBCM_8-24_UF1,TBCM,45893,UF,7/18/2024,,,NA,NA,NA,NA,NA,NA,NA,NA,NA,NA,65.5,3.5,NA,1.243,0.015,,,NA,,539.9,10.4,NA
TBHM_1-24_UF1,TBHM,45681,UF,7/19/2024,1/29/2024,3/1/2024,NA,NA,NA,NA,NA,NA,NA,NA,NA,NA,56.4,3.5,NA,0.986,0.031,,,NA,,999.2,10.4,NA
TBHM_4-24_F1,TBHM,45771,F,7/20/2024,11/23/2024,3/21/2025,0.741,0.124,I,NA,0.111,0.015,I,1.108,0.196,NA,NA,NA,NA,NA,NA,,0.19,0.062,I,NA,NA,NA
TBHM_4-24_UF1,TBHM,45771,UF,7/21/2024,,,NA,NA,NA,NA,NA,NA,NA,NA,NA,NA,138.6,3.5,NA,5.919,0.212,,,NA,,1228,10.4,NA
TBHM_4-24_UF1,TBHM,45771,UF,7/22/2024,11/23/2024,3/21/2025,NA,NA,NA,NA,NA,NA,NA,NA,NA,NA,138.6,3.5,NA,5.919,0.212,,,NA,,1228,10.4,NA
TBHM_8-24_UF1,TBHM,45893,UF,7/23/2024,,,NA,NA,NA,NA,NA,NA,NA,NA,NA,NA,80.7,3.5,NA,1.433,0.015,,,NA,,702.2,10.4,NA
TKB_1-24_UF1,TKB,45681,UF,7/24/2024,1/29/2024,3/1/2024,NA,NA,NA,NA,NA,NA,NA,NA,NA,NA,46.2,3.5,NA,0.334,0.028,,,NA,,559.8,10.4,NA
TKB_11-24_F1,TKB,45985,F,7/25/2024,,,0.534,0.13,I,NA,0.06,0.013,I,0.48,0.179,I,NA,NA,NA,NA,NA,,0.007,0.046,T,NA,NA,NA
TKB_11-24_UF1,TKB,45985,UF,7/26/2024,,,NA,NA,NA,NA,NA,NA,NA,NA,NA,NA,54,3.5,NA,1.57,0.015,,,NA,,547.6,10.4,NA
TKB_1123E_F1,TKB,1123E,F,7/27/2024,1/29/2024,3/1/2024,0.298,0.13,I,NA,0.101,0.013,I,4.782,0.179,NA,NA,NA,NA,NA,NA,,0.027,0.046,T,NA,NA,NA
TKB_4-24_F1,TKB,45771,F,7/28/2024,11/23/2024,3/21/2025,0.64,0.13,I,NA,0.059,0.013,I,0.865,0.179,I,NA,NA,NA,NA,NA,,ND,0.046,U,NA,NA,NA
TKB_4-24_UF1,TKB,45771,UF,7/29/2024,11/23/2024,3/21/2025,NA,NA,NA,NA,NA,NA,NA,NA,NA,NA,33.3,3.5,NA,0.328,0.015,,,NA,,411,10.4,NA
TKB_4-24_UF1,TKB,45771,UF,7/30/2024,,,NA,NA,NA,NA,NA,NA,NA,NA,NA,NA,33.3,3.5,NA,0.328,0.015,,,NA,,411,10.4,NA
TKB_8-24_UF1,TKB,45893,UF,7/31/2024,,,NA,NA,NA,NA,NA,NA,NA,NA,NA,NA,42.6,3.5,NA,0.288,0.015,,,NA,,1679,10.4,NA
TSH_3-24_F1,TSH,45740,F,8/1/2024,11/23/2024,3/21/2025,0.487,0.124,I,NA,0.052,0.015,I,6.352,0.196,NA,NA,NA,NA,NA,NA,,0.002,0.062,T,NA,NA,NA
TSH_3-24_UF1,TSH,45740,UF,8/2/2024,,,NA,NA,NA,NA,NA,NA,NA,NA,NA,NA,75,3.5,NA,0.538,0.016,,,NA,,789.5,10.4,NA
TSH_3-24_UF1,TSH,45740,UF,8/3/2024,11/23/2024,3/21/2025,NA,NA,NA,NA,NA,NA,NA,NA,NA,NA,75,3.5,NA,0.538,0.016,,,NA,,789.5,10.4,NA
TSH_7-24_F1,TSH,45862,F,8/4/2024,11/23/2024,3/21/2025,0.346,0.124,I,NA,0.057,0.015,I,0.257,0.196,I,NA,NA,NA,NA,NA,,0.004,0.062,T,NA,NA,NA
TSH_7-24_UF1,TSH,45862,UF,8/5/2024,,,NA,NA,NA,NA,NA,NA,NA,NA,NA,NA,50,3.5,NA,0.392,0.016,,,NA,,764.1,10.4,NA
TSH_7-24_UF1,TSH,45862,UF,8/6/2024,11/23/2024,3/21/2025,NA,NA,NA,NA,NA,NA,NA,NA,NA,NA,50,3.5,NA,0.392,0.016,,,NA,,764.1,10.4,NA
TSM1_1-24_UF1,TSM1,45681,UF,8/7/2024,,,NA,NA,NA,NA,NA,NA,NA,NA,NA,NA,39.3,3.5,NA,0.434,0.016,,,NA,,636.2,10.4,NA
TSM1_4-24_F1,TSM1,45771,F,8/8/2024,11/23/2024,3/21/2025,0.102,0.124,T,NA,0.006,0.015,T,0.433,0.196,I,NA,NA,NA,NA,NA,,0.024,0.062,T,NA,NA,NA
TSM1_4-24_UF1,TSM1,45771,UF,8/9/2024,11/23/2024,3/21/2025,NA,NA,NA,NA,NA,NA,NA,NA,NA,NA,39.5,3.5,NA,0.357,0.016,,,NA,,626.8,10.4,NA
TSM1_4-24_UF1,TSM1,45771,UF,8/10/2024,,,NA,NA,NA,NA,NA,NA,NA,NA,NA,NA,39.5,3.5,NA,0.357,0.016,,,NA,,626.8,10.4,NA
TSM1_8-24_F1,TSM1,45893,F,8/11/2024,,,0.822,0.124,I,NA,0.165,0.015,NA,0.455,0.196,I,NA,NA,NA,NA,NA,,0.035,0.062,T,NA,NA,NA
TSM1_8-24_UF1,TSM1,45893,UF,8/12/2024,,,NA,NA,NA,NA,NA,NA,NA,NA,NA,NA,123.8,3.5,NA,1.36,0.016,,,NA,,1843,10.4,NA
TSM3_1-24_UF1,TSM3,45681,UF,8/13/2024,,,NA,NA,NA,NA,NA,NA,NA,NA,NA,NA,54.8,3.5,NA,0.281,0.016,,,NA,,575.2,10.4,NA
TSM3_11-24_UF1,TSM3,45985,UF,8/14/2024,,,NA,NA,NA,NA,NA,NA,NA,NA,NA,NA,50.5,3.5,NA,0.236,0.016,,,NA,,565.6,10.4,NA
TSM3_1123E_F1,TSM3,1123E,F,8/15/2024,1/29/2024,3/1/2024,0.375,0.124,I,NA,0.063,0.015,I,6.171,0.196,NA,NA,NA,NA,NA,NA,,0.001,0.062,T,NA,NA,NA
TSM3_4-24_UF1,TSM3,45771,UF,8/16/2024,11/23/2024,3/21/2025,NA,NA,NA,NA,NA,NA,NA,NA,NA,NA,67.9,3.5,NA,0.425,0.016,,,NA,,612.5,10.4,NA
TSM3_4-24_UF1,TSM3,45771,UF,8/17/2024,,,NA,NA,NA,NA,NA,NA,NA,NA,NA,NA,67.9,3.5,NA,0.425,0.016,,,NA,,612.5,10.4,NA
TSM3_8-24_F1,TSM3,45893,F,8/18/2024,,,1.561,0.124,NA,1.365,0.196,0.015,NA,1.276,0.196,NA,NA,NA,NA,NA,NA,,0.034,0.062,T,NA,NA,NA
TSM3_8-24_UF1,TSM3,45893,UF,8/19/2024,,,NA,NA,NA,NA,NA,NA,NA,NA,NA,NA,134,3.5,NA,1.94,0.016,,,NA,,1695,10.4,NA
TSM4_1-24_UF1,TSM4,45681,UF,8/20/2024,,,NA,NA,NA,NA,NA,NA,NA,NA,NA,NA,52.9,3.5,NA,0.275,0.016,,,NA,,609.8,10.4,NA
TSM4_11-24_UF1,TSM4,45985,UF,8/21/2024,,,NA,NA,NA,NA,NA,NA,NA,NA,NA,NA,46,3.5,NA,0.277,0.016,,,NA,,550.5,10.4,NA
TSM4_1123E_F1,TSM4,1123E,F,8/22/2024,1/29/2024,3/1/2024,0.179,0.124,I,NA,0.08,0.015,I,0.622,0.196,I,NA,NA,NA,NA,NA,,ND,0.062,U,NA,NA,NA
TSM4_4-24_F1,TSM4,45771,F,8/23/2024,11/23/2024,3/21/2025,0.233,0.124,I,NA,0.038,0.015,I,1.103,0.196,NA,NA,NA,NA,NA,NA,,0.012,0.062,T,NA,NA,NA
TSM4_4-24_UF1,TSM4,45771,UF,8/24/2024,,,NA,NA,NA,NA,NA,NA,NA,NA,NA,NA,75.2,3.5,NA,0.35,0.016,,,NA,,676.4,10.4,NA
TSM4_4-24_UF1,TSM4,45771,UF,8/25/2024,11/23/2024,3/21/2025,NA,NA,NA,NA,NA,NA,NA,NA,NA,NA,75.2,3.5,NA,0.35,0.016,,,NA,,676.4,10.4,NA
TSM4_8-24_F1,TSM4,45893,F,8/26/2024,,,0.666,0.124,I,NA,0.069,0.015,I,0.222,0.196,I,NA,NA,NA,NA,NA,,0.019,0.062,T,NA,NA,NA
TSM4_8-24_UF1,TSM4,45893,UF,8/27/2024,,,NA,NA,NA,NA,NA,NA,NA,NA,NA,NA,88.3,3.5,NA,1.584,0.016,,,NA,,871.7,10.4,NA
WB1_1-24_UF1,WB1,45681,UF,8/28/2024,1/29/2024,3/1/2024,NA,NA,NA,NA,NA,NA,NA,NA,NA,NA,58.6,3.5,NA,0.818,0.028,,,NA,,621.6,10.4,NA
WB1_1123E_F1,WB1,1123E,F,8/29/2024,1/29/2024,3/1/2024,0.671,0.13,I,NA,0.13,0.013,I,0.044,0.359,T,NA,NA,NA,NA,NA,,0.016,0.046,T,NA,NA,NA
WB1_4-24_F1,WB1,45771,F,8/30/2024,11/23/2024,3/21/2025,0.061,0.13,T,NA,0.014,0.013,I,0.354,0.179,I,NA,NA,NA,NA,NA,,ND,0.046,U,NA,NA,NA
WB1_4-24_UF1,WB1,45771,UF,8/31/2024,,,NA,NA,NA,NA,NA,NA,NA,NA,NA,NA,57.9,3.5,NA,0.458,0.015,,,NA,,799.7,10.4,NA
WB1_4-24_UF1,WB1,45771,UF,9/1/2024,11/23/2024,3/21/2025,NA,NA,NA,NA,NA,NA,NA,NA,NA,NA,57.9,3.5,NA,0.458,0.015,,,NA,,799.7,10.4,NA
WB1_8-24_F1,WB1,45893,F,9/2/2024,,,0.207,0.13,I,NA,0.143,0.013,I,0.929,0.179,I,NA,NA,NA,NA,NA,,0.011,0.046,T,NA,NA,NA
WB1_8-24_UF1,WB1,45893,UF,9/3/2024,,,NA,NA,NA,NA,NA,NA,NA,NA,NA,NA,79,3.5,NA,0.538,0.015,,,NA,,883.3,10.4,NA
WB2_1-24_UF1,WB2,45681,UF,9/4/2024,1/29/2024,3/1/2024,NA,NA,NA,NA,NA,NA,NA,NA,NA,NA,62.6,3.5,NA,0.426,0.028,,,NA,,784.9,10.4,NA
WB2_4-24_F1,WB2,45771,F,9/5/2024,11/23/2024,3/21/2025,0.214,0.13,I,NA,0.049,0.013,I,1.02,0.179,NA,NA,NA,NA,NA,NA,,0.008,0.046,T,NA,NA,NA
WB2_4-24_UF1,WB2,45771,UF,9/6/2024,,,NA,NA,NA,NA,NA,NA,NA,NA,NA,NA,45.7,3.5,NA,0.369,0.015,,,NA,,520.6,10.4,NA
WB2_4-24_UF1,WB2,45771,UF,9/7/2024,11/23/2024,3/21/2025,NA,NA,NA,NA,NA,NA,NA,NA,NA,NA,45.7,3.5,NA,0.369,0.015,,,NA,,520.6,10.4,NA
WB2_8-24_F1,WB2,45893,F,9/8/2024,,,0.57,0.13,I,NA,0.127,0.013,I,2.22,0.179,NA,NA,NA,NA,NA,NA,,0.018,0.046,T,NA,NA,NA
WB2_8-24_UF1,WB2,45893,UF,9/9/2024,,,NA,NA,NA,NA,NA,NA,NA,NA,NA,NA,51.2,3.5,NA,0.969,0.015,,,NA,,663.8,10.4,NA
RB_1-24_UF1,RB,45681,,01/06/2024,,,NA,NA,NA,NA,NA,NA,NA,NA,NA,NA,37.9,3.5,NA,0.618,0.028,,,,,501.1,10.40,
GB2_1-24_UF1,GB2,45681,,01/06/2024,,,NA,NA,NA,NA,NA,NA,NA,NA,NA,NA,40.5,3.5,NA,0.770,0.028,,,,,701.7,10.40,
SBT2_1-24_UF1,SBT2,45681,,01/06/2024,,,NA,NA,NA,NA,NA,NA,NA,NA,NA,NA,39.5,3.5,NA,0.690,0.028,,,,,483.5,10.40,
CC_1-24_UF1,CC,45681,,01/06/2024,,,NA,NA,NA,NA,NA,NA,NA,NA,NA,NA,21.0,3.5,NA,0.507,0.028,,,,,325.7,10.40,
JB_1-24_UF1,JB,45681,,01/06/2024,,,NA,NA,NA,NA,NA,NA,NA,NA,NA,NA,20.2,3.5,NA,0.346,0.028,,,,,286.8,10.40,
TKB_1-24_UF1,TBK,45681,,01/06/2024,,,NA,NA,NA,NA,NA,NA,NA,NA,NA,NA,46.2,3.5,NA,0.334,0.028,,,,,559.8,10.40,
MCS4_1-24_UF1,MCS4,45681,,01/07/2024,,,NA,NA,NA,NA,NA,NA,NA,NA,NA,NA,66.7,3.5,NA,0.645,0.031,,,,,1107,10.40,
MCS2_1-24_UF1,MCS2,45681,,01/07/2024,,,NA,NA,NA,NA,NA,NA,NA,NA,NA,NA,62.9,3.5,NA,0.636,0.031,,,,,900.0,10.40,
MCS3_1-24_UF1,MCS3,45681,,01/07/2024,,,NA,NA,NA,NA,NA,NA,NA,NA,NA,NA,60.5,3.5,NA,0.774,0.031,,,,,860.0,10.40,
MCS1_1-24_UF1,MCS1,45681,,01/07/2024,,,NA,NA,NA,NA,NA,NA,NA,NA,NA,NA,65.2,3.5,NA,0.975,0.031,,,,,901.7,10.40,
TBHM_1-24_UF1,TBHM,45681,,01/07/2024,,,NA,NA,NA,NA,NA,NA,NA,NA,NA,NA,56.4,3.5,NA,0.986,0.031,,,,,999.2,10.40,
TB1_1-24_UF1,TB1,45681,,01/07/2024,,,NA,NA,NA,NA,NA,NA,NA,NA,NA,NA,61.4,3.5,NA,0.798,0.031,,,,,834.2,10.40,
TBC_1-24_UF1,TBC,45681,,01/07/2024,,,NA,NA,NA,NA,NA,NA,NA,NA,NA,NA,49.8,3.5,NA,0.979,0.031,,,,,699.9,10.40,
TB2_1-24_UF1,TB2,45681,,01/07/2024,,,NA,NA,NA,NA,NA,NA,NA,NA,NA,NA,43.8,3.5,NA,0.401,0.028,,,,,516.1,10.40,
WB2_1-24_UF1,WB2,45681,,01/07/2024,,,NA,NA,NA,NA,NA,NA,NA,NA,NA,NA,62.6,3.5,NA,0.426,0.028,,,,,784.9,10.40,
WB1_1-24_UF1,WB1,45681,,01/07/2024,,,NA,NA,NA,NA,NA,NA,NA,NA,NA,NA,58.6,3.5,NA,0.818,0.028,,,,,621.6,10.40,
DC1_1-24_UF1,DC1,45681,,01/11/2024,,,NA,NA,NA,NA,NA,NA,NA,NA,NA,NA,126.7,3.5,NA,1.967,0.099,,,,,2178,10.40,
DCM1_1-24_UF1,DCM1,45681,,01/11/2024,,,NA,NA,NA,NA,NA,NA,NA,NA,NA,NA,141.0,3.5,NA,2.396,0.099,,,,,2177,10.40,
DC2_1-24_UF1,DC2,45681,,01/11/2024,,,NA,NA,NA,NA,NA,NA,NA,NA,NA,NA,131.9,3.5,NA,1.964,0.099,,,,,2398,20.80,
DCM2_1-24_UF1,DCM2,45681,,01/11/2024,,,NA,NA,NA,NA,NA,NA,NA,NA,NA,NA,153.3,3.5,NA,3.437,0.099,,,,,1922,10.40,
GB1_1-24_UF1,GB1,45681,,01/11/2024,,,NA,NA,NA,NA,NA,NA,NA,NA,NA,NA,98.1,3.5,NA,1.889,0.028,,,,,1556,10.40,
ACS5_1-24_UF1,ACS5,45681,,01/11/2024,,,NA,NA,NA,NA,NA,NA,NA,NA,NA,NA,129.8,3.5,NA,2.267,0.099,,,,,2022,10.40,
GBHM_1-24_UF1,GBHM,45681,,01/11/2024,,,NA,NA,NA,NA,NA,NA,NA,NA,NA,NA,109.0,3.5,NA,4.066,0.099,,,,,1193,10.40,
ACS4_1-24_UF1,ACS4,45681,,01/11/2024,,,NA,NA,NA,NA,NA,NA,NA,NA,NA,NA,100.0,3.5,NA,1.964,0.031,,,,,1729,10.40,
ACS3_1-24_UF1,ACS3,45681,,01/11/2024,,,NA,NA,NA,NA,NA,NA,NA,NA,NA,NA,108.6,3.5,NA,1.916,0.031,,,,,1916,10.40,
ACS2_1-24_UF1,ACS2,45681,,01/11/2024,,,NA,NA,NA,NA,NA,NA,NA,NA,NA,NA,117.6,3.5,NA,1.774,0.031,,,,,1788,10.40,
ACS1_1-24_UF1,ACS1,45681,,01/11/2024,,,NA,NA,NA,NA,NA,NA,NA,NA,NA,NA,166.7,3.5,NA,2.000,0.031,,,,,1193,10.40,
TBCM_1-24_UF1,TBCM,45681,,01/07/2024,,,NA,NA,NA,NA,NA,NA,NA,NA,NA,NA,83.2,3.5,NA,1.508,0.031,,,,,1190,10.40,
RB_1-24_F1,RB,45681,,01/06/2024,,,0.418,0.130,I,NA,0.024,0.013,I,0.443,0.179,I,NA,NA,NA,NA,NA,,ND,0.046,U,,,
GB2_1-24_F1,GB2,45681,,01/06/2024,,,0.175,0.130,I,NA,0.153,0.013,I,0.124,0.179,T,NA,NA,NA,NA,NA,,0.202,0.046,I,,,
SBT2_1-24_F1,SBT2,45681,,01/06/2024,,,0.306,0.130,I,NA,0.043,0.013,I,1.165,0.179,NA,NA,NA,NA,NA,NA,,0.032,0.046,T,,,
CC_1-24_F1,CC,45681,,01/06/2024,,,0.554,0.130,I,NA,0.075,0.013,I,0.537,0.179,I,NA,NA,NA,NA,NA,,0.062,0.046,I,,,
JB_1-24_F1,JB,45681,,01/06/2024,,,0.509,0.130,I,NA,0.016,0.013,I,0.625,0.179,I,NA,NA,NA,NA,NA,,0.019,0.046,T,,,
TKB_1-24_F1,TBK,45681,,01/06/2024,,,0.896,0.130,I,NA,0.187,0.013,NA,3.243,0.179,NA,NA,NA,NA,NA,NA,,0.028,0.046,T,,,
MCS4_1-24_F1,MCS4,45681,,01/07/2024,,,0.326,0.124,I,NA,0.129,0.015,I,0.020,0.196,T,NA,NA,NA,NA,NA,,0.018,0.062,T,,,
MCS2_1-24_F1,MCS2,45681,,01/07/2024,,,0.677,0.124,I,NA,0.214,0.015,NA,0.977,0.196,I,NA,NA,NA,NA,NA,,0.063,0.062,I,,,
MCS3_1-24_F1,MCS3,45681,,01/07/2024,,,0.913,0.124,I,NA,0.223,0.015,NA,1.568,0.196,NA,NA,NA,NA,NA,NA,,0.020,0.062,T,,,
MCS1_1-24_F1,MCS1,45681,,01/07/2024,,,0.264,0.124,I,NA,0.114,0.015,I,0.307,0.196,I,NA,NA,NA,NA,NA,,0.016,0.062,T,,,
TBHM_1-24_F1,TBHM,45681,,01/07/2024,,,0.655,0.124,I,NA,0.197,0.015,NA,1.759,0.196,NA,NA,NA,NA,NA,NA,,0.012,0.062,T,,,
TB1_1-24_F1,TB1,45681,,01/07/2024,,,0.219,0.124,I,NA,0.075,0.015,I,0.338,0.196,I,NA,NA,NA,NA,NA,,0.006,0.062,T,,,
TBC_1-24_F1,TBC,45681,,01/07/2024,,,1.039,0.124,NA,0.608,0.431,0.015,NA,3.297,0.196,NA,NA,NA,NA,NA,NA,,0.012,0.062,T,,,
TB2_1-24_F1,TB2,45681,,01/07/2024,,,1.091,0.130,NA,0.908,0.183,0.013,NA,9.372,0.179,NA,NA,NA,NA,NA,NA,,0.028,0.046,T,,,
WB2_1-24_F1,WB2,45681,,01/07/2024,,,0.742,0.130,I,NA,0.113,0.013,I,6.106,0.179,NA,NA,NA,NA,NA,NA,,0.030,0.046,T,,,
WB1_1-24_F1,WB1,45681,,01/07/2024,,,0.214,0.130,I,NA,0.025,0.013,I,0.639,0.179,I,NA,NA,NA,NA,NA,,0.039,0.046,T,,,
DC1_1-24_F1,DC1,45681,,01/11/2024,,,0.608,0.124,I,NA,0.376,0.015,NA,3.693,0.196,NA,NA,NA,NA,NA,NA,,0.036,0.062,T,,,
DCM1_1-24_F1,DCM1,45681,,01/11/2024,,,0.347,0.124,I,NA,0.317,0.015,NA,1.071,0.196,NA,NA,NA,NA,NA,NA,,0.059,0.062,T,,,
DC2_1-24_F1,DC2,45681,,01/11/2024,,,0.451,0.124,I,NA,0.467,0.015,NA,3.337,0.196,NA,NA,NA,NA,NA,NA,,0.063,0.062,I,,,
DCM2_1-24_F1,DCM2,45681,,01/11/2024,,,0.349,0.124,I,NA,0.341,0.015,NA,1.066,0.196,NA,NA,NA,NA,NA,NA,,0.058,0.062,T,,,
GB1_1-24_F1,GB1,45681,,01/11/2024,,,0.252,0.130,I,NA,0.310,0.013,NA,0.611,0.179,I,NA,NA,NA,NA,NA,,0.398,0.046,I,,,
ACS5_1-24_F1,ACS5,45681,,01/11/2024,,,0.425,0.124,I,NA,0.319,0.015,NA,0.565,0.196,I,NA,NA,NA,NA,NA,,0.044,0.062,T,,,
GBHM_1-24_F1,GBHM,45681,,01/11/2024,,,0.539,0.124,I,NA,0.353,0.015,NA,0.984,0.196,I,NA,NA,NA,NA,NA,,0.136,0.062,I,,,
ACS4_1-24_F1,ACS4,45681,,01/11/2024,,,0.656,0.124,I,NA,0.344,0.015,NA,1.156,0.196,NA,NA,NA,NA,NA,NA,,0.054,0.062,T,,,
ACS3_1-24_F1,ACS3,45681,,01/11/2024,,,0.526,0.124,I,NA,0.329,0.015,NA,0.666,0.196,I,NA,NA,NA,NA,NA,,0.154,0.062,I,,,
ACS2_1-24_F1,ACS2,45681,,01/11/2024,,,0.674,0.124,I,NA,0.137,0.015,I,0.432,0.196,I,NA,NA,NA,NA,NA,,0.031,0.062,T,,,
ACS1_1-24_F1,ACS1,45681,,01/11/2024,,,0.354,0.124,I,NA,0.276,0.015,NA,1.085,0.196,NA,NA,NA,NA,NA,NA,,0.577,0.062,,,,
TBCM_1-24_F1,TBCM,45681,,01/07/2024,,,0.547,0.124,I,NA,0.169,0.015,NA,4.576,0.196,NA,NA,NA,NA,NA,NA,,0.032,0.062,T,,,
SBT2_9-23_UF1,SBT2,45000,,10/05/2023,,,NA,NA,NA,NA,NA,NA,NA,NA,NA,NA,0.36,0.05,NA,0.01652,0.00086,NA,NA,NA,NA,5.824,0.1248,NA
WB1_9-23_UF1,WB1,45000,,10/05/2023,,,NA,NA,NA,NA,NA,NA,NA,NA,NA,NA,0.95,0.05,NA,0.01559,0.00086,NA,NA,NA,NA,9.820,0.1248,NA
WB2_9-23_UF1,WB2,45000,,10/05/2023,,,NA,NA,NA,NA,NA,NA,NA,NA,NA,NA,0.90,0.05,NA,0.01175,0.00086,NA,NA,NA,NA,9.225,0.1248,NA
TKB_9-23_UF1,TKB,45000,,10/05/2023,,,NA,NA,NA,NA,NA,NA,NA,NA,NA,NA,0.78,0.05,NA,0.00741,0.00086,NA,NA,NA,NA,9.527,0.1248,NA
JB_9-23_UF1,JB,45000,,10/05/2023,,,NA,NA,NA,NA,NA,NA,NA,NA,NA,NA,0.26,0.05,NA,0.01014,0.00086,NA,NA,NA,NA,2.665,0.1248,NA
CC_9-23_UF1,CC,45000,,10/05/2023,,,NA,NA,NA,NA,NA,NA,NA,NA,NA,NA,0.31,0.05,NA,0.02114,0.00086,NA,NA,NA,NA,3.403,0.1248,NA
GB1_1123E_UF,GB1,1123E,,11/28/2023,,,NA,NA,NA,NA,NA,NA,NA,NA,NA,NA,2.19,0.05,NA,0.05875,0.00086,NA,NA,NA,NA,26.29,0.1248,NA
DC1_1123E_UF,DC1,1123E,,11/28/2023,,,NA,NA,NA,NA,NA,NA,NA,NA,NA,NA,2.93,0.05,NA,0.11867,0.00308,NA,NA,NA,NA,44.15,0.6239,NA
DCM1_1123E_UF,DCM1,1123E,,11/28/2023,,,NA,NA,NA,NA,NA,NA,NA,NA,NA,NA,2.47,0.10,NA,0.11724,0.00308,NA,NA,NA,NA,39.75,0.6239,NA
ACS1_1123E_UF,ACS1,1123E,,11/28/2023,,,NA,NA,NA,NA,NA,NA,NA,NA,NA,NA,2.95,0.05,NA,0.05800,0.00096,NA,NA,NA,NA,38.44,0.6239,NA
SBT1_1123E_UF,SBT1,1123E,,11/28/2023,,,NA,NA,NA,NA,NA,NA,NA,NA,NA,NA,2.02,0.05,NA,0.20122,0.00308,NA,NA,NA,NA,53.72,0.6239,NA
TSM4_1123E_UF,TSM4,1123E,,11/28/2023,,,NA,NA,NA,NA,NA,NA,NA,NA,NA,NA,0.75,0.05,NA,0.00933,0.00096,NA,NA,NA,NA,8.758,0.1248,NA
TSM3_1123E_UF,TSM3,1123E,,11/28/2023,,,NA,NA,NA,NA,NA,NA,NA,NA,NA,NA,0.67,0.05,NA,0.00825,0.00096,NA,NA,NA,NA,6.763,0.1248,NA
RB_1123E_UF,RB,1123E,,11/30/2023,,,NA,NA,NA,NA,NA,NA,NA,NA,NA,NA,1.41,0.05,NA,0.04473,0.00086,NA,NA,NA,NA,15.66,0.1248,NA
GB2_1123E_UF,GB2,1123E,,11/30/2023,,,NA,NA,NA,NA,NA,NA,NA,NA,NA,NA,1.79,0.05,NA,0.04796,0.00086,NA,NA,NA,NA,21.49,0.1248,NA
SBT2_1123E_UF,SBT2,1123E,,11/30/2023,,,NA,NA,NA,NA,NA,NA,NA,NA,NA,NA,0.34,0.05,NA,0.01730,0.00086,NA,NA,NA,NA,3.753,0.1248,NA
JB_1123E_UF,JB,1123E,,11/30/2023,,,NA,NA,NA,NA,NA,NA,NA,NA,NA,NA,0.32,0.05,NA,0.00874,0.00086,NA,NA,NA,NA,3.886,0.1248,NA
TKB_1123E_UF,TKB,1123E,,11/30/2023,,,NA,NA,NA,NA,NA,NA,NA,NA,NA,NA,0.68,0.05,NA,0.00849,0.00086,NA,NA,NA,NA,6.971,0.1248,NA
WB1_1123E_UF,WB1,1123E,,11/30/2023,,,NA,NA,NA,NA,NA,NA,NA,NA,NA,NA,0.95,0.05,NA,0.01355,0.00086,NA,NA,NA,NA,9.759,0.1248,NA
TB2_1123E_UF,TB2,1123E,,11/30/2023,,,NA,NA,NA,NA,NA,NA,NA,NA,NA,NA,0.44,0.05,NA,0.01054,0.00086,NA,NA,NA,NA,4.297,0.1248,NA
TB1_1123E_UF,TB1,1123E,,11/30/2023,,,NA,NA,NA,NA,NA,NA,NA,NA,NA,NA,1.33,0.05,NA,0.03457,0.00096,NA,NA,NA,NA,19.89,0.1248,NA
MCS1_1123E_UF,MCS1,1123E,,11/30/2023,,,NA,NA,NA,NA,NA,NA,NA,NA,NA,NA,1.00,0.05,NA,0.01792,0.00096,NA,NA,NA,NA,16.64,0.1248,NA
MCS1_1123E_F1,MCS1,1123E,,11/30/2023,,,0.00480,0.00173,I,NA,0.00108,0.00022,I,0.00217,0.00275,T,NA,NA,NA,NA,NA,NA,0.00034,0.00192,T,NA,NA,NA
TB1_1123E_F1,TB1,1123E,,11/30/2023,,,0.00543,0.00173,I,NA,0.00211,0.00022,I,0.01303,0.00275,I,NA,NA,NA,NA,NA,NA,0.00025,0.00192,T,NA,NA,NA
TB2_1123E_F1,TB2,1123E,,11/30/2023,,,0.00704,0.00182,I,NA,0.00242,0.00018,NA,0.00076,0.00502,T,NA,NA,NA,NA,NA,NA,NA,0.00141,U,NA,NA,NA
WB1_1123E_F1,WB1,1123E,,11/30/2023,,,0.00939,0.00182,I,NA,0.00182,0.00018,I,0.00062,0.00502,T,NA,NA,NA,NA,NA,NA,0.00050,0.00141,T,NA,NA,NA
TKB_1123E_F1,TKB,1123E,,11/30/2023,,,0.00417,0.00182,I,NA,0.00141,0.00018,I,0.06695,0.00251,NA,NA,NA,NA,NA,NA,NA,0.00084,0.00141,T,NA,NA,NA
JB_1123E_F1,JB,1123E,,11/30/2023,,,0.00620,0.00182,I,NA,0.00025,0.00018,I,0.00403,0.00251,I,NA,NA,NA,NA,NA,NA,0.00118,0.00141,T,NA,NA,NA
SBT2_1123E_F1,SBT2,1123E,,11/30/2023,,,0.00218,0.00182,I,NA,0.00055,0.00018,I,0.00661,0.00251,I,NA,NA,NA,NA,NA,NA,0.00087,0.00141,T,NA,NA,NA
GB2_1123E_F1,GB2,1123E,,11/30/2023,,,0.00662,0.00182,I,NA,0.00136,0.00018,I,0.00102,0.00251,T,NA,NA,NA,NA,NA,NA,0.00022,0.00141,T,NA,NA,NA
RB_1123E_F1,RB,1123E,,11/30/2023,,,0.00631,0.00182,I,NA,0.00092,0.00018,I,0.00046,0.00251,T,NA,NA,NA,NA,NA,NA,0.00078,0.00141,T,NA,NA,NA
TSM3_1123E_F1,TSM3,1123E,,11/28/2023,,,0.00525,0.00173,I,NA,0.00088,0.00022,I,0.08639,0.00275,NA,NA,NA,NA,NA,NA,NA,0.00003,0.00192,T,NA,NA,NA
TSM4_1123E_F1,TSM4,1123E,,11/28/2023,,,0.00251,0.00173,I,NA,0.00112,0.00022,I,0.00871,0.00275,I,NA,NA,NA,NA,NA,NA,NA,0.00192,U,NA,NA,NA
SBT1_1123E_F1,SBT1,1123E,,11/28/2023,,,0.00840,0.00173,I,NA,0.01810,0.00022,NA,0.02372,0.00275,NA,NA,NA,NA,NA,NA,NA,0.10456,0.00192,NA,NA,NA,NA
ACS1_1123E_F1,ACS1,1123E,,11/28/2023,,,0.00935,0.00173,I,NA,0.00510,0.00022,NA,0.00759,0.00275,I,NA,NA,NA,NA,NA,NA,0.00223,0.00192,I,NA,NA,NA
DCM1_1123E_F1,DCM1,1123E,,11/28/2023,,,0.00571,0.00173,I,NA,0.00518,0.00022,NA,0.02488,0.00275,NA,NA,NA,NA,NA,NA,NA,0.00245,0.00192,I,NA,NA,NA
DC1_1123E_F2,DC1,1123E,,11/28/2023,,,0.00265,0.00173,I,NA,0.00721,0.00022,NA,0.09215,0.00275,NA,NA,NA,NA,NA,NA,NA,0.00911,0.00192,I,NA,NA,NA
GB1_1123E_F1,GB1,1123E,,11/28/2023,,,0.00613,0.00182,I,NA,0.00183,0.00018,I,0.00430,0.00251,I,NA,NA,NA,NA,NA,NA,0.00208,0.00141,I,NA,NA,NA
CC_9-23_F1,CC,45000,,10/05/2023,,,0.00381,0.00182,I,NA,0.00015,0.00018,T,0.00003,0.00251,T,NA,NA,NA,NA,NA,NA,0.00087,0.00141,T,NA,NA,NA
JB_9-23_F1,JB,45000,,10/05/2023,,,0.00322,0.00182,I,NA,0.00018,0.00018,I,0.00470,0.00251,I,NA,NA,NA,NA,NA,NA,0.00050,0.00141,T,NA,NA,NA
TKB_9-23_F1,TKB,45000,,10/05/2023,,,0.00491,0.00182,I,NA,0.00063,0.00018,I,0.01865,0.00251,NA,NA,NA,NA,NA,NA,NA,0.00056,0.00141,T,NA,NA,NA
WB2_9-23_F1,WB2,45000,,10/05/2023,,,0.00372,0.00182,I,NA,NA,0.00018,U,0.00136,0.00251,T,NA,NA,NA,NA,NA,NA,0.00037,0.00141,T,NA,NA,NA
WB1_9-23_F1,WB1,45000,,10/05/2023,,,0.00269,0.00182,I,NA,0.00073,0.00018,I,0.00854,0.00251,I,NA,NA,NA,NA,NA,NA,0.00047,0.00141,T,NA,NA,NA
SBT2_9-23_F1,SBT2,45000,,10/05/2023,,,0.00281,0.00182,I,NA,0.00070,0.00018,I,0.02225,0.00251,NA,NA,NA,NA,NA,NA,NA,0.00037,0.00141,T,NA,NA,NA
ACS1_9-23_UF1,ACS1,45000,,09/26/2023,,,NA,NA,NA,NA,NA,NA,NA,NA,NA,NA,165.8,3.5,NA,1.391,0.031,Q,NA,NA,NA,2901,20.80,NA
ACS1_9-23_F1,ACS1,45000,,09/26/2023,,,0.783,0.124,I,NA,0.550,0.015,NA,47.110,1.962,NA,NA,NA,NA,NA,NA,NA,0.020,0.062,T,NA,NA,NA
ACS2_9-23_UF1,ACS2,45000,,09/26/2023,,,NA,NA,NA,NA,NA,NA,NA,NA,NA,NA,109.6,3.5,NA,1.910,0.031,Q,NA,NA,NA,2810,20.80,NA
ACS2_9-23_F1,ACS2,45000,,09/26/2023,,,0.700,0.124,I,NA,0.343,0.015,NA,9.553,0.196,NA,NA,NA,NA,NA,NA,NA,0.028,0.062,T,NA,NA,NA
ACS3_9-23_UF1,ACS3,45000,,09/26/2023,,,NA,NA,NA,NA,NA,NA,NA,NA,NA,NA,71.4,3.5,NA,1.996,0.031,Q,NA,NA,NA,1731,10.40,NA
ACS3_9-23_F1,ACS3,45000,,09/26/2023,,,0.322,0.124,I,NA,0.175,0.015,NA,0.341,0.196,I,NA,NA,NA,NA,NA,NA,0.038,0.062,T,NA,NA,NA
ACS4_9-23_UF1,ACS4,45000,,09/26/2023,,,NA,NA,NA,NA,NA,NA,NA,NA,NA,NA,74.5,3.5,NA,1.489,0.031,Q,NA,NA,NA,2078,10.40,NA
ACS4_9-23_F1,ACS4,45000,,09/26/2023,,,0.593,0.124,I,NA,0.396,0.015,NA,2.223,0.196,NA,NA,NA,NA,NA,NA,NA,0.017,0.062,T,NA,NA,NA
DC2_9-23_UF1,DC2,45000,,09/26/2023,,,NA,NA,NA,NA,NA,NA,NA,NA,NA,NA,89.8,3.5,NA,3.326,0.151,Q,NA,NA,NA,1994,10.40,NA
DC2_9-23_F1,DC2,45000,,09/26/2023,,,0.086,0.130,T,NA,0.023,0.013,I,0.427,0.179,I,NA,NA,NA,NA,NA,NA,0.108,0.046,I,NA,NA,NA
DC1_9-23_UF1,DC1,45000,,09/26/2023,,,NA,NA,NA,NA,NA,NA,NA,NA,NA,NA,114.5,3.5,NA,3.286,0.151,Q,NA,NA,NA,2401,20.80,NA
DC1_9-23_F1,DC1,45000,,09/26/2023,,,0.089,0.130,T,NA,0.032,0.013,I,0.464,0.179,I,NA,NA,NA,NA,NA,NA,0.034,0.046,T,NA,NA,NA
GB1_9-23_UF1,GB1,45000,,09/26/2023,,,NA,NA,NA,NA,NA,NA,NA,NA,NA,NA,52.6,3.5,NA,1.027,0.028,Q,NA,NA,NA,1157,10.40,NA
GB1_9-23_F1,GB1,45000,,09/26/2023,,,0.088,0.130,T,NA,0.040,0.013,I,0.298,0.179,I,NA,NA,NA,NA,NA,NA,0.039,0.046,T,NA,NA,NA
ACS5_9-23_UF1,ACS5,45000,,09/26/2023,,,NA,NA,NA,NA,NA,NA,NA,NA,NA,NA,109.1,3.5,NA,2.043,0.028,Q,NA,NA,NA,1401,10.40,NA
ACS5_9-23_F1,ACS5,45000,,09/26/2023,,,0.419,0.130,I,NA,0.184,0.013,NA,0.417,0.179,I,NA,NA,NA,NA,NA,NA,0.039,0.046,T,NA,NA,NA
MCS1_9-23_UF1,MCS1,45000,,09/27/2023,,,NA,NA,NA,NA,NA,NA,NA,NA,NA,NA,79.3,3.5,NA,0.704,0.031,Q,NA,NA,NA,2055,10.40,NA
MCS1_9-23_F1,MCS1,45000,,09/27/2023,,,0.150,0.124,I,NA,0.103,0.015,I,0.313,0.196,I,NA,NA,NA,NA,NA,NA,NA,0.062,U,NA,NA,NA
MCS2_9-23_UF1,MCS2,45000,,09/27/2023,,,NA,NA,NA,NA,NA,NA,NA,NA,NA,NA,83.2,3.5,NA,1.002,0.031,Q,NA,NA,NA,2016,20.80,NA
MCS2_9-23_F1,MCS2,45000,,09/27/2023,,,5.490,0.124,NA,5.163,0.327,0.015,NA,1.665,0.196,NA,NA,NA,NA,NA,NA,NA,0.017,0.062,T,NA,NA,NA
MCS3_9-23_UF1,MCS3,45000,,09/27/2023,,,NA,NA,NA,NA,NA,NA,NA,NA,NA,NA,67.1,3.5,NA,1.111,0.028,Q,NA,NA,NA,1780,10.40,NA
MCS3_9-23_F1,MCS3,45000,,09/27/2023,,,3.081,0.130,NA,2.863,0.218,0.013,NA,0.840,0.179,I,NA,NA,NA,NA,NA,NA,0.019,0.046,T,NA,NA,NA
MCS4_9-23_UF1,MCS4,45000,,09/27/2023,,,NA,NA,NA,NA,NA,NA,NA,NA,NA,NA,76.0,3.5,NA,1.199,0.028,Q,NA,NA,NA,1993,10.40,NA
MCS4_9-23_F1,MCS4,45000,,09/27/2023,,,4.550,0.130,NA,4.018,0.532,0.013,NA,3.305,0.179,NA,NA,NA,NA,NA,NA,NA,0.085,0.046,I,NA,NA,NA
TB1_9-23_UF1,TB1,45000,,09/27/2023,,,NA,NA,NA,NA,NA,NA,NA,NA,NA,NA,88.6,3.5,NA,1.057,0.028,Q,NA,NA,NA,2060,20.80,NA
TB1_9-23_F1,TB1,45000,,09/27/2023,,,8.497,0.130,NA,8.201,0.296,0.013,NA,5.024,0.179,NA,NA,NA,NA,NA,NA,NA,0.014,0.046,T,NA,NA,NA
TBC_9-23_UF1,TBC,45000,,09/27/2023,,,NA,NA,NA,NA,NA,NA,NA,NA,NA,NA,61.3,3.5,NA,0.799,0.028,Q,NA,NA,NA,1242,10.40,NA
TBC_9-23_F1,TBC,45000,,09/27/2023,,,4.299,0.130,NA,4.129,0.170,0.013,NA,9.994,0.179,NA,NA,NA,NA,NA,NA,NA,0.020,0.046,T,NA,NA,NA
RB_9-23_UF1,RB,45000,,09/27/2023,,,NA,NA,NA,NA,NA,NA,NA,NA,NA,NA,45.0,3.5,NA,0.435,0.028,Q,NA,NA,NA,864,10.40,NA
RB_9-23_F1,RB,45000,,09/27/2023,,,7.689,0.130,NA,7.345,0.344,0.013,NA,6.624,0.179,NA,NA,NA,NA,NA,NA,NA,0.024,0.046,T,NA,NA,NA
TB2_9-23_UF1,TB2,45000,,09/27/2023,,,NA,NA,NA,NA,NA,NA,NA,NA,NA,NA,49.4,3.5,NA,0.275,0.028,Q,NA,NA,NA,1081,10.40,NA
TB2_9-23_F1,TB2,45000,,09/27/2023,,,3.379,0.130,NA,NA,0.123,0.013,I,5.078,0.179,NA,NA,NA,NA,NA,NA,NA,0.021,0.046,T,NA,NA,NA
GB2_9-23_UF1,GB2,45000,,09/27/2023,,,NA,NA,NA,NA,NA,NA,NA,NA,NA,NA,57.4,3.5,NA,0.824,0.028,Q,NA,NA,NA,1173,10.40,NA
GB2_9-23_F1,GB2,45000,,09/27/2023,,,0.662,0.130,I,NA,0.100,0.013,I,4.758,0.179,NA,NA,NA,NA,NA,NA,NA,0.008,0.046,T,NA,NA,NA
TSM4_9-23_UF1,TSM4,45000,,09/30/2023,,,NA,NA,NA,NA,NA,NA,NA,NA,NA,NA,48.6,3.5,NA,0.257,0.031,Q,NA,NA,NA,1111,10.40,NA
TSM4_9-23_F1,TSM4,45000,,09/30/2023,,,0.107,0.124,T,NA,0.066,0.015,I,1.206,0.196,NA,NA,NA,NA,NA,NA,NA,NA,0.062,U,NA,NA,NA
TSM3_9-23_UF1,TSM3,45000,,09/30/2023,,,NA,NA,NA,NA,NA,NA,NA,NA,NA,NA,56.0,3.5,NA,0.206,0.031,Q,NA,NA,NA,1122,10.40,NA
TSM3_9-23_F1,TSM3,45000,,09/30/2023,,,2.644,0.124,NA,NA,0.121,0.015,I,2.819,0.196,NA,NA,NA,NA,NA,NA,NA,0.032,0.062,T,NA,NA,NA
TSM1_9-23_UF1,TSM1,45000,,09/30/2023,,,NA,NA,NA,NA,NA,NA,NA,NA,NA,NA,35.8,3.5,NA,0.397,0.031,Q,NA,NA,NA,949.2,10.40,NA
TSM1_9-23_F1,TSM1,45000,,09/30/2023,,,3.509,0.124,NA,3.336,0.173,0.015,NA,2.197,0.196,NA,NA,NA,NA,NA,NA,NA,NA,0.062,U,NA,NA,NA
P37_9-23_UF1,P37,45000,,09/15/2023,,,NA,NA,NA,NA,NA,NA,NA,NA,NA,NA,35.3,3.5,NA,0.200,0.031,Q,NA,NA,NA,920.0,10.40,NA
P37_9-23_F1,P37,45000,,09/15/2023,,,0.429,0.124,I,NA,0.124,0.015,I,2.066,0.196,NA,NA,NA,NA,NA,NA,NA,0.023,0.062,T,NA,NA,NA
NCL_9-23_UF1,NCL,45000,,09/15/2023,,,NA,NA,NA,NA,NA,NA,NA,NA,NA,NA,61.9,3.5,NA,0.237,0.031,Q,NA,NA,NA,1533,10.40,NA
NCL_9-23_F1,NCL,45000,,09/15/2023,,,0.014,0.124,T,NA,0.017,0.015,I,1.506,0.196,NA,NA,NA,NA,NA,NA,NA,0.037,0.062,T,NA,NA,NA
CP_9-23_UF1,CP,45000,,09/15/2023,,,NA,NA,NA,NA,NA,NA,NA,NA,NA,NA,56.1,3.5,NA,0.218,0.031,Q,NA,NA,NA,1208,10.40,NA
CP_9-23_F1,CP,45000,,09/15/2023,,,0.017,0.124,T,NA,0.027,0.015,I,2.283,0.196,NA,NA,NA,NA,NA,NA,NA,0.013,0.062,T,NA,NA,NA
EP146_9-23_UF1,EP146,45000,,09/15/2023,,,NA,NA,NA,NA,NA,NA,NA,NA,NA,NA,40.8,3.5,NA,0.234,0.031,Q,NA,NA,NA,1111,10.40,NA
EP146_9-23_F1,EP146,45000,,09/15/2023,,,0.024,0.124,T,NA,0.013,0.015,T,0.587,0.196,I,NA,NA,NA,NA,NA,NA,0.012,0.062,T,NA,NA,NA
OL_9-23_UF1,OL,45000,,09/15/2023,,,NA,NA,NA,NA,NA,NA,NA,NA,NA,NA,49.0,3.5,NA,0.240,0.031,Q,NA,NA,NA,1142,10.40,NA
OL_9-23_F1,OL,45000,,09/15/2023,,,0.013,0.124,T,NA,0.023,0.015,I,6.062,0.196,NA,NA,NA,NA,NA,NA,NA,0.010,0.062,T,NA,NA,NA
TSH_9-23_UF1,TSH,45000,,09/15/2023,,,NA,NA,NA,NA,NA,NA,NA,NA,NA,NA,64.7,3.5,NA,0.423,0.031,Q,NA,NA,NA,1418,10.40,NA
TSH_9-23_F1,TSH,45000,,09/15/2023,,,1.917,0.124,NA,NA,0.153,0.015,I,0.679,0.196,I,NA,NA,NA,NA,NA,NA,NA,0.000,U,NA,NA,NA
R127_9-23_UF1,R127,45000,,09/15/2023,,,NA,NA,NA,NA,NA,NA,NA,NA,NA,NA,33.3,3.5,NA,0.187,0.031,Q,NA,NA,NA,965.8,10.40,NA
R127_9-23_F1,R127,45000,,09/15/2023,,,0.032,0.124,T,NA,0.012,0.015,T,0.360,0.196,I,NA,NA,NA,NA,NA,NA,0.026,0.062,T,NA,NA,NA
TBCM_9-23_UF1,TBCM,45000,,09/27/2023,,,NA,NA,NA,NA,NA,NA,NA,NA,NA,NA,85.0,3.5,NA,1.158,0.028,Q,NA,NA,NA,1420,10.40,NA
TBCM_9-23_F1,TBCM,45000,,09/27/2023,,,0.155,0.130,I,NA,0.067,0.013,I,5.107,0.179,NA,NA,NA,NA,NA,NA,NA,0.015,0.046,T,NA,NA,NA
TBHM_9-23_UF1,TBHM,45000,,09/27/2023,,,NA,NA,NA,NA,NA,NA,NA,NA,NA,NA,72.8,3.5,NA,1.116,0.031,Q,NA,NA,NA,1803,10.40,NA
TBHM_9-23_F1,TBHM,45000,,09/27/2023,,,0.983,0.124,NA,0.751,0.232,0.015,NA,1.643,0.196,NA,NA,NA,NA,NA,NA,NA,0.005,0.062,T,NA,NA,NA
DCM2_9-23_UF1,DCM2,45000,,09/26/2023,,,NA,NA,NA,NA,NA,NA,NA,NA,NA,NA,107.7,3.5,NA,5.436,0.099,Q,NA,NA,NA,2165,20.80,NA
DCM2_9-23_F1,DCM2,45000,,09/26/2023,,,1.724,0.124,NA,1.424,0.300,0.015,NA,1.485,0.196,NA,NA,NA,NA,NA,NA,NA,0.038,0.062,T,NA,NA,NA
DCM1_9-23_UF1,DCM1,45000,,09/26/2023,,,NA,NA,NA,NA,NA,NA,NA,NA,NA,NA,95.1,3.5,NA,2.399,0.099,Q,NA,NA,NA,2001,20.80,NA
DCM1_9-23_F1,DCM1,45000,,09/26/2023,,,1.215,0.124,NA,0.957,0.258,0.015,NA,14.493,0.589,NA,NA,NA,NA,NA,NA,NA,0.062,0.062,I,NA,NA,NA
GBHM_9-23_UF1,GBHM,45000,,09/26/2023,,,NA,NA,NA,NA,NA,NA,NA,NA,NA,NA,75.3,3.5,NA,3.134,0.099,Q,NA,NA,NA,1878,10.40,NA
GBHM_9-23_F1,GBHM,45000,,09/26/2023,,,0.287,0.124,I,NA,0.101,0.015,I,0.783,0.196,I,NA,NA,NA,NA,NA,NA,0.300,0.062,I,NA,NA,NA
SBT1_9-23_UF1,SBT1,45000,,09/30/2023,,,NA,NA,NA,NA,NA,NA,NA,NA,NA,NA,66.6,3.5,NA,2.903,0.151,Q,NA,NA,NA,1628,10.40,NA
SBT1_9-23_F1,SBT1,45000,,09/30/2023,,,0.297,0.130,I,NA,0.124,0.013,I,6.897,0.179,NA,NA,NA,NA,NA,NA,NA,0.309,0.046,I,NA,NA,NA
,,,,,,,,,,,,,,,,,,,,,,,,,,,,
,,,,,,,,,,,,,,,,,,,,,,,,,,,,
,,,,,,,,,,,,,,,,,,,,,,,,,,,,
,,,,,,,,,,,,,,,,,,,,,,,,,,,,
,,,,,,,,,,,,,,,,,,,,,,,,,,,,
,,,,,,,,,,,,,,,,,,,,,,,,,,,,
,,,,,,,,,,,,,,,,,,,,,,,,,,,,
,,,,,,,,,,,,,,,,,,,,,,,,,,,,
,,,,,,,,,,,,,,,,,,,,,,,,,,,,
,,,,,,,,,,,,,,,,,,,,,,,,,,,,
,,,,,,,,,,,,,,,,,,,,,,,,,,,,
,,,,,,,,,,,,,,,,,,,,,,,,,,,,
,,,,,,,,,,,,,,,,,,,,,,,,,,,,
,,,,,,,,,,,,,,,,,,,,,,,,,,,,
,,,,,,,,,,,,,,,,,,,,,,,,,,,,
,,,,,,,,,,,,,,,,,,,,,,,,,,,,
,,,,,,,,,,,,,,,,,,,,,,,,,,,,
,,,,,,,,,,,,,,,,,,,,,,,,,,,,
,,,,,,,,,,,,,,,,,,,,,,,,,,,,
,,,,,,,,,,,,,,,,,,,,,,,,,,,,
,,,,,,,,,,,,,,,,,,,,,,,,,,,,
,,,,,,,,,,,,,,,,,,,,,,,,,,,,
,,,,,,,,,,,,,,,,,,,,,,,,,,,,
,,,,,,,,,,,,,,,,,,,,,,,,,,,,
,,,,,,,,,,,,,,,,,,,,,,,,,,,,
,,,,,,,,,,,,,,,,,,,,,,,,,,,,
,,,,,,,,,,,,,,,,,,,,,,,,,,,,
,,,,,,,,,,,,,,,,,,,,,,,,,,,,
,,,,,,,,,,,,,,,,,,,,,,,,,,,,
,,,,,,,,,,,,,,,,,,,,,,,,,,,,
,,,,,,,,,,,,,,,,,,,,,,,,,,,,
,,,,,,,,,,,,,,,,,,,,,,,,,,,,
,,,,,,,,,,,,,,,,,,,,,,,,,,,,
,,,,,,,,,,,,,,,,,,,,,,,,,,,,
,,,,,,,,,,,,,,,,,,,,,,,,,,,,
,,,,,,,,,,,,,,,,,,,,,,,,,,,,
,,,,,,,,,,,,,,,,,,,,,,,,,,,,
,,,,,,,,,,,,,,,,,,,,,,,,,,,,
,,,,,,,,,,,,,,,,,,,,,,,,,,,,
,,,,,,,,,,,,,,,,,,,,,,,,,,,,
,,,,,,,,,,,,,,,,,,,,,,,,,,,,
,,,,,,,,,,,,,,,,,,,,,,,,,,,,
,,,,,,,,,,,,,,,,,,,,,,,,,,,,
,,,,,,,,,,,,,,,,,,,,,,,,,,,,
,,,,,,,,,,,,,,,,,,,,,,,,,,,,
,,,,,,,,,,,,,,,,,,,,,,,,,,,,
,,,,,,,,,,,,,,,,,,,,,,,,,,,,
,,,,,,,,,,,,,,,,,,,,,,,,,,,,
,,,,,,,,,,,,,,,,,,,,,,,,,,,,
,,,,,,,,,,,,,,,,,,,,,,,,,,,,
,,,,,,,,,,,,,,,,,,,,,,,,,,,,
,,,,,,,,,,,,,,,,,,,,,,,,,,,,
,,,,,,,,,,,,,,,,,,,,,,,,,,,,
,,,,,,,,,,,,,,,,,,,,,,,,,,,,
,,,,,,,,,,,,,,,,,,,,,,,,,,,,
,,,,,,,,,,,,,,,,,,,,,,,,,,,,
,,,,,,,,,,,,,,,,,,,,,,,,,,,,
,,,,,,,,,,,,,,,,,,,,,,,,,,,,
,,,,,,,,,,,,,,,,,,,,,,,,,,,,
,,,,,,,,,,,,,,,,,,,,,,,,,,,,
,,,,,,,,,,,,,,,,,,,,,,,,,,,,
,,,,,,,,,,,,,,,,,,,,,,,,,,,,
,,,,,,,,,,,,,,,,,,,,,,,,,,,,
,,,,,,,,,,,,,,,,,,,,,,,,,,,,
,,,,,,,,,,,,,,,,,,,,,,,,,,,,
,,,,,,,,,,,,,,,,,,,,,,,,,,,,
,,,,,,,,,,,,,,,,,,,,,,,,,,,,
,,,,,,,,,,,,,,,,,,,,,,,,,,,,
,,,,,,,,,,,,,,,,,,,,,,,,,,,,
,,,,,,,,,,,,,,,,,,,,,,,,,,,,
,,,,,,,,,,,,,,,,,,,,,,,,,,,,
,,,,,,,,,,,,,,,,,,,,,,,,,,,,
,,,,,,,,,,,,,,,,,,,,,,,,,,,,
,,,,,,,,,,,,,,,,,,,,,,,,,,,,
,,,,,,,,,,,,,,,,,,,,,,,,,,,,
,,,,,,,,,,,,,,,,,,,,,,,,,,,,
,,,,,,,,,,,,,,,,,,,,,,,,,,,,
,,,,,,,,,,,,,,,,,,,,,,,,,,,,
,,,,,,,,,,,,,,,,,,,,,,,,,,,,
,,,,,,,,,,,,,,,,,,,,,,,,,,,,
,,,,,,,,,,,,,,,,,,,,,,,,,,,,
,,,,,,,,,,,,,,,,,,,,,,,,,,,,
,,,,,,,,,,,,,,,,,,,,,,,,,,,,
,,,,,,,,,,,,,,,,,,,,,,,,,,,,
,,,,,,,,,,,,,,,,,,,,,,,,,,,,
,,,,,,,,,,,,,,,,,,,,,,,,,,,,
,,,,,,,,,,,,,,,,,,,,,,,,,,,,
,,,,,,,,,,,,,,,,,,,,,,,,,,,,
,,,,,,,,,,,,,,,,,,,,,,,,,,,,
,,,,,,,,,,,,,,,,,,,,,,,,,,,,
,,,,,,,,,,,,,,,,,,,,,,,,,,,,
,,,,,,,,,,,,,,,,,,,,,,,,,,,,
,,,,,,,,,,,,,,,,,,,,,,,,,,,,
,,,,,,,,,,,,,,,,,,,,,,,,,,,,
,,,,,,,,,,,,,,,,,,,,,,,,,,,,
,,,,,,,,,,,,,,,,,,,,,,,,,,,,
,,,,,,,,,,,,,,,,,,,,,,,,,,,,
,,,,,,,,,,,,,,,,,,,,,,,,,,,,
,,,,,,,,,,,,,,,,,,,,,,,,,,,,
,,,,,,,,,,,,,,,,,,,,,,,,,,,,
,,,,,,,,,,,,,,,,,,,,,,,,,,,,
,,,,,,,,,,,,,,,,,,,,,,,,,,,,
,,,,,,,,,,,,,,,,,,,,,,,,,,,,
,,,,,,,,,,,,,,,,,,,,,,,,,,,,
,,,,,,,,,,,,,,,,,,,,,,,,,,,,
,,,,,,,,,,,,,,,,,,,,,,,,,,,,
,,,,,,,,,,,,,,,,,,,,,,,,,,,,
,,,,,,,,,,,,,,,,,,,,,,,,,,,,
,,,,,,,,,,,,,,,,,,,,,,,,,,,,
,,,,,,,,,,,,,,,,,,,,,,,,,,,,
,,,,,,,,,,,,,,,,,,,,,,,,,,,,
,,,,,,,,,,,,,,,,,,,,,,,,,,,,
,,,,,,,,,,,,,,,,,,,,,,,,,,,,
,,,,,,,,,,,,,,,,,,,,,,,,,,,,
,,,,,,,,,,,,,,,,,,,,,,,,,,,,
,,,,,,,,,,,,,,,,,,,,,,,,,,,,
,,,,,,,,,,,,,,,,,,,,,,,,,,,,
,,,,,,,,,,,,,,,,,,,,,,,,,,,,
,,,,,,,,,,,,,,,,,,,,,,,,,,,,
,,,,,,,,,,,,,,,,,,,,,,,,,,,,
,,,,,,,,,,,,,,,,,,,,,,,,,,,,
,,,,,,,,,,,,,,,,,,,,,,,,,,,,
,,,,,,,,,,,,,,,,,,,,,,,,,,,,
,,,,,,,,,,,,,,,,,,,,,,,,,,,,
,,,,,,,,,,,,,,,,,,,,,,,,,,,,
,,,,,,,,,,,,,,,,,,,,,,,,,,,,
,,,,,,,,,,,,,,,,,,,,,,,,,,,,
,,,,,,,,,,,,,,,,,,,,,,,,,,,,
,,,,,,,,,,,,,,,,,,,,,,,,,,,,
,,,,,,,,,,,,,,,,,,,,,,,,,,,,
,,,,,,,,,,,,,,,,,,,,,,,,,,,,
,,,,,,,,,,,,,,,,,,,,,,,,,,,,
,,,,,,,,,,,,,,,,,,,,,,,,,,,,
,,,,,,,,,,,,,,,,,,,,,,,,,,,,
,,,,,,,,,,,,,,,,,,,,,,,,,,,,
,,,,,,,,,,,,,,,,,,,,,,,,,,,,
,,,,,,,,,,,,,,,,,,,,,,,,,,,,
,,,,,,,,,,,,,,,,,,,,,,,,,,,,
,,,,,,,,,,,,,,,,,,,,,,,,,,,,
,,,,,,,,,,,,,,,,,,,,,,,,,,,,
,,,,,,,,,,,,,,,,,,,,,,,,,,,,
,,,,,,,,,,,,,,,,,,,,,,,,,,,,
,,,,,,,,,,,,,,,,,,,,,,,,,,,,
,,,,,,,,,,,,,,,,,,,,,,,,,,,,
,,,,,,,,,,,,,,,,,,,,,,,,,,,,
,,,,,,,,,,,,,,,,,,,,,,,,,,,,
,,,,,,,,,,,,,,,,,,,,,,,,,,,,
,,,,,,,,,,,,,,,,,,,,,,,,,,,,
,,,,,,,,,,,,,,,,,,,,,,,,,,,,
,,,,,,,,,,,,,,,,,,,,,,,,,,,,
,,,,,,,,,,,,,,,,,,,,,,,,,,,,
,,,,,,,,,,,,,,,,,,,,,,,,,,,,
,,,,,,,,,,,,,,,,,,,,,,,,,,,,
,,,,,,,,,,,,,,,,,,,,,,,,,,,,
,,,,,,,,,,,,,,,,,,,,,,,,,,,,
,,,,,,,,,,,,,,,,,,,,,,,,,,,,
,,,,,,,,,,,,,,,,,,,,,,,,,,,,
,,,,,,,,,,,,,,,,,,,,,,,,,,,,
,,,,,,,,,,,,,,,,,,,,,,,,,,,,
,,,,,,,,,,,,,,,,,,,,,,,,,,,,
,,,,,,,,,,,,,,,,,,,,,,,,,,,,
,,,,,,,,,,,,,,,,,,,,,,,,,,,,
,,,,,,,,,,,,,,,,,,,,,,,,,,,,
,,,,,,,,,,,,,,,,,,,,,,,,,,,,
,,,,,,,,,,,,,,,,,,,,,,,,,,,,
,,,,,,,,,,,,,,,,,,,,,,,,,,,,
,,,,,,,,,,,,,,,,,,,,,,,,,,,,
,,,,,,,,,,,,,,,,,,,,,,,,,,,,
,,,,,,,,,,,,,,,,,,,,,,,,,,,,
,,,,,,,,,,,,,,,,,,,,,,,,,,,,
,,,,,,,,,,,,,,,,,,,,,,,,,,,,
,,,,,,,,,,,,,,,,,,,,,,,,,,,,
,,,,,,,,,,,,,,,,,,,,,,,,,,,,
,,,,,,,,,,,,,,,,,,,,,,,,,,,,
,,,,,,,,,,,,,,,,,,,,,,,,,,,,
,,,,,,,,,,,,,,,,,,,,,,,,,,,,
,,,,,,,,,,,,,,,,,,,,,,,,,,,,
,,,,,,,,,,,,,,,,,,,,,,,,,,,,
,,,,,,,,,,,,,,,,,,,,,,,,,,,,
,,,,,,,,,,,,,,,,,,,,,,,,,,,,
,,,,,,,,,,,,,,,,,,,,,,,,,,,,
,,,,,,,,,,,,,,,,,,,,,,,,,,,,
,,,,,,,,,,,,,,,,,,,,,,,,,,,,
,,,,,,,,,,,,,,,,,,,,,,,,,,,,
,,,,,,,,,,,,,,,,,,,,,,,,,,,,
,,,,,,,,,,,,,,,,,,,,,,,,,,,,
,,,,,,,,,,,,,,,,,,,,,,,,,,,,
,,,,,,,,,,,,,,,,,,,,,,,,,,,,
,,,,,,,,,,,,,,,,,,,,,,,,,,,,
,,,,,,,,,,,,,,,,,,,,,,,,,,,,
,,,,,,,,,,,,,,,,,,,,,,,,,,,,
,,,,,,,,,,,,,,,,,,,,,,,,,,,,
,,,,,,,,,,,,,,,,,,,,,,,,,,,,
,,,,,,,,,,,,,,,,,,,,,,,,,,,,
,,,,,,,,,,,,,,,,,,,,,,,,,,,,
,,,,,,,,,,,,,,,,,,,,,,,,,,,,
,,,,,,,,,,,,,,,,,,,,,,,,,,,,
,,,,,,,,,,,,,,,,,,,,,,,,,,,,
,,,,,,,,,,,,,,,,,,,,,,,,,,,,
,,,,,,,,,,,,,,,,,,,,,,,,,,,,
,,,,,,,,,,,,,,,,,,,,,,,,,,,,
,,,,,,,,,,,,,,,,,,,,,,,,,,,,
,,,,,,,,,,,,,,,,,,,,,,,,,,,,
,,,,,,,,,,,,,,,,,,,,,,,,,,,,
,,,,,,,,,,,,,,,,,,,,,,,,,,,,
,,,,,,,,,,,,,,,,,,,,,,,,,,,,
,,,,,,,,,,,,,,,,,,,,,,,,,,,,
,,,,,,,,,,,,,,,,,,,,,,,,,,,,
,,,,,,,,,,,,,,,,,,,,,,,,,,,,
,,,,,,,,,,,,,,,,,,,,,,,,,,,,
,,,,,,,,,,,,,,,,,,,,,,,,,,,,
,,,,,,,,,,,,,,,,,,,,,,,,,,,,
,,,,,,,,,,,,,,,,,,,,,,,,,,,,
,,,,,,,,,,,,,,,,,,,,,,,,,,,,
,,,,,,,,,,,,,,,,,,,,,,,,,,,,
,,,,,,,,,,,,,,,,,,,,,,,,,,,,
,,,,,,,,,,,,,,,,,,,,,,,,,,,,
,,,,,,,,,,,,,,,,,,,,,,,,,,,,
,,,,,,,,,,,,,,,,,,,,,,,,,,,,
,,,,,,,,,,,,,,,,,,,,,,,,,,,,
,,,,,,,,,,,,,,,,,,,,,,,,,,,,
,,,,,,,,,,,,,,,,,,,,,,,,,,,,
,,,,,,,,,,,,,,,,,,,,,,,,,,,,
,,,,,,,,,,,,,,,,,,,,,,,,,,,,
,,,,,,,,,,,,,,,,,,,,,,,,,,,,
,,,,,,,,,,,,,,,,,,,,,,,,,,,,
,,,,,,,,,,,,,,,,,,,,,,,,,,,,
,,,,,,,,,,,,,,,,,,,,,,,,,,,,
,,,,,,,,,,,,,,,,,,,,,,,,,,,,
,,,,,,,,,,,,,,,,,,,,,,,,,,,,
,,,,,,,,,,,,,,,,,,,,,,,,,,,,
,,,,,,,,,,,,,,,,,,,,,,,,,,,,
,,,,,,,,,,,,,,,,,,,,,,,,,,,,
,,,,,,,,,,,,,,,,,,,,,,,,,,,,
,,,,,,,,,,,,,,,,,,,,,,,,,,,,
,,,,,,,,,,,,,,,,,,,,,,,,,,,,
,,,,,,,,,,,,,,,,,,,,,,,,,,,,
,,,,,,,,,,,,,,,,,,,,,,,,,,,,
,,,,,,,,,,,,,,,,,,,,,,,,,,,,
,,,,,,,,,,,,,,,,,,,,,,,,,,,,
,,,,,,,,,,,,,,,,,,,,,,,,,,,,
,,,,,,,,,,,,,,,,,,,,,,,,,,,,
,,,,,,,,,,,,,,,,,,,,,,,,,,,,
,,,,,,,,,,,,,,,,,,,,,,,,,,,,
,,,,,,,,,,,,,,,,,,,,,,,,,,,,
,,,,,,,,,,,,,,,,,,,,,,,,,,,,
,,,,,,,,,,,,,,,,,,,,,,,,,,,,
,,,,,,,,,,,,,,,,,,,,,,,,,,,,
,,,,,,,,,,,,,,,,,,,,,,,,,,,,
,,,,,,,,,,,,,,,,,,,,,,,,,,,,
,,,,,,,,,,,,,,,,,,,,,,,,,,,,
,,,,,,,,,,,,,,,,,,,,,,,,,,,,
,,,,,,,,,,,,,,,,,,,,,,,,,,,,
,,,,,,,,,,,,,,,,,,,,,,,,,,,,
,,,,,,,,,,,,,,,,,,,,,,,,,,,,
,,,,,,,,,,,,,,,,,,,,,,,,,,,,
,,,,,,,,,,,,,,,,,,,,,,,,,,,,
,,,,,,,,,,,,,,,,,,,,,,,,,,,,
,,,,,,,,,,,,,,,,,,,,,,,,,,,,
,,,,,,,,,,,,,,,,,,,,,,,,,,,,
,,,,,,,,,,,,,,,,,,,,,,,,,,,,
,,,,,,,,,,,,,,,,,,,,,,,,,,,,
,,,,,,,,,,,,,,,,,,,,,,,,,,,,
,,,,,,,,,,,,,,,,,,,,,,,,,,,,
,,,,,,,,,,,,,,,,,,,,,,,,,,,,
,,,,,,,,,,,,,,,,,,,,,,,,,,,,
,,,,,,,,,,,,,,,,,,,,,,,,,,,,
,,,,,,,,,,,,,,,,,,,,,,,,,,,,
,,,,,,,,,,,,,,,,,,,,,,,,,,,,
,,,,,,,,,,,,,,,,,,,,,,,,,,,,
,,,,,,,,,,,,,,,,,,,,,,,,,,,,
,,,,,,,,,,,,,,,,,,,,,,,,,,,,
,,,,,,,,,,,,,,,,,,,,,,,,,,,,
,,,,,,,,,,,,,,,,,,,,,,,,,,,,
,,,,,,,,,,,,,,,,,,,,,,,,,,,,
,,,,,,,,,,,,,,,,,,,,,,,,,,,,
,,,,,,,,,,,,,,,,,,,,,,,,,,,,
,,,,,,,,,,,,,,,,,,,,,,,,,,,,
,,,,,,,,,,,,,,,,,,,,,,,,,,,,
,,,,,,,,,,,,,,,,,,,,,,,,,,,,
,,,,,,,,,,,,,,,,,,,,,,,,,,,,
,,,,,,,,,,,,,,,,,,,,,,,,,,,,
,,,,,,,,,,,,,,,,,,,,,,,,,,,,
,,,,,,,,,,,,,,,,,,,,,,,,,,,,
,,,,,,,,,,,,,,,,,,,,,,,,,,,,
,,,,,,,,,,,,,,,,,,,,,,,,,,,,
,,,,,,,,,,,,,,,,,,,,,,,,,,,,
,,,,,,,,,,,,,,,,,,,,,,,,,,,,
,,,,,,,,,,,,,,,,,,,,,,,,,,,,
,,,,,,,,,,,,,,,,,,,,,,,,,,,,
,,,,,,,,,,,,,,,,,,,,,,,,,,,,
,,,,,,,,,,,,,,,,,,,,,,,,,,,,
,,,,,,,,,,,,,,,,,,,,,,,,,,,,
,,,,,,,,,,,,,,,,,,,,,,,,,,,,
,,,,,,,,,,,,,,,,,,,,,,,,,,,,
,,,,,,,,,,,,,,,,,,,,,,,,,,,,
,,,,,,,,,,,,,,,,,,,,,,,,,,,,
,,,,,,,,,,,,,,,,,,,,,,,,,,,,
,,,,,,,,,,,,,,,,,,,,,,,,,,,,
,,,,,,,,,,,,,,,,,,,,,,,,,,,,
,,,,,,,,,,,,,,,,,,,,,,,,,,,,
,,,,,,,,,,,,,,,,,,,,,,,,,,,,
,,,,,,,,,,,,,,,,,,,,,,,,,,,,
,,,,,,,,,,,,,,,,,,,,,,,,,,,,
,,,,,,,,,,,,,,,,,,,,,,,,,,,,
,,,,,,,,,,,,,,,,,,,,,,,,,,,,
,,,,,,,,,,,,,,,,,,,,,,,,,,,,
,,,,,,,,,,,,,,,,,,,,,,,,,,,,
,,,,,,,,,,,,,,,,,,,,,,,,,,,,
,,,,,,,,,,,,,,,,,,,,,,,,,,,,
,,,,,,,,,,,,,,,,,,,,,,,,,,,,
,,,,,,,,,,,,,,,,,,,,,,,,,,,,
,,,,,,,,,,,,,,,,,,,,,,,,,,,,
,,,,,,,,,,,,,,,,,,,,,,,,,,,,
,,,,,,,,,,,,,,,,,,,,,,,,,,,,
,,,,,,,,,,,,,,,,,,,,,,,,,,,,
,,,,,,,,,,,,,,,,,,,,,,,,,,,,
,,,,,,,,,,,,,,,,,,,,,,,,,,,,
,,,,,,,,,,,,,,,,,,,,,,,,,,,,
,,,,,,,,,,,,,,,,,,,,,,,,,,,,
,,,,,,,,,,,,,,,,,,,,,,,,,,,,
,,,,,,,,,,,,,,,,,,,,,,,,,,,,
,,,,,,,,,,,,,,,,,,,,,,,,,,,,
,,,,,,,,,,,,,,,,,,,,,,,,,,,,
,,,,,,,,,,,,,,,,,,,,,,,,,,,,
,,,,,,,,,,,,,,,,,,,,,,,,,,,,
,,,,,,,,,,,,,,,,,,,,,,,,,,,,
