clear_fraction,date,mean_B2,mean_B4,mean_B5,mean_BR,mean_BRE,total_points
0.845034038,3/2/16,1404.942857,1958.171429,2558.685714,1.423898615,1.864928549,35
0.600801691,5/1/16,2326.078947,2596.473684,2743.473684,1.114358165,1.182077634,38
0.927783087,5/21/16,1424.021739,1841.565217,2423.913043,1.291566315,1.716384761,46
1,6/30/16,1172.12,1631.36,2016.52,1.389563756,1.728106871,50
0.515255268,7/20/16,1751.392857,2259.678571,2765.714286,1.286970764,1.57285397,28
0.994065151,9/18/16,1087.28,1540.74,1869.22,1.413293011,1.714814034,50
0.470108963,11/7/16,1476.666667,1782.545455,2099.212121,1.206849893,1.422751145,33
0.689392949,11/27/16,1540,2093,2583.882353,1.367117496,1.692155933,34
0.917610088,1/16/17,1519.9,1898.98,2091.82,1.24668144,1.377138295,50
0.992307962,1/26/17,1130.66,1412.66,1676.26,1.244983685,1.476763797,50
0.994283002,2/15/17,1423.32,1818.68,2003.84,1.274962311,1.410055902,50
0.999892132,2/25/17,1248.66,1618.3,1884.7,1.293467023,1.51940618,50
0.445867031,3/17/17,1556.769231,1699.692308,2057,1.095106368,1.323422221,13
0.829597086,4/26/17,1918.387755,2086.877551,2237.877551,1.087280775,1.173898456,49
0.942607941,5/16/17,1973.36,2240.88,2501.28,1.134208827,1.273182991,50
0.676715723,6/25/17,1409.18,1696.18,1995.96,1.196946661,1.431299653,50
0.947505566,7/15/17,1501.44,1932.94,2207,1.285515404,1.493989248,50
0.995814303,7/30/17,1979.163265,2143.632653,2205.408163,1.082316202,1.117436907,49
0.872982818,8/4/17,1529.978261,1946.521739,2289.065217,1.272529649,1.502951822,46
0.799465991,8/19/17,1690.075,1953.05,2416.525,1.152695799,1.434371203,40
0.714333273,9/13/17,1473.98,1735.78,1996.56,1.179015942,1.356541815,50
0.708774481,10/3/17,1479.911111,2080.755556,2273.511111,1.405898134,1.534604224,45
0.624347346,11/7/17,1090.12,1278.28,1626.76,1.154740019,1.452234416,25
0.897019166,11/17/17,1374.954545,1793.795455,2363.5,1.302099781,1.719688394,44
0.309035987,12/2/17,1453.88,1733.04,2141.76,1.196364694,1.468340716,25
0.57295528,12/7/17,1868.652174,2197.108696,2666.869565,1.173379942,1.425309803,46
0.634911208,12/17/17,1320.65,1648.05,2366.175,1.244410782,1.804013366,40
0.659776658,12/22/17,1465.282051,1974.794872,2629.692308,1.364842384,1.846541622,39
0.407597198,12/27/17,1074.4,1274.4,1892.6,1.189691162,1.767763209,5
0.710675917,1/6/18,2602.431818,2867,3444.75,1.113991214,1.364092467,44
0.764574749,1/11/18,1606.326531,2019.183673,2781.408163,1.273567823,1.755163144,49
0.90128312,1/16/18,2370.4375,2586.0625,3349.5,1.135607298,1.568457174,48
0.321046124,1/26/18,1833,1746,2007.5,0.952508211,1.095141053,2
0.679596007,1/31/18,2363.608696,2722.586957,3338.478261,1.217364915,1.559601986,46
0.554908771,2/10/18,1978.807692,2075.384615,2511.423077,1.060130287,1.300506505,26
0.580011954,2/15/18,2735.64,3029.38,3889.78,1.158905684,1.534898884,50
0.450145368,2/20/18,2241.789474,2621.894737,3308.473684,1.170131125,1.476029641,19
0.471155916,2/25/18,2206.903226,2578.193548,3185.741935,1.169118793,1.446036969,31
0.746938561,3/2/18,1995.15,2304.85,2771.5,1.146778463,1.37309801,40
0.661670903,3/7/18,1865.836735,2364.367347,2807.755102,1.268980909,1.508535743,49
0.982871426,3/17/18,1621.64,2182.32,2803.08,1.355930722,1.762879746,50
0.991472092,3/22/18,2036.82,2625.8,3127.28,1.402709379,1.774702358,50
0.012189071,3/27/18,2081.4,2131.6,2387.6,1.023866189,1.147565103,5
0.419580263,4/1/18,1918.75,2215.78125,2569,1.150640927,1.340119984,32
0.239011964,4/6/18,2714,3078,3820,1.134119391,1.407516599,1
0.338945001,4/11/18,2747.470588,3170.588235,3713.941176,1.148267883,1.351272036,17
0.860160499,4/16/18,1685.28,2062.96,2536.9,1.2253003,1.509996462,50
0.914841056,4/21/18,1754.306122,2251.040816,2763.346939,1.291140517,1.597303821,49
0.534441369,5/1/18,2343.422222,2837.111111,3484.111111,1.240297537,1.581105153,45
0.769778634,5/6/18,2046.708333,2453.895833,2952.770833,1.210589471,1.471054532,48
0.103476603,6/5/18,1623.333333,1600.666667,2212.333333,0.985535423,1.362305323,3
0.685815966,6/15/18,1103.326087,1392.782609,1804.304348,1.261090211,1.631872351,46
0.313703494,7/5/18,1125.727273,1350.484848,1655.333333,1.204645623,1.471463626,33
0.794419043,7/15/18,1128.945946,1305.810811,1734.216216,1.157481226,1.535372992,37
0.991983936,7/25/18,1377.145833,1533.479167,1918.791667,1.112656573,1.392123761,48
0.894037783,8/4/18,1323.916667,1371.25,1686.555556,1.035534826,1.273207499,36
0.872259045,8/9/18,1147.333333,1853.111111,2462.711111,1.615639006,2.148899004,45
0.8670945,8/19/18,1570.795455,2008.022727,2588.295455,1.283115272,1.660443455,44
0.654267782,8/24/18,1735.03125,2104.65625,2595.25,1.21233267,1.494407367,32
0.488263763,8/29/18,1616.291667,2033.770833,2510.541667,1.25667274,1.552338151,48
0.994886639,9/13/18,1020.6,1241.38,1788.64,1.217898393,1.753656783,50
0.789099675,9/18/18,1316.731707,1291.902439,1679.560976,0.983328986,1.281063167,41
0.935317341,9/23/18,1409.604167,1533.8125,2112.291667,1.083141753,1.489965275,48
0.647722951,10/3/18,1771.897436,2380.384615,3065.384615,1.371952408,1.769433436,39
0.794590785,10/13/18,1386.577778,1446.2,1974.622222,1.045475305,1.43315298,45
0.777806543,10/18/18,948.7037037,1454.444444,2094.259259,1.530234416,2.207336408,27
0.882540758,11/2/18,1492.043478,1866.608696,2350.282609,1.247608128,1.574595977,46
0.612760221,11/7/18,1480.894737,2047.236842,2762.842105,1.377588382,1.880956995,38
0.097188963,11/27/18,2053.52381,1931.52381,2108.142857,0.942155835,1.028442309,21
0.940168435,12/2/18,1327.96,1714.68,2238.7,1.290309219,1.686061163,50
0.873530194,12/7/18,1521.76,2059.6,2666.92,1.399574053,1.820918772,50
0.743287551,12/12/18,1374.235294,1708.058824,2165.764706,1.252259549,1.609176187,17
0.808800581,12/17/18,555.4651163,999.1627907,1663.906977,71.66503038,202.2260328,43
0.757984233,12/22/18,567.2954545,918.6590909,1152.295455,1.696353406,2.190455101,44
0.184082254,12/27/18,473.5714286,806.2142857,1253.571429,1.718156678,2.725670193,14
0.679197531,1/1/19,344.2666667,759.1111111,1426.733333,2.57062183,5.028367917,45
0.243772533,1/6/19,641.9259259,877.1851852,1379.37037,1.6754843,3.26033745,27
0.879319104,1/11/19,1133.955556,1489.511111,2033.577778,1.588385632,2.40288058,45
0.81964786,1/16/19,840.04,1199.2,1783.24,1.557914543,2.656215959,25
0.872414714,1/21/19,444.326087,888.673913,1425.934783,2.255536732,3.74977883,46
0.538624105,1/31/19,732.0416667,1048.333333,1586.375,1.500813365,2.383775766,24
0.909255191,2/5/19,528.2708333,902.3333333,1503.229167,1.79152297,3.103394446,48
0.344575705,2/10/19,1289.394737,1627.947368,2220.710526,1.291491885,1.826403681,38
0.922844007,2/15/19,506.6216216,1013.135135,1597.648649,25.3019955,65.46627432,37
0.833525592,2/20/19,772.877551,1155.836735,1582.693878,1.710437519,2.689422152,49
0.951727219,3/2/19,514.326087,993.3478261,1687.869565,2.144539856,3.986633661,46
0.763957152,3/7/19,626.6428571,1091.642857,1768.214286,1.822413538,3.060490634,14
0.686390838,3/12/19,822.9574468,1213.680851,1923.382979,1.481615282,2.387416791,47
0.977538946,3/22/19,637.1,1053.78,1524.08,1.695955999,2.52448297,50
0.814368256,3/27/19,440.5,1004.909091,1650.227273,4.568095535,8.795174664,44
0.94661978,4/1/19,539.2244898,1017.285714,1616.877551,1.901152231,3.056759416,49
0.404153886,4/6/19,1074,921,1272,0.857541919,1.184357524,1
0.93875177,4/11/19,104.3617021,511.2553191,1045.085106,27.44873708,72.52706571,47
0.834663492,4/16/19,357.6511628,1040.72093,1655.302326,173.3044762,375.1411054,43
0.960237783,4/21/19,328.98,883.94,1425.08,3.498368583,6.193575239,50
0.898419334,4/26/19,529.4693878,1115.367347,1662.938776,52.12983013,122.6735832,49
0.523223109,5/6/19,953.0425532,1436.382979,2042,1.522403268,2.201052042,47
0.977274141,5/11/19,684.8,1174.66,1800.52,50.19144328,109.2849552,50
0.903261544,5/21/19,621.94,1047.02,1678.88,1.867960544,3.211233678,50
0.685654375,5/26/19,1683,2098.861111,2736.166667,88.31833589,208.350019,36
0.465040442,5/31/19,686.5116279,820.4883721,1180.534884,1.17020761,1.722236531,43
0.078039241,6/5/19,932.875,1069,1331.25,1.169234365,1.480249017,8
0.08758999,6/15/19,677.5384615,799.6153846,1288.230769,1.178155,1.902186522,13
0.644181501,6/20/19,513.8888889,915.9111111,1366.422222,1.894904865,3.084419529,45
0.680648882,6/25/19,889.2894737,1270.5,1724.263158,8.34006009,22.15611808,38
0.718699596,7/5/19,565.72,920.2,1298.94,1.645010474,2.384991889,50
0.429731265,7/10/19,527.1666667,717.5833333,942.25,1.35284096,1.792487949,12
0.700165355,7/20/19,1013.564103,1427.641026,2072.358974,1.411223005,2.054763351,39
0.913069907,7/25/19,539.84,997.64,1612.54,1.869064438,3.06511796,50
0.690312153,7/30/19,652.7272727,1091.340909,1675.727273,1.707357537,2.638721683,44
0.996575723,8/4/19,743.3,954.38,1482.34,1.281321445,1.99874378,50
0.588039863,8/9/19,324.4761905,251.6190476,479.0952381,0.777472231,1.474883775,42
0.091387786,8/19/19,567,698.3333333,1059.666667,1.106217384,2.234784285,3
0.234970091,8/29/19,497.3333333,410.6666667,829.6666667,0.826028029,1.671678225,3
0.421040075,9/8/19,534.6875,694.1875,1079.03125,1.311810158,2.049191959,32
0.609385859,9/13/19,427.2,746.4,1282,2.20650959,4.171591544,5
0.679319358,9/18/19,417.2903226,784.5483871,1346.677419,2.05050838,3.743099263,31
0.951564782,10/3/19,612.06,975.88,1342.08,1.637093871,2.31966979,50
0.30501188,10/13/19,147.9714286,277.2285714,452.0857143,9.390761845,18.09593135,35
0.561957832,10/23/19,206.53125,243.8125,691.8125,1.195528971,3.596767087,32
0.720877681,10/28/19,733.8684211,899.4736842,1313.157895,1.413185717,2.24036841,38
0.612985686,11/2/19,464.1428571,778,1219.542857,1.717728237,2.694432909,35
0.820519686,11/7/19,243.9545455,489.1590909,903.1363636,2.049401077,3.875148865,44
0.195445606,11/22/19,132.2068966,323.137931,465.8965517,2.929092214,4.416139356,29
0.417933903,11/27/19,508.3125,771.4375,1022.5,1.514706217,2.00692147,16
0.090896247,12/2/19,1130,1340,1757,1.185840726,1.554867268,1
0.810063693,12/7/19,312.5714286,835.7380952,1306.428571,4.727599306,8.475895342,42
0.010569361,12/12/19,5180,4172,4042,0.805405378,0.780308902,1
0.917596551,12/17/19,552.98,982.92,1481.16,1.780180752,2.699039612,50
0.778676254,12/27/19,451.1521739,880.1521739,1295.978261,2.158919788,3.462332529,46
0.912812293,1/1/20,295.1777778,783,1381.222222,4.429669521,8.53352344,45
0.801943991,1/6/20,799.9354839,1127.225806,1645.870968,2.065927986,3.62373139,31
0.914185388,1/16/20,508.0408163,895.4897959,1534.489796,1.846978784,3.315353997,49
0.879352945,1/21/20,863.972973,1263.567568,1923.459459,2.284157788,4.648689244,37
0.877213777,1/26/20,514,915.4285714,1501.22449,2.108029512,3.643293624,49
0.773875921,2/5/20,698.4186047,970.2093023,1660.27907,1.423814169,2.443492468,43
0.658245781,2/10/20,842.6097561,1166.707317,2040.585366,1.583081855,2.797626469,41
0.808359803,2/15/20,530.9655172,937.3448276,1561.103448,2.400564206,4.500032215,29
0.969735656,2/25/20,747.14,1109.82,1499.46,1.523334184,2.08746274,50
0.86100906,3/1/20,1098.6875,1516.15625,1967.3125,2.002792306,3.042835709,32
0.483000233,3/11/20,1281.485714,1811.142857,2582.285714,1.478004738,2.096230456,35
0.374918306,3/16/20,1055.766667,1152.966667,1470.533333,1.126746895,1.445573409,30
0.6627297,3/21/20,1213,1752.1,2414.45,1.814248532,2.594715476,20
0.396106096,3/26/20,1133,1500,1983.235294,1.393169514,1.919337153,34
0.602112603,3/31/20,1128.25,1441.5,1835.416667,1.293599534,1.677678754,48
0.742331968,4/10/20,1131.913043,1407.73913,1647.586957,1.247072015,1.468713048,46
0.379469485,4/15/20,1381.75,1531.555556,1905.444444,1.092989774,1.399675055,36
0.907530997,4/20/20,1170.24,1463.54,1640.5,1.253141451,1.418237028,50
0.976734378,5/5/20,890.94,1271.34,1603.26,1.498781888,1.978273704,50
0.999341794,5/20/20,470,975.02,1328.94,101.4372512,179.1704124,50
0.675348974,5/25/20,562.0714286,768.4761905,1080.02381,1.394949605,1.999447578,42
0.464577245,5/30/20,561.0967742,980.7419355,1406.548387,1.742590347,2.607255747,31
0.777193599,6/9/20,322.0952381,747.3571429,1273.095238,2.735880792,4.955369612,42
0.44825493,6/14/20,622.8205128,938.7179487,1428,1.592841931,2.493102933,39
0.991468708,6/24/20,527.26,1106.1,1553.14,2.161446536,3.090948377,50
0.942946773,7/4/20,605.76,991.08,1423.84,1.630091565,2.355946145,50
0.883404124,7/14/20,739.38,1114.46,1649.4,1.504482393,2.249596841,50
0.921494177,7/19/20,322.2666667,777.0222222,1479.355556,2.723719536,5.932596389,45
0.980544441,7/24/20,311.52,714.7,1121.44,3.277716324,6.968544154,50
0.66620643,7/29/20,402.7333333,878.8444444,1292.733333,2.224034688,3.417362785,45
0.765814172,8/8/20,388.0930233,1073.395349,1736.255814,2.85940427,4.689474749,43
0.9452543,8/13/20,512.14,1056.4,1511.2,2.149406834,3.22690124,50
0.773468139,8/23/20,793.4210526,1247.157895,1788.578947,1.752953956,2.718318638,19
0.732051101,8/28/20,818,1159.4,1564.075,1.494276457,2.052174279,40
0.335145091,9/2/20,737,818.8666667,1065.733333,1.201437461,1.657864579,15
0.12884163,10/7/20,481.8421053,773.9473684,1092.526316,1.615510075,2.36550013,19
0.674312173,10/12/20,329.25,330.25,682.5,1.086545333,2.362901837,4
0.734535447,10/17/20,183.9534884,517.1627907,883.3488372,3.123035425,5.489859858,43
0.742309549,10/27/20,270.55,512.2,777.2,1.942379767,3.052735931,20
0.296781772,11/1/20,248.5333333,226.4,331.5333333,0.901633135,1.391032513,15
0.878588987,11/16/20,95.11363636,297.0681818,558.5,3.815158267,13.68784282,44
0.96465529,11/26/20,23.53191489,323.1276596,622.4042553,171.5929426,358.0734151,47
0.961302926,12/1/20,336.3333333,755.8125,1116.708333,2.598087897,4.005871405,48
0.862811934,12/11/20,394.6410256,966.4615385,1412.282051,3.139147474,4.965145756,39
0.763826865,12/16/20,388.5306122,792.0408163,1097,2.085512945,2.933211696,49
0.549681621,12/21/20,1116,1614,1955,1.44623661,1.751792073,1
0.912797488,12/26/20,839.825,1350.725,1730.825,1.941909561,2.659210128,40
0.536026816,12/31/20,700.1818182,1012.727273,1417.090909,1.448927381,2.022027574,22
0.888537366,1/5/21,626,1018,1580.230769,1.929687628,3.392363457,39
0.919411693,1/10/21,1065.636364,1391.931818,1982.590909,1.40332329,2.126610845,44
0.768084474,1/15/21,490.5918367,917.877551,1444.142857,2.110568448,3.574431166,49
0.911701466,1/20/21,1247.627907,1573.767442,2115.883721,1.314188805,1.787115868,43
0.634689973,1/30/21,907.826087,1244.782609,1711.565217,1.396670227,1.981717415,23
0.948044482,2/4/21,808.06,1111.24,1413.06,1.397163,1.821981187,50
0.545846177,2/9/21,768.5135135,1084.459459,1543.864865,1.463394478,2.177216997,37
0.031472464,2/14/21,812.3333333,1057.944444,1186.777778,1.317028715,1.48668617,18
0.855366935,2/24/21,628.8043478,1123.369565,1637.73913,1.99831614,3.045979806,46
0.872833072,3/1/21,1183.86,1552.16,1912.72,1.317055022,1.634870667,50
0.674984761,3/6/21,1298.090909,1630.090909,2022.757576,1.268539707,1.620501385,33
0.674311327,3/6/21,1305.9375,1613.8125,1994.625,1.241443686,1.568299238,32
0.817247271,3/16/21,1220.34,1581.22,1721.34,1.317259731,1.46965178,50
0.782960512,3/21/21,953.4571429,1303.114286,1663.657143,1.452378849,1.99888805,35
0.436459683,3/26/21,2229.5,2611.727273,2779.590909,1.172327773,1.260266851,22
0.887602935,3/31/21,1384.527778,1684.861111,2041.694444,1.329221421,1.72191407,36
0.677487719,4/5/21,1135.368421,1479.526316,2102.842105,1.347391756,2.038447223,19
0.027417055,4/10/21,1293.454545,1420.727273,1645,1.097597632,1.2724022,11
0.930151527,4/15/21,1009.040816,1422.346939,1717.326531,44.7633143,97.64947455,49
0.802678761,4/25/21,1214.979592,1442.204082,1617.877551,1.185594432,1.340710856,49
0.848628365,4/30/21,837.54,1313.8,1548.7,1.848220189,2.381786127,50
0.742179261,5/5/21,1360,1868.027778,2191.944444,1.670591709,2.383133044,36
0.641126936,5/10/21,1627.333333,2075.62963,2324.703704,1.309844163,1.492676435,27
0.447424559,5/15/21,1462.710526,1733.078947,2209.157895,1.183621631,1.544828465,38
0.339200077,5/25/21,1389.105263,1598.052632,1877.315789,1.170927104,1.432343245,19
0.826929154,5/30/21,1151.78,1383,1572.54,1.272126963,1.515240399,50
0.678299478,6/9/21,1211.723404,1481.595745,1840.382979,1.270977755,1.618292325,47
0.96793955,7/4/21,729.8139535,1299.813953,1988.906977,96.18484718,280.1268927,43
0.909485309,7/14/21,789.6595745,1254.340426,1692.170213,1.710185908,2.462625394,47
0.674944998,7/19/21,979.1190476,1333.214286,1598.619048,1.398244424,1.780828765,42
0.37739123,7/24/21,766.7142857,911.1071429,1027.321429,1.208567138,1.381633767,28
0.13496768,7/29/21,24.07692308,131.1282051,244.1282051,69.31751039,132.2078546,39
0.451313725,8/3/21,1045.666667,1383.333333,1736.555556,1.325439705,1.675946103,9
0.103059514,8/8/21,449.5,397.875,533.625,0.867600508,1.172512271,8
0.328311766,8/18/21,1141.25,1196.125,1502.375,1.157256991,1.542131506,8
0.848619481,8/23/21,942.4418605,1290.744186,1540.581395,1.383057666,1.688375567,43
0.754635252,8/28/21,1144.26,1490.56,1673.72,1.316074736,1.500698636,50
0.994179787,9/2/21,555.18,944.78,1306.42,1.699175255,2.354792106,50
0.989192061,9/7/21,390.32,1019.18,1411,2.862322209,4.222770176,50
1,9/17/21,347.9,815.72,1129.7,2.385227838,3.330747242,50
0.041258831,9/22/21,732.3333333,987.3333333,1344,1.353385886,1.843256116,3
1,9/27/21,143.16,549.06,1005.56,4.325403786,8.273834782,50
0.776441062,10/2/21,374.8043478,1016.065217,1334.934783,15.57460874,36.85454131,46
0.954405726,10/7/21,703.78,1070.56,1312.72,1.538822348,1.963200169,50
0.999366329,10/12/21,439.74,842.62,989.26,2.10631572,2.530461001,50
0.759445314,10/17/21,266.26,681.28,1069.66,2.559737098,4.14490232,50
0.499177032,10/27/21,128.6111111,266.4444444,749.6666667,2.140016576,6.15702788,18
0.996618448,11/6/21,289.4,665.24,909.28,2.325273235,3.182746944,50
0.972468309,11/26/21,132.12,513.32,783.8,3.993261752,6.138186646,50
0.976456037,12/1/21,119.4285714,616.0204082,993.9387755,42.99670479,95.75857596,49
0.766794289,12/11/21,399.04,944.12,1240.88,2.966292417,4.34785311,50
0.430357322,12/16/21,1856,1584,2116,0.853448272,1.140086174,1
0.258476829,12/26/21,397.6923077,585.0769231,903.2307692,2.791942606,4.940450742,13
0.906810609,12/31/21,430.14,888.02,1264.92,2.48004364,3.787973793,50
0.884333903,1/5/22,262.1020408,623.7142857,1070.734694,2.409955949,4.282356598,49
0.677480951,1/10/22,352.3333333,632.8,1028.866667,1.957828013,3.203788201,15
0.963052077,1/15/22,363.4,765.94,1169.32,2.118255916,3.2584583,50
0.796721916,1/20/22,289.3555556,752.0666667,1244.244444,2.670390924,4.464160098,45
0.852074638,1/25/22,1349.217391,1780.23913,2210.347826,1.317477887,1.6316675,46
0.900683772,1/30/22,1968.877551,2498.714286,2875.510204,1.318943401,1.518415514,49
0.842971011,2/4/22,1939.76,2359.54,2639.78,1.2193625,1.365272868,50
0.92946371,2/14/22,2132.54,2562.82,3044,1.239251094,1.486204116,50
0.119768461,2/19/22,2383.5,2864,3269,1.200709432,1.366932034,4
0.940374441,2/24/22,1909.94,2363.22,2893.28,1.25447854,1.547357879,50
0.970146823,3/1/22,1755.92,2273.92,2759.2,1.317279704,1.613038275,50
0.405196186,3/11/22,2236.380952,2454.952381,2730.52381,1.098348629,1.22108191,21
0.53720321,3/16/22,1122.923077,1272.846154,1464.307692,1.146086766,1.327373376,13
0.959722132,3/21/22,1939.74,2447.68,3041.18,1.302977009,1.638456316,50
0.974769914,3/26/22,2174.76,2649.3,3289.56,1.290771896,1.639280078,50
0.396935198,3/31/22,2579.333333,2613.333333,2774,1.012110492,1.076471567,3
0.522179963,4/5/22,2319.814815,2537.703704,2712.518519,1.094523637,1.174060746,27
0.985087159,4/10/22,2428.214286,2880.214286,3400.047619,1.32694127,1.666811009,42
0.264113455,4/20/22,2376.4,2705.7,3089.4,1.138672531,1.297687936,20
0.538861414,4/25/22,2374.195652,2895.804348,3344.717391,1.221585748,1.419111177,46
0.73747876,5/5/22,2516.088889,2785.555556,3000.444444,1.142869457,1.249989646,45
0.212034841,5/10/22,2639,2834,2977.5,1.071699083,1.12533778,2
0.734572249,5/15/22,1307.909091,1979.022727,2183.363636,1.546957067,1.734002569,44
0.80800532,5/25/22,1724.222222,2275.416667,2705.388889,1.349565167,1.665041692,36
0.508366529,5/30/22,1664.952381,2134.428571,2477.285714,1.276524112,1.479899849,21
0.801714296,6/9/22,1601.1,1789.8,2172.4,1.119183493,1.356377304,10
0.868230286,6/19/22,1408.58,1453.66,1759.96,1.032597728,1.249177494,50
0.977355782,6/24/22,1275,1283.387755,1520.979592,1.006595768,1.191337405,49
0.685866727,6/29/22,697.55,1201.725,1620.1,1.742952621,2.347093314,40
0.732650931,7/4/22,1431.75,1785.75,2192.107143,1.246143528,1.529637886,28
0.631827455,7/9/22,1422.068182,1779.454545,2118.954545,1.245148358,1.483764319,44
0.886000568,7/14/22,1316.02,1944.4,2403.42,1.474796431,1.825743434,50
0.052241473,7/19/22,1699.333333,2053.333333,2200.666667,1.207443476,1.294130206,6
0.67034898,7/24/22,1792.46,2239.08,2640.4,1.243691556,1.47111697,50
0.739307437,7/29/22,1826.135135,2333.459459,2821.081081,1.275762848,1.548122909,37
0.985512709,8/18/22,1573.56,2050.92,2459.42,1.301951194,1.561944377,50
0.973973383,8/23/22,1620.2,2108.72,2465.96,1.299062974,1.520388548,50
0.377828624,8/28/22,2158.041667,2491.458333,2774.833333,1.152204568,1.290105099,24
0.667601945,9/2/22,1313.305556,1732.944444,2218,1.320517881,1.688955377,36
0.755286267,9/7/22,1207.133333,1838.9,2310.366667,1.535963261,1.939760649,30
0.326398063,9/22/22,1032.190476,1551.809524,1921.142857,1.503586718,1.862891072,21
0.427892435,10/2/22,1889.75,1883.75,2132.416667,0.998652856,1.130755464,12
0.993350685,10/7/22,880.6734694,1211.816327,1564.081633,1.380442189,1.783660548,49
0.981933187,10/22/22,1038.4375,1480.9375,1906.708333,1.426677011,1.841720189,48
0.52930855,10/27/22,1696.647059,2023.411765,2410.705882,1.238493853,1.484809974,17
0.365640399,11/1/22,1405.086957,1855.956522,2172.130435,1.333301264,1.565218158,23
0.99251089,11/16/22,1058.02,1548.54,1885.16,1.465476782,1.783674557,50
0.544944317,11/26/22,1327.352941,1813.647059,2215.764706,1.372250241,1.676191681,17
0.14169356,12/1/22,2051.5,2210.5,2730.25,1.079796225,1.334408462,4
0.525884273,12/6/22,1468.206897,1963.551724,2320.827586,1.353243355,1.604372555,29
0.862707027,12/11/22,1380.645833,1862.770833,2187.9375,1.344121188,1.580554366,48
0.882642704,12/21/22,1100.122449,1548.693878,1937.061224,1.406336286,1.758555505,49
0.950289826,12/31/22,1343.84,1779.08,2128,1.321074126,1.580075023,50
0.955562239,1/5/23,1345.142857,1769.326531,2121.755102,1.312271437,1.574102849,49
0.935002621,1/10/23,1491.208333,1987.541667,2476.479167,1.359023372,1.694001496,48
0.932893486,1/15/23,2428.08,2772.02,3206.9,1.195265005,1.404288692,50
0.916640546,1/20/23,1499.897959,1979.510204,2291.816327,1.320183199,1.526497768,49
0.942687467,1/25/23,1521.62,1959.02,2191.46,1.286721661,1.438761642,50
0.460520143,1/30/23,1639.75,1829.5,2118.25,1.108279228,1.285353035,4
0.333406514,2/4/23,2903,3182.25,3904.125,1.096401677,1.343810201,8
0.294829998,2/9/23,2257.5,2578.0625,2988.4375,1.140944276,1.332046852,16
0.887027639,2/14/23,2184.702128,2614.957447,3160.510638,1.234353933,1.507755006,47
0.278516567,2/19/23,2572.727273,3185.818182,3918,1.239032767,1.522860397,11
0.459758723,2/24/23,2066.0625,2642.21875,3291.84375,1.29412685,1.612983704,32
0.886387623,3/1/23,1713.571429,2270.755102,2819.55102,1.370368225,1.704454242,49
0.837987515,3/6/23,1589.64,2104.54,2457.24,1.329409294,1.550514708,50
0.563734479,3/11/23,2099.820513,2502.666667,2774.589744,1.192769549,1.323909845,39
0.981575743,3/16/23,1353.92,2038.72,2679.64,1.576680803,2.09354234,50
0.79019739,3/26/23,2152.178571,2521.357143,2627.821429,1.174720866,1.228938858,28
0.280456497,3/31/23,1499.461538,1569.076923,1776.153846,1.050443081,1.189796787,13
0.906690897,4/15/23,1736.354167,2125.166667,2406.5,1.237798626,1.412749988,48
0.967862985,4/20/23,1599,2087.387755,2435.55102,1.305407432,1.532072787,49
0.956036858,5/10/23,1723.7,2190.08,2501.34,1.272104461,1.464468126,50
0.24139098,5/20/23,2159.25,2349.25,2605.25,1.093763307,1.214799315,4
0.942571139,6/4/23,1518.02,1938.4,2204.66,1.279449458,1.455000415,50
0.993276658,6/9/23,1532.94,1754.06,1940.18,1.142649581,1.265433426,50
0.095334058,6/14/23,1420.6875,1525.4375,1850,1.067171633,1.291679926,16
0.988770742,6/19/23,1558.081633,1835.693878,2175.306122,1.177761939,1.396350428,49
0.422967314,6/24/23,1344.289474,1673.605263,1982.973684,1.244085597,1.474179829,38
0.989157374,7/4/23,1306.86,1808.68,2264.1,1.384923971,1.735641158,50
0.881339829,7/9/23,1283.98,1777.4,2181,1.381868575,1.695684497,50
0.992311769,7/14/23,1268.68,1825.96,2247.42,1.439289665,1.76943248,50
0.932811422,7/24/23,1525.520833,2111.75,2507.395833,1.384092194,1.645193378,48
0.87333434,8/8/23,1601.333333,1929.555556,2267.533333,1.211130714,1.422128986,45
0.771766364,8/13/23,1831.38,2174.96,2543.54,1.186658199,1.388090971,50
0.564898183,8/23/23,1455.7,1635.366667,2080.233333,1.123332053,1.426044786,30
0.993043579,8/28/23,1282.22,1630.02,1820.4,1.270850253,1.420309174,50
0.340502529,9/2/23,1919,1981,2272.5,1.031855285,1.182720363,2
0.491617819,9/7/23,1523.5,1518,1774.1,0.99740386,1.167438698,10
0.999541456,9/12/23,899.9,1414.1,1869.54,1.57741076,2.086125138,50
0.916040716,9/17/23,1556.94,1728.12,2088.3,1.109883993,1.341281111,50
0.86886861,9/22/23,1396.454545,1637.681818,2084.909091,1.176072931,1.499865055,44
0.633526692,10/7/23,1184.285714,1510.628571,1715.942857,1.27538931,1.448544298,35
0.998166246,10/17/23,1166.52,1629.74,2132,1.399992056,1.835954716,50
0.380395033,10/27/23,1208.56,1465.28,1763.08,1.212842197,1.458894172,25
1,11/1/23,1089.54,1502.92,1852.48,1.378413732,1.698634975,50
0.954473408,11/11/23,1436,1793.488372,2186.116279,1.284854375,1.578595583,43
0.359985584,11/21/23,1440.764706,1851.147059,2143.617647,1.299579771,1.505153544,34
0.948168848,11/26/23,1130.6,1284.844444,1556.844444,1.130579703,1.372090713,45
0.442349269,12/1/23,1050.738095,1540.904762,1857.52381,1.473456763,1.775948368,42
0.795773102,12/11/23,1106.571429,1363.107143,1546.5,1.231418065,1.3970302,28
0.898144376,12/26/23,1230.795918,1507.183673,1796.591837,1.222317083,1.456812457,49
0.977062635,12/31/23,1011.469388,1511.918367,1871.469388,1.497644704,1.854385262,49
0.023453439,1/5/24,2132,2216,2305,1.039399624,1.081144452,1
0.564404529,1/20/24,1364.822222,1651.355556,1937.733333,1.245666899,1.471063206,45
0.931400679,1/30/24,2087.081633,2400.020408,3031.897959,1.199610709,1.566929567,49
0.820391091,2/9/24,1895.369565,2270.652174,2667.434783,1.198888851,1.409011722,46
0.990077001,2/14/24,1313.04,1785.72,2292.74,1.366773479,1.757691014,50
0.529220987,2/29/24,2014.190476,2463.52381,3003,1.225392478,1.493693113,21
0.789044684,3/10/24,1852.6875,2176.958333,2653.083333,1.173372887,1.430798732,48
0.847864406,3/15/24,1547.416667,2032.6875,2598.604167,1.318338116,1.684103884,48
0.429480842,3/20/24,2291.181818,2793.818182,3555.818182,1.220168395,1.559250777,11
0.464358971,3/25/24,1580.354839,1759.709677,2040.225806,1.116870515,1.300799254,31
0.809392374,3/30/24,1513.090909,1891.568182,2312.022727,1.248832982,1.524962398,44