clear_fraction,date,image_id,mean_B2,mean_B4,mean_B5,mean_BR,mean_BRE,total_points
0.845034038,3/2/16,20160302T155402_20160302T155615_T17RNH,1404.942857,1958.171429,2558.685714,1.245133249,1.086857371,35
0.600801691,5/1/16,20160501T155412_20160501T155544_T17RNH,2326.078947,2596.473684,2743.473684,0.949673674,0.812116084,38
0.927783087,5/21/16,20160521T160522_20160521T160549_T17RNH,1424.021739,1841.565217,2423.913043,1.117132077,1.032967881,46
1,6/30/16,20160630T160512_20160630T160611_T17RNH,1172.12,1631.36,2016.52,1.211059904,1.037853777,50
0.515255268,7/20/16,20160720T160512_20160720T160544_T17RNH,1751.392857,2259.678571,2765.714286,1.11293948,0.975296472,28
0.994065151,9/18/16,20160918T160512_20160918T160506_T17RNH,1087.28,1540.74,1869.22,1.233731795,1.032858977,50
0.470108963,11/7/16,20161107T160512_20161107T160509_T17RNH,1476.666667,1782.545455,2099.212121,1.036977538,0.915109387,33
0.689392949,11/27/16,20161127T160512_20161127T160509_T17RNH,1540,2093,2583.882353,1.189580037,1.023691932,34
0.917610088,1/16/17,20170116T155601_20170116T155948_T17RNH,1519.9,1898.98,2091.82,1.074451612,0.896434646,50
0.992307962,1/26/17,20170126T160501_20170126T160504_T17RNH,1130.66,1412.66,1676.26,1.073007237,0.937272809,50
0.994283002,2/15/17,20170215T160511_20170215T160505_T17RNH,1423.32,1818.68,2003.84,1.101412227,0.910120741,50
0.999892132,2/25/17,20170225T160511_20170225T160505_T17RNH,1248.66,1618.3,1884.7,1.119065694,0.954938031,50
0.445867031,3/17/17,20170317T160501_20170317T160502_T17RNH,1556.769231,1699.692308,2057,0.931850654,0.873476689,13
0.829597086,4/26/17,20170426T160511_20170426T160513_T17RNH,1918.387755,2086.877551,2237.877551,0.924309028,0.808311446,49
0.942607941,5/16/17,20170516T160511_20170516T160514_T17RNH,1973.36,2240.88,2501.28,0.968309956,0.851880357,50
0.676715723,6/25/17,20170625T160511_20170625T160509_T17RNH,1409.18,1696.18,1995.96,1.027957489,0.917829561,50
0.947505566,7/15/17,20170715T160511_20170715T160512_T17RNH,1501.44,1932.94,2207,1.111561284,0.943920458,50
0.995814303,7/30/17,20170730T160509_20170730T160510_T17RNH,1979.163265,2143.632653,2205.408163,0.919779906,0.782999513,49
0.872982818,8/4/17,20170804T160511_20170804T160513_T17RNH,1529.978261,1946.521739,2289.065217,1.09917443,0.948208392,46
0.799465991,8/19/17,20170819T160509_20170819T160508_T17RNH,1690.075,1953.05,2416.525,0.986038556,0.918759412,40
0.714333273,9/13/17,20170913T160511_20170913T160508_T17RNH,1473.98,1735.78,1996.56,1.010586502,0.887611085,50
0.708774481,10/3/17,20171003T160511_20171003T160509_T17RNH,1479.911111,2080.755556,2273.511111,1.226353875,0.961423981,45
0.624347346,11/7/17,20171107T160459_20171107T160457_T17RNH,1090.12,1278.28,1626.76,0.988494549,0.922077448,25
0.897019166,11/17/17,20171117T160459_20171117T160458_T17RNH,1374.954545,1793.795455,2363.5,1.127511957,1.033461501,44
0.309035987,12/2/17,20171202T160511_20171202T160506_T17RNH,1453.88,1733.04,2141.76,1.027203496,0.933260582,25
0.57295528,12/7/17,20171207T160459_20171207T160459_T17RNH,1868.652174,2197.108696,2666.869565,1.005180828,0.916636587,46
0.634911208,12/17/17,20171217T160459_20171217T160459_T17RNH,1320.65,1648.05,2366.175,1.07283459,1.062988295,40
0.659776658,12/22/17,20171222T160511_20171222T160505_T17RNH,1465.282051,1974.794872,2629.692308,1.187465591,1.081232676,39
0.407597198,12/27/17,20171227T160459_20171227T160500_T17RNH,1074.4,1274.4,1892.6,1.020723786,1.053078602,5
0.710675917,1/6/18,20180106T160459_20180106T160502_T17RNH,2602.431818,2867,3444.75,0.949373989,0.890169693,44
0.764574749,1/11/18,20180111T160501_20180111T160503_T17RNH,1606.326531,2019.183673,2781.408163,1.10007599,1.047951402,49
0.90128312,1/16/18,20180116T160509_20180116T160503_T17RNH,2370.4375,2586.0625,3349.5,0.969949385,0.969719129,48
0.321046124,1/26/18,20180126T160509_20180126T160504_T17RNH,1833,1746,2007.5,0.799072286,0.773118226,2
0.679596007,1/31/18,20180131T160511_20180131T160506_T17RNH,2363.608696,2722.586957,3338.478261,1.047551347,0.966158483,46
0.554908771,2/10/18,20180210T160511_20180210T160507_T17RNH,1978.807692,2075.384615,2511.423077,0.899420288,0.861572697,26
0.580011954,2/15/18,20180215T160509_20180215T160504_T17RNH,2735.64,3029.38,3889.78,0.992081919,0.957938465,50
0.450145368,2/20/18,20180220T160511_20180220T160508_T17RNH,2241.789474,2621.894737,3308.473684,1.002060879,0.937769893,19
0.471155916,2/25/18,20180225T160459_20180225T160502_T17RNH,2206.903226,2578.193548,3185.741935,1.001122257,0.925267767,31
0.746938561,3/2/18,20180302T160511_20180302T160508_T17RNH,1995.15,2304.85,2771.5,0.980396093,0.89351887,40
0.661670903,3/7/18,20180307T160459_20180307T160501_T17RNH,1865.836735,2364.367347,2807.755102,1.095564687,0.950886501,49
0.982871426,3/17/18,20180317T160509_20180317T160504_T17RNH,1621.64,2182.32,2803.08,1.178660731,1.050697034,50
0.991472092,3/22/18,20180322T160511_20180322T160508_T17RNH,2036.82,2625.8,3127.28,1.225289635,1.046830676,50
0.012189071,3/27/18,20180327T160509_20180327T160506_T17RNH,2081.4,2131.6,2387.6,0.865199076,0.796836788,5
0.419580263,4/1/18,20180401T160511_20180401T160510_T17RNH,1918.75,2215.78125,2569,0.983930964,0.8804293,32
0.239011964,4/6/18,20180406T160509_20180406T160508_T17RNH,2714,3078,3820,0.968171344,0.90944608,1
0.338945001,4/11/18,20180411T160511_20180411T160512_T17RNH,2747.470588,3170.588235,3713.941176,0.981738603,0.884692951,17
0.860160499,4/16/18,20180416T160509_20180416T160509_T17RNH,1685.28,2062.96,2536.9,1.054254743,0.951223241,50
0.914841056,4/21/18,20180421T160511_20180421T160513_T17RNH,1754.306122,2251.040816,2763.346939,1.116764267,0.986322964,49
0.534441369,5/1/18,20180501T160511_20180501T160513_T17RNH,2343.422222,2837.111111,3484.111111,1.068733642,0.97707355,45
0.769778634,5/6/18,20180506T160509_20180506T160510_T17RNH,2046.708333,2453.895833,2952.770833,1.040393743,0.934815962,48
0.103476603,6/5/18,20180605T160509_20180605T160508_T17RNH,1623.333333,1600.666667,2212.333333,0.829606352,0.890390991,3
0.685815966,6/15/18,20180615T160509_20180615T160509_T17RNH,1103.326087,1392.782609,1804.304348,1.088879022,0.997739178,46
0.313703494,7/5/18,20180705T160509_20180705T160510_T17RNH,1125.727273,1350.484848,1655.333333,1.034813245,0.935202387,33
0.794419043,7/15/18,20180715T160509_20180715T160509_T17RNH,1128.945946,1305.810811,1734.216216,0.990778938,0.959422395,37
0.991983936,7/25/18,20180725T160509_20180725T160508_T17RNH,1377.145833,1533.479167,1918.791667,0.948359857,0.901977895,48
0.894037783,8/4/18,20180804T160509_20180804T160507_T17RNH,1323.916667,1371.25,1686.555556,0.876158382,0.851508183,36
0.872259045,8/9/18,20180809T160511_20180809T160511_T17RNH,1147.333333,1853.111111,2462.711111,1.429506787,1.194875386,45
0.8670945,8/19/18,20180819T160511_20180819T160510_T17RNH,1570.795455,2008.022727,2588.295455,1.1096406,1.010915653,44
0.654267782,8/24/18,20180824T160509_20180824T160503_T17RNH,1735.03125,2104.65625,2595.25,1.041928825,0.945184767,32
0.488263763,8/29/18,20180829T160511_20180829T160509_T17RNH,1616.291667,2033.770833,2510.541667,1.084290497,0.967444735,48
0.994886639,9/13/18,20180913T160459_20180913T160502_T17RNH,1020.6,1241.38,1788.64,1.047423654,1.047715853,50
0.789099675,9/18/18,20180918T160511_20180918T160507_T17RNH,1316.731707,1291.902439,1679.560976,0.827671795,0.854550141,41
0.935317341,9/23/18,20180923T160509_20180923T160540_T17RNH,1409.604167,1533.8125,2112.291667,0.920907628,0.941554925,48
0.647722951,10/3/18,20181003T160509_20181003T160506_T17RNH,1771.897436,2380.384615,3065.384615,1.195035324,1.051691906,39
0.794590785,10/13/18,20181013T160509_20181013T160507_T17RNH,1386.577778,1446.2,1974.622222,0.885364182,0.919351289,45
0.777806543,10/18/18,20181018T160511_20181018T160508_T17RNH,948.7037037,1454.444444,2094.259259,1.346616127,1.215391675,27
0.882540758,11/2/18,20181102T160509_20181102T160509_T17RNH,1492.043478,1866.608696,2350.282609,1.075416338,0.977697407,46
0.612760221,11/7/18,20181107T160511_20181107T160507_T17RNH,1480.894737,2047.236842,2762.842105,1.199774594,1.096299043,38
0.097188963,11/27/18,20181127T160501_20181127T160503_T17RNH,2053.52381,1931.52381,2108.142857,0.789658588,0.742198778,21
0.940168435,12/2/18,20181202T160509_20181202T160506_T17RNH,1327.96,1714.68,2238.7,1.11587599,1.021962141,50
0.873530194,12/7/18,20181207T160501_20181207T160503_T17RNH,1521.76,2059.6,2666.92,1.221065016,1.071258294,50
0.743287551,12/12/18,20181212T160509_20181212T160504_T17RNH,1374.235294,1708.058824,2165.764706,1.08026632,0.988302081,17
0.808800581,12/17/18,20181217T160501_20181217T160503_T17RNH,555.4651163,999.1627907,1663.906977,106.2756105,14.83405576,43
0.757984233,12/22/18,20181222T160509_20181222T160507_T17RNH,567.2954545,918.6590909,1152.295455,1.510419011,1.200515775,44
0.184082254,12/27/18,20181227T160501_20181227T160504_T17RNH,473.5714286,806.2142857,1253.571429,1.53229771,1.384569221,14
0.679197531,1/1/19,20190101T160509_20190101T160509_T17RNH,344.2666667,759.1111111,1426.733333,2.396653943,2.037684572,45
0.243772533,1/6/19,20190106T160511_20190106T160506_T17RNH,641.9259259,877.1851852,1379.37037,1.500344403,1.481275319,27
0.879319104,1/11/19,20190111T160509_20190111T160510_T17RNH,1133.955556,1489.511111,2033.577778,1.412022233,1.245217618,45
0.81964786,1/16/19,20190116T160511_20190116T160507_T17RNH,840.04,1199.2,1783.24,1.374821323,1.350385573,25
0.872414714,1/21/19,20190121T160509_20190121T160511_T17RNH,444.326087,888.673913,1425.934783,2.070195574,1.691392727,46
0.538624105,1/31/19,20190131T160509_20190131T160511_T17RNH,732.0416667,1048.333333,1586.375,1.319888073,1.265569077,24
0.909255191,2/5/19,20190205T160511_20190205T160508_T17RNH,528.2708333,902.3333333,1503.229167,1.602676431,1.50774513,48
0.344575705,2/10/19,20190210T160509_20190210T160511_T17RNH,1289.394737,1627.947368,2220.710526,1.11736098,1.072515131,38
0.922844007,2/15/19,20190215T160511_20190215T160508_T17RNH,506.6216216,1013.135135,1597.648649,35.33585386,6.603119493,37
0.833525592,2/20/19,20190220T160509_20190220T160510_T17RNH,772.877551,1155.836735,1582.693878,1.529261066,1.340016043,49
0.951727219,3/2/19,20190302T160509_20190302T160509_T17RNH,514.326087,993.3478261,1687.869565,1.957554146,1.756457891,46
0.763957152,3/7/19,20190307T160511_20190307T160505_T17RNH,626.6428571,1091.642857,1768.214286,1.634508277,1.489426066,14
0.686390838,3/12/19,20190312T160509_20190312T160508_T17RNH,822.9574468,1213.680851,1923.382979,1.299330299,1.277781563,47
0.977538946,3/22/19,20190322T160509_20190322T160511_T17RNH,637.1,1053.78,1524.08,1.50815078,1.323089428,50
0.814368256,3/27/19,20190327T160511_20190327T160511_T17RNH,440.5,1004.909091,1650.227273,4.958690783,2.421121326,44
0.94661978,4/1/19,20190401T160519_20190401T160513_T17RNH,539.2244898,1017.285714,1616.877551,1.709535551,1.499599765,49
0.404153886,4/6/19,20190406T160511_20190406T160512_T17RNH,1074,921,1272,0.711882732,0.81333773,1
0.93875177,4/11/19,20190411T160519_20190411T160516_T17RNH,104.3617021,511.2553191,1045.085106,38.131623,7.763796721,47
0.834663492,4/16/19,20190416T160511_20190416T160514_T17RNH,357.6511628,1040.72093,1655.302326,272.0066801,24.86025558,43
0.960237783,4/21/19,20190421T160519_20190421T160517_T17RNH,328.98,883.94,1425.08,3.368432506,2.311904505,50
0.898419334,4/26/19,20190426T160521_20190426T160515_T17RNH,529.4693878,1115.367347,1662.938776,78.01858675,9.534143631,49
0.523223109,5/6/19,20190506T160521_20190506T160515_T17RNH,953.0425532,1436.382979,2042,1.338966039,1.212146612,47
0.977274141,5/11/19,20190511T160519_20190511T160519_T17RNH,684.8,1174.66,1800.52,77.1871517,8.070063639,50
0.903261544,5/21/19,20190521T160519_20190521T160520_T17RNH,621.94,1047.02,1678.88,1.685363214,1.520068269,50
0.685654375,5/26/19,20190526T160511_20190526T160514_T17RNH,1683,2098.861111,2736.166667,138.4725789,13.24825306,36
0.465040442,5/31/19,20190531T160519_20190531T160519_T17RNH,686.5116279,820.4883721,1180.534884,1.004140828,1.027997426,43
0.078039241,6/5/19,20190605T160511_20190605T160513_T17RNH,932.875,1069,1331.25,1.001667066,0.937464126,8
0.08758999,6/15/19,20190615T160511_20190615T160514_T17RNH,677.5384615,799.6153846,1288.230769,1.010722906,1.102981997,13
0.644181501,6/20/19,20190620T160519_20190620T160519_T17RNH,513.8888889,915.9111111,1366.422222,1.707877535,1.495363682,45
0.680648882,6/25/19,20190625T160521_20190625T160516_T17RNH,889.2894737,1270.5,1724.263158,11.369047,2.605600441,38
0.718699596,7/5/19,20190705T160521_20190705T160516_T17RNH,565.72,920.2,1298.94,1.458108525,1.276755747,50
0.429731265,7/10/19,20190710T160519_20190710T160520_T17RNH,527.1666667,717.5833333,942.25,1.176607298,1.062684465,12
0.700165355,7/20/19,20190720T160519_20190720T160614_T17RNH,1013.564103,1427.641026,2072.358974,1.231456661,1.161176487,39
0.913069907,7/25/19,20190725T160521_20190725T160516_T17RNH,539.84,997.64,1612.54,1.677915797,1.501670097,50
0.690312153,7/30/19,20190730T160519_20190730T160519_T17RNH,652.7272727,1091.340909,1675.727273,1.519506046,1.363326477,44
0.996575723,8/4/19,20190804T160521_20190804T160516_T17RNH,743.3,954.38,1482.34,1.107483187,1.140444899,50
0.588039863,8/9/19,20190809T160519_20190809T160518_T17RNH,324.4761905,251.6190476,479.0952381,0.639505412,0.933688849,42
0.091387786,8/19/19,20190819T160519_20190819T160517_T17RNH,567,698.3333333,1059.666667,0.944157436,1.213496757,3
0.234970091,8/29/19,20190829T160519_20190829T160515_T17RNH,497.3333333,410.6666667,829.6666667,0.683163007,1.01605459,3
0.421040075,9/8/19,20190908T160519_20190908T160513_T17RNH,534.6875,694.1875,1079.03125,1.137062727,1.158046842,32
0.609385859,9/13/19,20190913T160511_20190913T160510_T17RNH,427.2,746.4,1282,2.037305773,1.777961118,5
0.679319358,9/18/19,20190918T160509_20190918T160510_T17RNH,417.2903226,784.5483871,1346.677419,1.864149656,1.695287474,31
0.951564782,10/3/19,20191003T160511_20191003T160513_T17RNH,612.06,975.88,1342.08,1.450549507,1.252244375,50
0.30501188,10/13/19,20191013T160511_20191013T160514_T17RNH,147.9714286,277.2285714,452.0857143,11.50761857,3.324122965,35
0.561957832,10/23/19,20191023T160511_20191023T160514_T17RNH,206.53125,243.8125,691.8125,1.027776937,1.654296591,32
0.720877681,10/28/19,20191028T160509_20191028T160512_T17RNH,733.8684211,899.4736842,1313.157895,1.236950203,1.212739582,38
0.612985686,11/2/19,20191102T160511_20191102T160514_T17RNH,464.1428571,778,1219.542857,1.531207086,1.380097792,35
0.820519686,11/7/19,20191107T160509_20191107T160511_T17RNH,243.9545455,489.1590909,903.1363636,1.862343366,1.739422098,44
0.195445606,11/22/19,20191122T160511_20191122T160512_T17RNH,132.2068966,323.137931,465.8965517,2.781966448,1.849261312,29
0.417933903,11/27/19,20191127T160509_20191127T160507_T17RNH,508.3125,771.4375,1022.5,1.331221697,1.143590473,16
0.090896247,12/2/19,20191202T160511_20191202T160510_T17RNH,1130,1340,1757,1.016849232,0.969958392,1
0.810063693,12/7/19,20191207T160509_20191207T160505_T17RNH,312.5714286,835.7380952,1306.428571,4.780839932,2.714009179,42
0.010569361,12/12/19,20191212T160511_20191212T160507_T17RNH,5180,4172,4042,0.664421334,0.620903325,1
0.917596551,12/17/19,20191217T160509_20191217T160506_T17RNH,552.98,982.92,1481.16,1.59051544,1.383976459,50
0.778676254,12/27/19,20191227T160509_20191227T160506_T17RNH,451.1521739,880.1521739,1295.978261,1.970418351,1.605258269,46
0.912812293,1/1/20,20200101T160511_20200101T160506_T17RNH,295.1777778,783,1381.222222,4.402549234,2.768450648,45
0.801943991,1/6/20,20200106T160509_20200106T160506_T17RNH,799.9354839,1127.225806,1645.870968,1.889683276,1.611134911,31
0.914185388,1/16/20,20200116T160509_20200116T160606_T17RNH,508.0408163,895.4897959,1534.489796,1.658171595,1.569174854,49
0.879352945,1/21/20,20200121T160511_20200121T160505_T17RNH,863.972973,1263.567568,1923.459459,2.129848868,1.811056977,37
0.877213777,1/26/20,20200126T160509_20200126T160504_T17RNH,514,915.4285714,1501.22449,1.924089812,1.655054772,49
0.773875921,2/5/20,20200205T160509_20200205T160505_T17RNH,698.4186047,970.2093023,1660.27907,1.244366642,1.296152097,43
0.658245781,2/10/20,20200210T160501_20200210T160504_T17RNH,842.6097561,1166.707317,2040.585366,1.402623516,1.4040986,41
0.808359803,2/15/20,20200215T160509_20200215T160507_T17RNH,530.9655172,937.3448276,1561.103448,2.228641568,1.862707147,29
0.969735656,2/25/20,20200225T160509_20200225T160508_T17RNH,747.14,1109.82,1499.46,1.340000098,1.170204442,50
0.86100906,3/1/20,20200301T160511_20200301T160507_T17RNH,1098.6875,1516.15625,1967.3125,1.829008454,1.436976224,32
0.483000233,3/11/20,20200311T160511_20200311T160507_T17RNH,1281.485714,1811.142857,2582.285714,1.297571631,1.173288482,35
0.374918306,3/16/20,20200316T160509_20200316T160509_T17RNH,1055.766667,1152.966667,1470.533333,0.962307076,0.921498838,30
0.6627297,3/21/20,20200321T160511_20200321T160507_T17RNH,1213,1752.1,2414.45,1.63136555,1.330862263,20
0.396106096,3/26/20,20200326T160509_20200326T160509_T17RNH,1133,1500,1983.235294,1.215122193,1.105592021,34
0.602112603,3/31/20,20200331T160511_20200331T160507_T17RNH,1128.25,1441.5,1835.416667,1.119178991,1.016809488,48
0.742331968,4/10/20,20200410T160511_20200410T160509_T17RNH,1131.913043,1407.73913,1647.586957,1.07489456,0.9336408,46
0.379469485,4/15/20,20200415T160509_20200415T160507_T17RNH,1381.75,1531.555556,1905.444444,0.930287169,0.904886821,36
0.907530997,4/20/20,20200420T160511_20200420T160548_T17RNH,1170.24,1463.54,1640.5,1.08060374,0.912759795,50
0.976734378,5/5/20,20200505T160509_20200505T160508_T17RNH,890.94,1271.34,1603.26,1.317114344,1.125752416,50
0.999341794,5/20/20,20200520T160521_20200520T160517_T17RNH,470,975.02,1328.94,156.0493687,13.62464118,50
0.675348974,5/25/20,20200525T160509_20200525T160602_T17RNH,562.0714286,768.4761905,1080.02381,1.218387426,1.136285858,42
0.464577245,5/30/20,20200530T160521_20200530T160517_T17RNH,561.0967742,980.7419355,1406.548387,1.554106228,1.351368709,31
0.777193599,6/9/20,20200609T160521_20200609T160518_T17RNH,322.0952381,747.3571429,1273.095238,2.566695314,2.005911494,42
0.44825493,6/14/20,20200614T160519_20200614T160513_T17RNH,622.8205128,938.7179487,1428,1.411161498,1.303025921,39
0.991468708,6/24/20,20200624T160519_20200624T160614_T17RNH,527.26,1106.1,1553.14,1.969811048,1.507337589,50
0.942946773,7/4/20,20200704T160519_20200704T160513_T17RNH,605.76,991.08,1423.84,1.443343905,1.268367956,50
0.883404124,7/14/20,20200714T160509_20200714T160512_T17RNH,739.38,1114.46,1649.4,1.321550679,1.230522983,50
0.921494177,7/19/20,20200719T160521_20200719T160516_T17RNH,322.2666667,777.0222222,1479.355556,2.555397026,2.243182101,45
0.980544441,7/24/20,20200724T160519_20200724T160603_T17RNH,311.52,714.7,1121.44,3.153553622,2.40026122,50
0.66620643,7/29/20,20200729T160521_20200729T160546_T17RNH,402.7333333,878.8444444,1292.733333,2.033128281,1.607127551,45
0.765814172,8/8/20,20200808T160521_20200808T160517_T17RNH,388.0930233,1073.395349,1736.255814,2.680268557,1.974287776,43
0.9452543,8/13/20,20200813T160519_20200813T160514_T17RNH,512.14,1056.4,1511.2,1.958181601,1.543491815,50
0.773468139,8/23/20,20200823T160519_20200823T160514_T17RNH,793.4210526,1247.157895,1788.578947,1.567279234,1.370809752,19
0.732051101,8/28/20,20200828T160521_20200828T160516_T17RNH,818,1159.4,1564.075,1.313677761,1.153678556,40
0.335145091,9/2/20,20200902T160519_20200902T160514_T17RNH,737,818.8666667,1065.733333,1.034775423,1.001495805,15
0.12884163,10/7/20,20201007T160521_20201007T160517_T17RNH,481.8421053,773.9473684,1092.526316,1.430337971,1.268590944,19
0.674312173,10/12/20,20201012T160519_20201012T160515_T17RNH,329.25,330.25,682.5,0.925229147,1.258699351,4
0.734535447,10/17/20,20201017T160521_20201017T160517_T17RNH,183.9534884,517.1627907,883.3488372,2.962887045,2.167680551,43
0.742309549,10/27/20,20201027T160521_20201027T160516_T17RNH,270.55,512.2,777.2,1.756226433,1.490308618,20
0.296781772,11/1/20,20201101T160519_20201101T160514_T17RNH,248.5333333,226.4,331.5333333,0.753665501,0.899325801,15
0.878588987,11/16/20,20201116T160511_20201116T160514_T17RNH,95.11363636,297.0681818,558.5,3.748898198,3.543981334,44
0.96465529,11/26/20,20201126T160511_20201126T160512_T17RNH,23.53191489,323.1276596,622.4042553,252.7262532,29.21229906,47
0.961302926,12/1/20,20201201T160509_20201201T160557_T17RNH,336.3333333,755.8125,1116.708333,2.424947007,1.76449281,48
0.862811934,12/11/20,20201211T160509_20201211T160508_T17RNH,394.6410256,966.4615385,1412.282051,2.993758311,2.007261745,39
0.763826865,12/16/20,20201216T160511_20201216T160509_T17RNH,388.5306122,792.0408163,1097,1.894643406,1.457490761,49
0.549681621,12/21/20,20201221T160509_20201221T160507_T17RNH,1116,1614,1955,1.265000928,1.04775743,1
0.912797488,12/26/20,20201226T160511_20201226T160511_T17RNH,839.825,1350.725,1730.825,1.761605813,1.340021901,40
0.536026816,12/31/20,20201231T160509_20201231T160509_T17RNH,700.1818182,1012.727273,1417.090909,1.267800204,1.148720366,22
0.888537366,1/5/21,20210105T160511_20210105T160512_T17RNH,626,1018,1580.230769,1.749498865,1.563418787,39
0.919411693,1/10/21,20210110T160509_20210110T160510_T17RNH,1065.636364,1391.931818,1982.590909,1.225499731,1.175859996,44
0.768084474,1/15/21,20210115T160511_20210115T160512_T17RNH,490.5918367,917.877551,1444.142857,1.924478881,1.633068053,49
0.911701466,1/20/21,20210120T160509_20210120T160511_T17RNH,1247.627907,1573.767442,2115.883721,1.139436911,1.056660569,43
0.634689973,1/30/21,20210130T160509_20210130T160511_T17RNH,907.826087,1244.782609,1711.565217,1.217699168,1.132681908,23
0.948044482,2/4/21,20210204T160511_20210204T160511_T17RNH,808.06,1111.24,1413.06,1.218305118,1.07139782,50
0.545846177,2/9/21,20210209T160509_20210209T160510_T17RNH,768.5135135,1084.459459,1543.864865,1.282429315,1.199822901,37
0.031472464,2/14/21,20210214T160511_20210214T160510_T17RNH,812.3333333,1057.944444,1186.777778,1.143341056,0.937680907,18
0.855366935,2/24/21,20210224T160511_20210224T160511_T17RNH,628.8043478,1123.369565,1637.73913,1.812337615,1.480733232,46
0.872833072,3/1/21,20210301T160509_20210301T160510_T17RNH,1183.86,1552.16,1912.72,1.141580686,1.000442573,50
0.674984761,3/6/21,20210306T160511_20210306T160511_T17RNH,1298.090909,1630.090909,2022.757576,1.095592422,0.993540138,33
0.674311327,3/6/21,20210306T160511_20210306T160616_T17RNH,1305.9375,1613.8125,1994.625,1.069775926,0.973500395,32
0.817247271,3/16/21,20210316T160511_20210316T160511_T17RNH,1220.34,1581.22,1721.34,1.141852429,0.93193777,50
0.782960512,3/21/21,20210321T160509_20210321T160510_T17RNH,953.4571429,1303.114286,1663.657143,1.272511608,1.13016165,35
0.436459683,3/26/21,20210326T160511_20210326T160509_T17RNH,2229.5,2611.727273,2779.590909,1.004230725,0.845648482,22
0.887602935,3/31/21,20210331T160509_20210331T160509_T17RNH,1384.527778,1684.861111,2041.694444,1.157056909,1.021334152,36
0.677487719,4/5/21,20210405T160511_20210405T160507_T17RNH,1135.368421,1479.526316,2102.842105,1.170855308,1.149324093,19
0.027417055,4/10/21,20210410T160509_20210410T160515_T17RNH,1293.454545,1420.727273,1645,0.93396346,0.85172683,11
0.930151527,4/15/21,20210415T160511_20210415T160505_T17RNH,1009.040816,1422.346939,1717.326531,68.26317899,7.259531086,49
0.802678761,4/25/21,20210425T160511_20210425T160508_T17RNH,1214.979592,1442.204082,1617.877551,1.016700747,0.880412896,49
0.848628365,4/30/21,20210430T160509_20210430T160507_T17RNH,837.54,1313.8,1548.7,1.670318384,1.238785127,50
0.742179261,5/5/21,20210505T160511_20210505T160510_T17RNH,1360,1868.027778,2191.944444,1.498104958,1.204736838,36
0.641126936,5/10/21,20210510T160509_20210510T160527_T17RNH,1627.333333,2075.62963,2324.703704,1.135322439,0.939680662,27
0.447424559,5/15/21,20210515T160511_20210515T160511_T17RNH,1462.710526,1733.078947,2209.157895,1.015410073,0.962111741,38
0.339200077,5/25/21,20210525T160511_20210525T160512_T17RNH,1389.105263,1598.052632,1877.315789,1.003061493,0.914692713,19
0.826929154,5/30/21,20210530T160509_20210530T160512_T17RNH,1151.78,1383,1572.54,1.099977865,0.945107248,50
0.678299478,6/9/21,20210609T160509_20210609T160548_T17RNH,1211.723404,1481.595745,1840.382979,1.099123131,0.987094915,47
0.96793955,7/4/21,20210704T160511_20210704T160514_T17RNH,729.8139535,1299.813953,1988.906977,145.66897,18.77658965,43
0.909485309,7/14/21,20210714T160511_20210714T160514_T17RNH,789.6595745,1254.340426,1692.170213,1.523932545,1.294916587,47
0.674944998,7/19/21,20210719T160519_20210719T160513_T17RNH,979.1190476,1333.214286,1598.619048,1.220724733,1.047055885,42
0.37739123,7/24/21,20210724T160521_20210724T160515_T17RNH,766.7142857,911.1071429,1027.321429,1.038852652,0.896295668,28
0.13496768,7/29/21,20210729T160519_20210729T160513_T17RNH,24.07692308,131.1282051,244.1282051,93.9851152,15.22941171,39
0.451313725,8/3/21,20210803T160511_20210803T160514_T17RNH,1045.666667,1383.333333,1736.555556,1.149319989,1.017626369,9
0.103059514,8/8/21,20210808T160509_20210808T160512_T17RNH,449.5,397.875,533.625,0.721774392,0.807217874,8
0.328311766,8/18/21,20210818T160509_20210818T160510_T17RNH,1141.25,1196.125,1502.375,0.994706318,0.946079289,8
0.848619481,8/23/21,20210823T160511_20210823T160513_T17RNH,942.4418605,1290.744186,1540.581395,1.204571498,1.021167396,43
0.754635252,8/28/21,20210828T160509_20210828T160509_T17RNH,1144.26,1490.56,1673.72,1.140625419,0.945943341,50
0.994179787,9/2/21,20210902T160511_20210902T160512_T17RNH,555.18,944.78,1306.42,1.511434946,1.26764123,50
0.989192061,9/7/21,20210907T160509_20210907T160507_T17RNH,390.32,1019.18,1411,2.690958587,1.822688979,50
1,9/17/21,20210917T160509_20210917T160507_T17RNH,347.9,815.72,1129.7,2.19536914,1.58480323,50
0.041258831,9/22/21,20210922T160511_20210922T160514_T17RNH,732.3333333,987.3333333,1344,1.176146339,1.082332481,3
1,9/27/21,20210927T160509_20210927T160542_T17RNH,143.16,549.06,1005.56,4.244109697,2.825200506,50
0.776441062,10/2/21,20211002T160521_20211002T160516_T17RNH,374.8043478,1016.065217,1334.934783,21.39282793,4.147521705,46
0.954405726,10/7/21,20211007T160509_20211007T160512_T17RNH,703.78,1070.56,1312.72,1.35457813,1.123865903,50
0.999366329,10/12/21,20211012T160521_20211012T160517_T17RNH,439.74,842.62,989.26,1.921803729,1.314155593,50
0.759445314,10/17/21,20211017T160509_20211017T160512_T17RNH,266.26,681.28,1069.66,2.375015459,1.820926272,50
0.499177032,10/27/21,20211027T160509_20211027T160512_T17RNH,128.6111111,266.4444444,749.6666667,1.955433469,2.347761491,18
0.996618448,11/6/21,20211106T160509_20211106T160511_T17RNH,289.4,665.24,909.28,2.134761341,1.538634246,50
0.972468309,11/26/21,20211126T160509_20211126T160507_T17RNH,132.12,513.32,783.8,3.875378928,2.346697879,50
0.976456037,12/1/21,20211201T160511_20211201T160511_T17RNH,119.4285714,616.0204082,993.9387755,60.18625712,9.654448241,49
0.766794289,12/11/21,20211211T160511_20211211T160510_T17RNH,399.04,944.12,1240.88,2.829097833,1.792111565,50
0.430357322,12/16/21,20211216T160509_20211216T160505_T17RNH,1856,1584,2116,0.708145501,0.793535234,1
0.258476829,12/26/21,20211226T160509_20211226T160506_T17RNH,397.6923077,585.0769231,903.2307692,2.737947991,1.85986087,13
0.906810609,12/31/21,20211231T160511_20211231T160513_T17RNH,430.14,888.02,1264.92,2.326006543,1.656018126,50
0.884333903,1/5/22,20220105T160509_20220105T160507_T17RNH,262.1020408,623.7142857,1070.734694,2.221155697,1.854308628,49
0.677480951,1/10/22,20220110T160511_20220110T160512_T17RNH,352.3333333,632.8,1028.866667,1.769210669,1.53908771,15
0.963052077,1/15/22,20220115T160509_20220115T160557_T17RNH,363.4,765.94,1169.32,1.926822882,1.562062083,50
0.796721916,1/20/22,20220120T160511_20220120T160605_T17RNH,289.3555556,752.0666667,1244.244444,2.486226917,1.913773447,45
0.852074638,1/25/22,20220125T160509_20220125T160505_T17RNH,1349.217391,1780.23913,2210.347826,1.141920172,0.999366857,46
0.900683772,1/30/22,20220130T160511_20220130T160511_T17RNH,1968.877551,2498.714286,2875.510204,1.143944028,0.952985153,49
0.842971011,2/4/22,20220204T160509_20220204T160505_T17RNH,1939.76,2359.54,2639.78,1.048562711,0.891489789,50
0.92946371,2/14/22,20220214T160509_20220214T160505_T17RNH,2132.54,2562.82,3044,1.067943203,0.939571043,50
0.119768461,2/19/22,20220219T160511_20220219T160513_T17RNH,2383.5,2864,3269,1.030924343,0.891855304,4
0.940374441,2/24/22,20220224T160509_20220224T160506_T17RNH,1909.94,2363.22,2893.28,1.082109965,0.965540178,50
0.970146823,3/1/22,20220301T160521_20220301T160515_T17RNH,1755.92,2273.92,2759.2,1.142013387,0.992058318,50
0.405196186,3/11/22,20220311T160521_20220311T160515_T17RNH,2236.380952,2454.952381,2730.52381,0.934676451,0.829204956,21
0.53720321,3/16/22,20220316T160509_20220316T160552_T17RNH,1122.923077,1272.846154,1464.307692,0.979855586,0.87359863,13
0.959722132,3/21/22,20220321T160511_20220321T160514_T17RNH,1939.74,2447.68,3041.18,1.128597379,1.000929463,50
0.974769914,3/26/22,20220326T160509_20220326T160508_T17RNH,2174.76,2649.3,3289.56,1.117892067,0.998829432,50
0.396935198,3/31/22,20220331T160511_20220331T160513_T17RNH,2579.333333,2613.333333,2774,0.854316912,0.764526501,3
0.522179963,4/5/22,20220405T160509_20220405T160508_T17RNH,2319.814815,2537.703704,2712.518519,0.931062854,0.808610108,27
0.985087159,4/10/22,20220410T160511_20220410T160513_T17RNH,2428.214286,2880.214286,3400.047619,1.15407999,1.001168603,42
0.264113455,4/20/22,20220420T160521_20220420T160516_T17RNH,2376.4,2705.7,3089.4,0.972536499,0.861877142,20
0.538861414,4/25/22,20220425T160509_20220425T160505_T17RNH,2374.195652,2895.804348,3344.717391,1.050683704,0.913528824,46
0.73747876,5/5/22,20220505T160509_20220505T160507_T17RNH,2516.088889,2785.555556,3000.444444,0.977103815,0.838461407,45
0.212034841,5/10/22,20220510T160521_20220510T160515_T17RNH,2639,2834,2977.5,0.909756775,0.786771092,2
0.734572249,5/15/22,20220515T160509_20220515T160510_T17RNH,1307.909091,1979.022727,2183.363636,1.3629836,1.037793853,44
0.80800532,5/25/22,20220525T160509_20220525T160511_T17RNH,1724.222222,2275.416667,2705.388889,1.172938607,1.00970371,36
0.508366529,5/30/22,20220530T160521_20220530T160519_T17RNH,1664.952381,2134.428571,2477.285714,1.102914831,0.938321628,21
0.801714296,6/9/22,20220609T160521_20220609T160520_T17RNH,1601.1,1789.8,2172.4,0.95431125,0.887590959,10
0.868230286,6/19/22,20220619T160521_20220619T160523_T17RNH,1408.58,1453.66,1759.96,0.873389621,0.841178465,50
0.977355782,6/24/22,20220624T160519_20220624T160516_T17RNH,1275,1283.387755,1520.979592,0.849148199,0.81591065,49
0.685866727,6/29/22,20220629T160521_20220629T160524_T17RNH,697.55,1201.725,1620.1,1.555263167,1.261906122,40
0.732650931,7/4/22,20220704T160519_20220704T160516_T17RNH,1431.75,1785.75,2192.107143,1.074523758,0.958203825,28
0.631827455,7/9/22,20220709T160521_20220709T160524_T17RNH,1422.068182,1779.454545,2118.954545,1.073737626,0.939570946,44
0.886000568,7/14/22,20220714T160519_20220714T160515_T17RNH,1316.02,1944.4,2403.42,1.293218599,1.075375972,50
0.052241473,7/19/22,20220719T160521_20220719T160523_T17RNH,1699.333333,2053.333333,2200.666667,1.037403992,0.860816021,6
0.67034898,7/24/22,20220724T160519_20220724T160516_T17RNH,1792.46,2239.08,2640.4,1.071719992,0.93542455,50
0.739307437,7/29/22,20220729T160521_20220729T160521_T17RNH,1826.135135,2333.459459,2821.081081,1.102039383,0.967095948,37
0.985512709,8/18/22,20220818T160521_20220818T160524_T17RNH,1573.56,2050.92,2459.42,1.126962879,0.972548786,50
0.973973383,8/23/22,20220823T160509_20220823T160511_T17RNH,1620.2,2108.72,2465.96,1.124208754,0.955734146,50
0.377828624,8/28/22,20220828T160521_20220828T160524_T17RNH,2158.041667,2491.458333,2774.833333,0.985216396,0.859370053,24
0.667601945,9/2/22,20220902T160509_20220902T160512_T17RNH,1313.305556,1732.944444,2218,1.144786809,1.022831636,36
0.755286267,9/7/22,20220907T160521_20220907T160523_T17RNH,1207.133333,1838.9,2310.366667,1.352120168,1.117755203,30
0.326398063,9/22/22,20220922T160509_20220922T160512_T17RNH,1032.190476,1551.809524,1921.142857,1.320621077,1.088767991,21
0.427892435,10/2/22,20221002T160509_20221002T160510_T17RNH,1889.75,1883.75,2132.416667,0.841857819,0.788996222,12
0.993350685,10/7/22,20221007T160521_20221007T160518_T17RNH,880.6734694,1211.816327,1564.081633,1.202167376,1.05848996,49
0.981933187,10/22/22,20221022T160509_20221022T160510_T17RNH,1038.4375,1480.9375,1906.708333,1.247563191,1.078426897,48
0.52930855,10/27/22,20221027T160511_20221027T160514_T17RNH,1696.647059,2023.411765,2410.705882,1.067830196,0.938732014,17
0.365640399,11/1/22,20221101T160509_20221101T160531_T17RNH,1405.086957,1855.956522,2172.130435,1.157090385,0.973332908,23
0.99251089,11/16/22,20221116T160511_20221116T160538_T17RNH,1058.02,1548.54,1885.16,1.283705258,1.059506961,50
0.544944317,11/26/22,20221126T160511_20221126T160511_T17RNH,1327.352941,1813.647059,2215.764706,1.194218757,1.017764471,17
0.14169356,12/1/22,20221201T160509_20221201T160509_T17RNH,2051.5,2210.5,2730.25,0.917654293,0.877603909,4
0.525884273,12/6/22,20221206T160511_20221206T160512_T17RNH,1468.206897,1963.551724,2320.827586,1.176690008,0.987303994,29
0.862707027,12/11/22,20221211T160509_20221211T160508_T17RNH,1380.645833,1862.770833,2187.9375,1.167469317,0.979375689,48
0.882642704,12/21/22,20221221T160509_20221221T160510_T17RNH,1100.122449,1548.693878,1937.061224,1.227198007,1.048566665,49
0.950289826,12/31/22,20221231T160509_20221231T160510_T17RNH,1343.84,1779.08,2128,1.145429119,0.979297589,50
0.955562239,1/5/23,20230105T160511_20230105T160510_T17RNH,1345.142857,1769.326531,2121.755102,1.137024151,0.976967855,49
0.935002621,1/10/23,20230110T160509_20230110T160507_T17RNH,1491.208333,1987.541667,2476.479167,1.182081605,1.022918549,48
0.932893486,1/15/23,20230115T160511_20230115T160508_T17RNH,2428.08,2772.02,3206.9,1.026620337,0.904375759,50
0.916640546,1/20/23,20230120T160509_20230120T160509_T17RNH,1499.897959,1979.510204,2291.816327,1.144451414,0.957711935,49
0.942687467,1/25/23,20230125T160511_20230125T160508_T17RNH,1521.62,1959.02,2191.46,1.112467428,0.922159822,50
0.460520143,1/30/23,20230130T160509_20230130T160508_T17RNH,1639.75,1829.5,2118.25,0.944119665,0.856381427,4
0.333406514,2/4/23,20230204T160511_20230204T160510_T17RNH,2903,3182.25,3904.125,0.932824391,0.882283403,8
0.294829998,2/9/23,20230209T160509_20230209T160509_T17RNH,2257.5,2578.0625,2988.4375,0.975029953,0.875852195,16
0.887027639,2/14/23,20230214T160511_20230214T160508_T17RNH,2184.702128,2614.957447,3160.510638,1.063181731,0.948613633,47
0.278516567,2/19/23,20230219T160509_20230219T160510_T17RNH,2572.727273,3185.818182,3918,1.067205101,0.956647277,11
0.459758723,2/24/23,20230224T160511_20230224T160509_T17RNH,2066.0625,2642.21875,3291.84375,1.119737762,0.992202071,32
0.886387623,3/1/23,20230301T160509_20230301T160512_T17RNH,1713.571429,2270.755102,2819.55102,1.193063626,1.026873413,49
0.837987515,3/6/23,20230306T160511_20230306T160605_T17RNH,1589.64,2104.54,2457.24,1.153235069,0.967653473,50
0.563734479,3/11/23,20230311T160519_20230311T160515_T17RNH,2099.820513,2502.666667,2774.589744,1.023445449,0.873634409,39
0.981575743,3/16/23,20230316T160511_20230316T160509_T17RNH,1353.92,2038.72,2679.64,1.392687844,1.171623031,50
0.79019739,3/26/23,20230326T160511_20230326T160509_T17RNH,2152.178571,2521.357143,2627.821429,1.00645055,0.832471545,28
0.280456497,3/31/23,20230331T160519_20230331T160514_T17RNH,1499.461538,1569.076923,1776.153846,0.890070543,0.815310444,13
0.906690897,4/15/23,20230415T160511_20230415T160509_T17RNH,1736.354167,2125.166667,2406.5,1.066223172,0.910544414,48
0.967862985,4/20/23,20230420T160519_20230420T160611_T17RNH,1599,2087.387755,2435.55102,1.130458201,0.960033807,49
0.956036858,5/10/23,20230510T160519_20230510T160513_T17RNH,1723.7,2190.08,2501.34,1.098657551,0.932560167,50
0.24139098,5/20/23,20230520T160519_20230520T160514_T17RNH,2159.25,2349.25,2605.25,0.930660492,0.82588509,4
0.942571139,6/4/23,20230604T160511_20230604T160513_T17RNH,1518.02,1938.4,2204.66,1.105891684,0.928828337,50
0.993276658,6/9/23,20230609T160519_20230609T160514_T17RNH,1532.94,1754.06,1940.18,0.976338568,0.848643338,50
0.095334058,6/14/23,20230614T160511_20230614T160513_T17RNH,1420.6875,1525.4375,1850,0.90607789,0.858704594,16
0.988770742,6/19/23,20230619T160519_20230619T160513_T17RNH,1558.081633,1835.693878,2175.306122,1.009384468,0.904455378,49
0.422967314,6/24/23,20230624T160511_20230624T160512_T17RNH,1344.289474,1673.605263,1982.973684,1.072034116,0.93658778,38
0.989157374,7/4/23,20230704T160511_20230704T160514_T17RNH,1306.86,1808.68,2264.1,1.206596281,1.040180678,50
0.881339829,7/9/23,20230709T160519_20230709T160514_T17RNH,1283.98,1777.4,2181,1.203748918,1.024609261,50
0.992311769,7/14/23,20230714T160511_20230714T160514_T17RNH,1268.68,1825.96,2247.42,1.258631923,1.053920774,50
0.932811422,7/24/23,20230724T160511_20230724T160514_T17RNH,1525.520833,2111.75,2507.395833,1.205798008,1.005189725,48
0.87333434,8/8/23,20230808T160519_20230808T160514_T17RNH,1601.333333,1929.555556,2267.533333,1.041027561,0.914859876,45
0.771766364,8/13/23,20230813T160511_20230813T160514_T17RNH,1831.38,2174.96,2543.54,1.01766399,0.90119929,50
0.564898183,8/23/23,20230823T160521_20230823T160515_T17RNH,1455.7,1635.366667,2080.233333,0.958533122,0.915149472,30
0.993043579,8/28/23,20230828T160519_20230828T160514_T17RNH,1282.22,1630.02,1820.4,1.097424489,0.914599766,50
0.340502529,9/2/23,20230902T160511_20230902T160514_T17RNH,1919,1981,2272.5,0.872607308,0.81227074,2
0.491617819,9/7/23,20230907T160519_20230907T160513_T17RNH,1523.5,1518,1774.1,0.840886469,0.805651057,10
0.999541456,9/12/23,20230912T160511_20230912T160514_T17RNH,899.9,1414.1,1869.54,1.392392347,1.171472148,50
0.916040716,9/17/23,20230917T160509_20230917T160512_T17RNH,1556.94,1728.12,2088.3,0.94558994,0.881211008,50
0.86886861,9/22/23,20230922T160511_20230922T160511_T17RNH,1396.454545,1637.681818,2084.909091,1.007883629,0.94671021,44
0.633526692,10/7/23,20231007T160509_20231007T160510_T17RNH,1184.285714,1510.628571,1715.942857,1.101789392,0.926292475,35
0.998166246,10/17/23,20231017T160509_20231017T160540_T17RNH,1166.52,1629.74,2132,1.221120707,1.078169236,50
0.380395033,10/27/23,20231027T160509_20231027T160510_T17RNH,1208.56,1465.28,1763.08,1.042642147,0.929027526,25
1,11/1/23,20231101T160511_20231101T160508_T17RNH,1089.54,1502.92,1852.48,1.200105301,1.026404373,50
0.954473408,11/11/23,20231111T160511_20231111T160508_T17RNH,1436,1793.488372,2186.116279,1.111524183,0.977224711,43
0.359985584,11/21/23,20231121T160511_20231121T160506_T17RNH,1440.764706,1851.147059,2143.617647,1.125393869,0.948223951,34
0.948168848,11/26/23,20231126T160509_20231126T160545_T17RNH,1130.6,1284.844444,1556.844444,0.965188772,0.893850843,45
0.442349269,12/1/23,20231201T160501_20231201T160501_T17RNH,1050.738095,1540.904762,1857.52381,1.291590189,1.056449033,42
0.795773102,12/11/23,20231211T160501_20231211T160504_T17RNH,1106.571429,1363.107143,1546.5,1.060056796,0.904661849,28
0.898144376,12/26/23,20231226T160509_20231226T160510_T17RNH,1230.795918,1507.183673,1796.591837,1.051609185,0.928941916,49
0.977062635,12/31/23,20231231T160511_20231231T160506_T17RNH,1011.469388,1511.918367,1871.469388,1.31578764,1.083645355,49
0.023453439,1/5/24,20240105T160509_20240105T160509_T17RNH,2132,2216,2305,0.879606411,0.76674385,1
0.564404529,1/20/24,20240120T160501_20240120T160501_T17RNH,1364.822222,1651.355556,1937.733333,1.074341468,0.933110584,45
0.931400679,1/30/24,20240130T160511_20240130T160505_T17RNH,2087.081633,2400.020408,3031.897959,1.030626423,0.969901549,49
0.820391091,2/9/24,20240209T160511_20240209T160505_T17RNH,1895.369565,2270.652174,2667.434783,1.029272203,0.909764971,46
0.990077001,2/14/24,20240214T160509_20240214T160510_T17RNH,1313.04,1785.72,2292.74,1.18936505,1.048048982,50
0.529220987,2/29/24,20240229T160511_20240229T160509_T17RNH,2014.190476,2463.52381,3003,1.054269679,0.944817549,21
0.789044684,3/10/24,20240310T160511_20240310T160510_T17RNH,1852.6875,2176.958333,2653.083333,1.005144514,0.918800429,48
0.847864406,3/15/24,20240315T160509_20240315T160507_T17RNH,1547.416667,2032.6875,2598.604167,1.142631303,1.020510482,48
0.429480842,3/20/24,20240320T160511_20240320T160510_T17RNH,2291.181818,2793.818182,3555.818182,1.049314968,0.971358185,11
0.464358971,3/25/24,20240325T160509_20240325T160509_T17RNH,1580.354839,1759.709677,2040.225806,0.952250792,0.863452419,31
0.809392374,3/30/24,20240330T160511_20240330T160556_T17RNH,1513.090909,1891.568182,2312.022727,1.076873312,0.956272204,44